sample_id,smell_type,annotator_id,label
1,nested_view,A1,0
1,mutable_view,A1,0
1,blocking_view,A1,0
1,nested_view,A2,0
1,mutable_view,A2,0
1,blocking_view,A2,0
1,nested_view,A3,0
1,mutable_view,A3,0
1,blocking_view,A3,0
1,nested_view,A4,0
1,mutable_view,A4,0
1,blocking_view,A4,0
1,nested_view,A5,0
1,mutable_view,A5,0
1,blocking_view,A5,0
1,nested_view,A6,0
1,mutable_view,A6,0
1,blocking_view,A6,0
2,nested_view,A1,0
2,mutable_view,A1,0
2,blocking_view,A1,0
2,nested_view,A2,0
2,mutable_view,A2,0
2,blocking_view,A2,0
2,nested_view,A3,0
2,mutable_view,A3,1
2,blocking_view,A3,0
2,nested_view,A4,0
2,mutable_view,A4,1
2,blocking_view,A4,0
2,nested_view,A5,0
2,mutable_view,A5,0
2,blocking_view,A5,0
2,nested_view,A6,0
2,mutable_view,A6,1
2,blocking_view,A6,0
3,nested_view,A1,1
3,mutable_view,A1,1
3,blocking_view,A1,1
3,nested_view,A2,1
3,mutable_view,A2,0
3,blocking_view,A2,0
3,nested_view,A3,1
3,mutable_view,A3,1
3,blocking_view,A3,0
3,nested_view,A4,0
3,mutable_view,A4,1
3,blocking_view,A4,0
3,nested_view,A5,1
3,mutable_view,A5,1
3,blocking_view,A5,1
3,nested_view,A6,1
3,mutable_view,A6,1
3,blocking_view,A6,0
4,nested_view,A1,0
4,mutable_view,A1,1
4,blocking_view,A1,1
4,nested_view,A2,0
4,mutable_view,A2,0
4,blocking_view,A2,0
4,nested_view,A3,0
4,mutable_view,A3,1
4,blocking_view,A3,0
4,nested_view,A4,0
4,mutable_view,A4,1
4,blocking_view,A4,0
4,nested_view,A5,0
4,mutable_view,A5,0
4,blocking_view,A5,0
4,nested_view,A6,0
4,mutable_view,A6,0
4,blocking_view,A6,0
5,nested_view,A1,0
5,mutable_view,A1,0
5,blocking_view,A1,1
5,nested_view,A2,0
5,mutable_view,A2,0
5,blocking_view,A2,0
5,nested_view,A3,0
5,mutable_view,A3,0
5,blocking_view,A3,0
5,nested_view,A4,0
5,mutable_view,A4,0
5,blocking_view,A4,0
5,nested_view,A5,0
5,mutable_view,A5,0
5,blocking_view,A5,0
5,nested_view,A6,0
5,mutable_view,A6,0
5,blocking_view,A6,0
6,nested_view,A1,0
6,mutable_view,A1,1
6,blocking_view,A1,1
6,nested_view,A2,0
6,mutable_view,A2,0
6,blocking_view,A2,0
6,nested_view,A3,0
6,mutable_view,A3,1
6,blocking_view,A3,0
6,nested_view,A4,0
6,mutable_view,A4,1
6,blocking_view,A4,0
6,nested_view,A5,0
6,mutable_view,A5,0
6,blocking_view,A5,0
6,nested_view,A6,0
6,mutable_view,A6,1
6,blocking_view,A6,0
7,nested_view,A1,0
7,mutable_view,A1,0
7,blocking_view,A1,1
7,nested_view,A2,0
7,mutable_view,A2,0
7,blocking_view,A2,0
7,nested_view,A3,0
7,mutable_view,A3,0
7,blocking_view,A3,1
7,nested_view,A4,0
7,mutable_view,A4,0
7,blocking_view,A4,0
7,nested_view,A5,0
7,mutable_view,A5,0
7,blocking_view,A5,1
7,nested_view,A6,0
7,mutable_view,A6,1
7,blocking_view,A6,0
8,nested_view,A1,0
8,mutable_view,A1,1
8,blocking_view,A1,1
8,nested_view,A2,0
8,mutable_view,A2,0
8,blocking_view,A2,0
8,nested_view,A3,0
8,mutable_view,A3,1
8,blocking_view,A3,0
8,nested_view,A4,0
8,mutable_view,A4,1
8,blocking_view,A4,0
8,nested_view,A5,0
8,mutable_view,A5,0
8,blocking_view,A5,1
8,nested_view,A6,0
8,mutable_view,A6,1
8,blocking_view,A6,0
9,nested_view,A1,1
9,mutable_view,A1,1
9,blocking_view,A1,1
9,nested_view,A2,1
9,mutable_view,A2,0
9,blocking_view,A2,0
9,nested_view,A3,1
9,mutable_view,A3,0
9,blocking_view,A3,0
9,nested_view,A4,0
9,mutable_view,A4,1
9,blocking_view,A4,0
9,nested_view,A5,1
9,mutable_view,A5,1
9,blocking_view,A5,1
9,nested_view,A6,1
9,mutable_view,A6,1
9,blocking_view,A6,0
10,nested_view,A1,0
10,mutable_view,A1,0
10,blocking_view,A1,0
10,nested_view,A2,0
10,mutable_view,A2,0
10,blocking_view,A2,0
10,nested_view,A3,0
10,mutable_view,A3,1
10,blocking_view,A3,0
10,nested_view,A4,0
10,mutable_view,A4,1
10,blocking_view,A4,0
10,nested_view,A5,0
10,mutable_view,A5,0
10,blocking_view,A5,0
10,nested_view,A6,0
10,mutable_view,A6,0
10,blocking_view,A6,0
11,nested_view,A1,1
11,mutable_view,A1,1
11,blocking_view,A1,1
11,nested_view,A2,1
11,mutable_view,A2,1
11,blocking_view,A2,1
11,nested_view,A3,1
11,mutable_view,A3,1
11,blocking_view,A3,0
11,nested_view,A4,0
11,mutable_view,A4,1
11,blocking_view,A4,0
11,nested_view,A5,1
11,mutable_view,A5,1
11,blocking_view,A5,1
11,nested_view,A6,1
11,mutable_view,A6,1
11,blocking_view,A6,1
12,nested_view,A1,0
12,mutable_view,A1,0
12,blocking_view,A1,0
12,nested_view,A2,0
12,mutable_view,A2,0
12,blocking_view,A2,0
12,nested_view,A3,0
12,mutable_view,A3,1
12,blocking_view,A3,0
12,nested_view,A4,0
12,mutable_view,A4,0
12,blocking_view,A4,0
12,nested_view,A5,0
12,mutable_view,A5,0
12,blocking_view,A5,0
12,nested_view,A6,0
12,mutable_view,A6,1
12,blocking_view,A6,1
13,nested_view,A1,0
13,mutable_view,A1,1
13,blocking_view,A1,1
13,nested_view,A2,0
13,mutable_view,A2,1
13,blocking_view,A2,1
13,nested_view,A3,0
13,mutable_view,A3,1
13,blocking_view,A3,0
13,nested_view,A4,0
13,mutable_view,A4,1
13,blocking_view,A4,0
13,nested_view,A5,0
13,mutable_view,A5,1
13,blocking_view,A5,1
13,nested_view,A6,0
13,mutable_view,A6,1
13,blocking_view,A6,1
14,nested_view,A1,1
14,mutable_view,A1,1
14,blocking_view,A1,1
14,nested_view,A2,1
14,mutable_view,A2,1
14,blocking_view,A2,1
14,nested_view,A3,1
14,mutable_view,A3,1
14,blocking_view,A3,0
14,nested_view,A4,1
14,mutable_view,A4,1
14,blocking_view,A4,0
14,nested_view,A5,1
14,mutable_view,A5,1
14,blocking_view,A5,1
14,nested_view,A6,0
14,mutable_view,A6,1
14,blocking_view,A6,0
15,nested_view,A1,1
15,mutable_view,A1,1
15,blocking_view,A1,1
15,nested_view,A2,1
15,mutable_view,A2,0
15,blocking_view,A2,0
15,nested_view,A3,1
15,mutable_view,A3,0
15,blocking_view,A3,0
15,nested_view,A4,1
15,mutable_view,A4,1
15,blocking_view,A4,0
15,nested_view,A5,1
15,mutable_view,A5,0
15,blocking_view,A5,1
15,nested_view,A6,1
15,mutable_view,A6,1
15,blocking_view,A6,1
16,nested_view,A1,0
16,mutable_view,A1,0
16,blocking_view,A1,0
16,nested_view,A2,0
16,mutable_view,A2,0
16,blocking_view,A2,0
16,nested_view,A3,0
16,mutable_view,A3,0
16,blocking_view,A3,0
16,nested_view,A4,0
16,mutable_view,A4,1
16,blocking_view,A4,0
16,nested_view,A5,0
16,mutable_view,A5,0
16,blocking_view,A5,0
16,nested_view,A6,0
16,mutable_view,A6,0
16,blocking_view,A6,0
17,nested_view,A1,1
17,mutable_view,A1,1
17,blocking_view,A1,1
17,nested_view,A2,1
17,mutable_view,A2,1
17,blocking_view,A2,1
17,nested_view,A3,1
17,mutable_view,A3,1
17,blocking_view,A3,0
17,nested_view,A4,0
17,mutable_view,A4,1
17,blocking_view,A4,0
17,nested_view,A5,1
17,mutable_view,A5,1
17,blocking_view,A5,1
17,nested_view,A6,1
17,mutable_view,A6,1
17,blocking_view,A6,1
18,nested_view,A1,0
18,mutable_view,A1,0
18,blocking_view,A1,0
18,nested_view,A2,0
18,mutable_view,A2,0
18,blocking_view,A2,0
18,nested_view,A3,0
18,mutable_view,A3,1
18,blocking_view,A3,0
18,nested_view,A4,0
18,mutable_view,A4,0
18,blocking_view,A4,0
18,nested_view,A5,0
18,mutable_view,A5,0
18,blocking_view,A5,0
18,nested_view,A6,0
18,mutable_view,A6,1
18,blocking_view,A6,1
19,nested_view,A1,0
19,mutable_view,A1,1
19,blocking_view,A1,1
19,nested_view,A2,0
19,mutable_view,A2,1
19,blocking_view,A2,1
19,nested_view,A3,0
19,mutable_view,A3,1
19,blocking_view,A3,0
19,nested_view,A4,0
19,mutable_view,A4,1
19,blocking_view,A4,0
19,nested_view,A5,0
19,mutable_view,A5,1
19,blocking_view,A5,1
19,nested_view,A6,0
19,mutable_view,A6,1
19,blocking_view,A6,1
20,nested_view,A1,0
20,mutable_view,A1,0
20,blocking_view,A1,0
20,nested_view,A2,0
20,mutable_view,A2,0
20,blocking_view,A2,0
20,nested_view,A3,0
20,mutable_view,A3,0
20,blocking_view,A3,0
20,nested_view,A4,0
20,mutable_view,A4,0
20,blocking_view,A4,0
20,nested_view,A5,0
20,mutable_view,A5,0
20,blocking_view,A5,1
20,nested_view,A6,0
20,mutable_view,A6,0
20,blocking_view,A6,0
21,nested_view,A1,1
21,mutable_view,A1,1
21,blocking_view,A1,1
21,nested_view,A2,1
21,mutable_view,A2,0
21,blocking_view,A2,0
21,nested_view,A3,1
21,mutable_view,A3,1
21,blocking_view,A3,0
21,nested_view,A4,1
21,mutable_view,A4,1
21,blocking_view,A4,0
21,nested_view,A5,1
21,mutable_view,A5,1
21,blocking_view,A5,1
21,nested_view,A6,0
21,mutable_view,A6,1
21,blocking_view,A6,0
22,nested_view,A1,1
22,mutable_view,A1,1
22,blocking_view,A1,1
22,nested_view,A2,1
22,mutable_view,A2,0
22,blocking_view,A2,0
22,nested_view,A3,1
22,mutable_view,A3,0
22,blocking_view,A3,0
22,nested_view,A4,1
22,mutable_view,A4,1
22,blocking_view,A4,0
22,nested_view,A5,1
22,mutable_view,A5,0
22,blocking_view,A5,1
22,nested_view,A6,1
22,mutable_view,A6,1
22,blocking_view,A6,1
23,nested_view,A1,0
23,mutable_view,A1,0
23,blocking_view,A1,0
23,nested_view,A2,0
23,mutable_view,A2,0
23,blocking_view,A2,0
23,nested_view,A3,0
23,mutable_view,A3,0
23,blocking_view,A3,0
23,nested_view,A4,0
23,mutable_view,A4,1
23,blocking_view,A4,0
23,nested_view,A5,0
23,mutable_view,A5,0
23,blocking_view,A5,0
23,nested_view,A6,0
23,mutable_view,A6,0
23,blocking_view,A6,0
24,nested_view,A1,1
24,mutable_view,A1,0
24,blocking_view,A1,1
24,nested_view,A2,1
24,mutable_view,A2,1
24,blocking_view,A2,1
24,nested_view,A3,1
24,mutable_view,A3,0
24,blocking_view,A3,0
24,nested_view,A4,1
24,mutable_view,A4,1
24,blocking_view,A4,0
24,nested_view,A5,1
24,mutable_view,A5,0
24,blocking_view,A5,1
24,nested_view,A6,1
24,mutable_view,A6,0
24,blocking_view,A6,0
25,nested_view,A1,1
25,mutable_view,A1,1
25,blocking_view,A1,1
25,nested_view,A2,1
25,mutable_view,A2,1
25,blocking_view,A2,1
25,nested_view,A3,1
25,mutable_view,A3,0
25,blocking_view,A3,0
25,nested_view,A4,1
25,mutable_view,A4,1
25,blocking_view,A4,0
25,nested_view,A5,0
25,mutable_view,A5,0
25,blocking_view,A5,1
25,nested_view,A6,0
25,mutable_view,A6,0
25,blocking_view,A6,0
26,nested_view,A1,1
26,mutable_view,A1,0
26,blocking_view,A1,1
26,nested_view,A2,1
26,mutable_view,A2,0
26,blocking_view,A2,0
26,nested_view,A3,1
26,mutable_view,A3,0
26,blocking_view,A3,0
26,nested_view,A4,1
26,mutable_view,A4,1
26,blocking_view,A4,0
26,nested_view,A5,1
26,mutable_view,A5,0
26,blocking_view,A5,1
26,nested_view,A6,1
26,mutable_view,A6,0
26,blocking_view,A6,0
27,nested_view,A1,0
27,mutable_view,A1,0
27,blocking_view,A1,0
27,nested_view,A2,0
27,mutable_view,A2,0
27,blocking_view,A2,0
27,nested_view,A3,0
27,mutable_view,A3,0
27,blocking_view,A3,0
27,nested_view,A4,0
27,mutable_view,A4,1
27,blocking_view,A4,0
27,nested_view,A5,0
27,mutable_view,A5,0
27,blocking_view,A5,0
27,nested_view,A6,0
27,mutable_view,A6,0
27,blocking_view,A6,0
28,nested_view,A1,1
28,mutable_view,A1,0
28,blocking_view,A1,1
28,nested_view,A2,0
28,mutable_view,A2,0
28,blocking_view,A2,0
28,nested_view,A3,1
28,mutable_view,A3,0
28,blocking_view,A3,0
28,nested_view,A4,1
28,mutable_view,A4,1
28,blocking_view,A4,0
28,nested_view,A5,1
28,mutable_view,A5,0
28,blocking_view,A5,1
28,nested_view,A6,1
28,mutable_view,A6,0
28,blocking_view,A6,1
29,nested_view,A1,0
29,mutable_view,A1,0
29,blocking_view,A1,1
29,nested_view,A2,0
29,mutable_view,A2,0
29,blocking_view,A2,0
29,nested_view,A3,1
29,mutable_view,A3,0
29,blocking_view,A3,0
29,nested_view,A4,0
29,mutable_view,A4,1
29,blocking_view,A4,0
29,nested_view,A5,0
29,mutable_view,A5,0
29,blocking_view,A5,1
29,nested_view,A6,0
29,mutable_view,A6,0
29,blocking_view,A6,0
30,nested_view,A1,1
30,mutable_view,A1,0
30,blocking_view,A1,0
30,nested_view,A2,1
30,mutable_view,A2,0
30,blocking_view,A2,0
30,nested_view,A3,1
30,mutable_view,A3,0
30,blocking_view,A3,0
30,nested_view,A4,1
30,mutable_view,A4,0
30,blocking_view,A4,0
30,nested_view,A5,0
30,mutable_view,A5,0
30,blocking_view,A5,0
30,nested_view,A6,1
30,mutable_view,A6,0
30,blocking_view,A6,1
31,nested_view,A1,0
31,mutable_view,A1,0
31,blocking_view,A1,0
31,nested_view,A2,0
31,mutable_view,A2,0
31,blocking_view,A2,0
31,nested_view,A3,1
31,mutable_view,A3,0
31,blocking_view,A3,0
31,nested_view,A4,1
31,mutable_view,A4,0
31,blocking_view,A4,0
31,nested_view,A5,0
31,mutable_view,A5,0
31,blocking_view,A5,0
31,nested_view,A6,0
31,mutable_view,A6,0
31,blocking_view,A6,0
32,nested_view,A1,0
32,mutable_view,A1,0
32,blocking_view,A1,0
32,nested_view,A2,0
32,mutable_view,A2,0
32,blocking_view,A2,0
32,nested_view,A3,1
32,mutable_view,A3,0
32,blocking_view,A3,0
32,nested_view,A4,1
32,mutable_view,A4,0
32,blocking_view,A4,0
32,nested_view,A5,0
32,mutable_view,A5,0
32,blocking_view,A5,0
32,nested_view,A6,0
32,mutable_view,A6,0
32,blocking_view,A6,0
33,nested_view,A1,0
33,mutable_view,A1,1
33,blocking_view,A1,0
33,nested_view,A2,0
33,mutable_view,A2,0
33,blocking_view,A2,0
33,nested_view,A3,0
33,mutable_view,A3,0
33,blocking_view,A3,1
33,nested_view,A4,0
33,mutable_view,A4,1
33,blocking_view,A4,0
33,nested_view,A5,0
33,mutable_view,A5,0
33,blocking_view,A5,0
33,nested_view,A6,0
33,mutable_view,A6,0
33,blocking_view,A6,0
34,nested_view,A1,0
34,mutable_view,A1,1
34,blocking_view,A1,1
34,nested_view,A2,0
34,mutable_view,A2,0
34,blocking_view,A2,0
34,nested_view,A3,0
34,mutable_view,A3,0
34,blocking_view,A3,1
34,nested_view,A4,0
34,mutable_view,A4,1
34,blocking_view,A4,0
34,nested_view,A5,0
34,mutable_view,A5,0
34,blocking_view,A5,0
34,nested_view,A6,0
34,mutable_view,A6,0
34,blocking_view,A6,0
35,nested_view,A1,0
35,mutable_view,A1,1
35,blocking_view,A1,0
35,nested_view,A2,0
35,mutable_view,A2,0
35,blocking_view,A2,0
35,nested_view,A3,0
35,mutable_view,A3,0
35,blocking_view,A3,1
35,nested_view,A4,0
35,mutable_view,A4,1
35,blocking_view,A4,0
35,nested_view,A5,0
35,mutable_view,A5,0
35,blocking_view,A5,0
35,nested_view,A6,0
35,mutable_view,A6,0
35,blocking_view,A6,0
36,nested_view,A1,0
36,mutable_view,A1,1
36,blocking_view,A1,1
36,nested_view,A2,0
36,mutable_view,A2,0
36,blocking_view,A2,0
36,nested_view,A3,0
36,mutable_view,A3,0
36,blocking_view,A3,1
36,nested_view,A4,0
36,mutable_view,A4,1
36,blocking_view,A4,0
36,nested_view,A5,0
36,mutable_view,A5,0
36,blocking_view,A5,0
36,nested_view,A6,0
36,mutable_view,A6,0
36,blocking_view,A6,0
37,nested_view,A1,0
37,mutable_view,A1,0
37,blocking_view,A1,0
37,nested_view,A2,0
37,mutable_view,A2,0
37,blocking_view,A2,0
37,nested_view,A3,0
37,mutable_view,A3,0
37,blocking_view,A3,1
37,nested_view,A4,0
37,mutable_view,A4,0
37,blocking_view,A4,0
37,nested_view,A5,0
37,mutable_view,A5,0
37,blocking_view,A5,0
37,nested_view,A6,0
37,mutable_view,A6,0
37,blocking_view,A6,0
38,nested_view,A1,0
38,mutable_view,A1,1
38,blocking_view,A1,1
38,nested_view,A2,0
38,mutable_view,A2,0
38,blocking_view,A2,0
38,nested_view,A3,0
38,mutable_view,A3,0
38,blocking_view,A3,1
38,nested_view,A4,0
38,mutable_view,A4,1
38,blocking_view,A4,0
38,nested_view,A5,0
38,mutable_view,A5,0
38,blocking_view,A5,0
38,nested_view,A6,0
38,mutable_view,A6,0
38,blocking_view,A6,0
39,nested_view,A1,0
39,mutable_view,A1,1
39,blocking_view,A1,1
39,nested_view,A2,0
39,mutable_view,A2,0
39,blocking_view,A2,0
39,nested_view,A3,0
39,mutable_view,A3,0
39,blocking_view,A3,1
39,nested_view,A4,0
39,mutable_view,A4,1
39,blocking_view,A4,1
39,nested_view,A5,0
39,mutable_view,A5,0
39,blocking_view,A5,0
39,nested_view,A6,0
39,mutable_view,A6,0
39,blocking_view,A6,0
40,nested_view,A1,0
40,mutable_view,A1,1
40,blocking_view,A1,1
40,nested_view,A2,0
40,mutable_view,A2,0
40,blocking_view,A2,0
40,nested_view,A3,0
40,mutable_view,A3,0
40,blocking_view,A3,1
40,nested_view,A4,0
40,mutable_view,A4,1
40,blocking_view,A4,0
40,nested_view,A5,0
40,mutable_view,A5,0
40,blocking_view,A5,0
40,nested_view,A6,0
40,mutable_view,A6,0
40,blocking_view,A6,0
41,nested_view,A1,0
41,mutable_view,A1,1
41,blocking_view,A1,1
41,nested_view,A2,0
41,mutable_view,A2,0
41,blocking_view,A2,0
41,nested_view,A3,0
41,mutable_view,A3,0
41,blocking_view,A3,1
41,nested_view,A4,0
41,mutable_view,A4,1
41,blocking_view,A4,0
41,nested_view,A5,0
41,mutable_view,A5,0
41,blocking_view,A5,0
41,nested_view,A6,0
41,mutable_view,A6,0
41,blocking_view,A6,0
42,nested_view,A1,0
42,mutable_view,A1,1
42,blocking_view,A1,1
42,nested_view,A2,0
42,mutable_view,A2,0
42,blocking_view,A2,0
42,nested_view,A3,0
42,mutable_view,A3,0
42,blocking_view,A3,1
42,nested_view,A4,0
42,mutable_view,A4,1
42,blocking_view,A4,0
42,nested_view,A5,0
42,mutable_view,A5,0
42,blocking_view,A5,0
42,nested_view,A6,0
42,mutable_view,A6,0
42,blocking_view,A6,0
43,nested_view,A1,0
43,mutable_view,A1,1
43,blocking_view,A1,1
43,nested_view,A2,0
43,mutable_view,A2,0
43,blocking_view,A2,0
43,nested_view,A3,0
43,mutable_view,A3,0
43,blocking_view,A3,1
43,nested_view,A4,0
43,mutable_view,A4,1
43,blocking_view,A4,0
43,nested_view,A5,0
43,mutable_view,A5,0
43,blocking_view,A5,0
43,nested_view,A6,0
43,mutable_view,A6,0
43,blocking_view,A6,0
44,nested_view,A1,0
44,mutable_view,A1,0
44,blocking_view,A1,1
44,nested_view,A2,0
44,mutable_view,A2,0
44,blocking_view,A2,0
44,nested_view,A3,0
44,mutable_view,A3,0
44,blocking_view,A3,0
44,nested_view,A4,0
44,mutable_view,A4,0
44,blocking_view,A4,0
44,nested_view,A5,0
44,mutable_view,A5,0
44,blocking_view,A5,1
44,nested_view,A6,0
44,mutable_view,A6,0
44,blocking_view,A6,1
45,nested_view,A1,1
45,mutable_view,A1,0
45,blocking_view,A1,1
45,nested_view,A2,1
45,mutable_view,A2,1
45,blocking_view,A2,0
45,nested_view,A3,0
45,mutable_view,A3,0
45,blocking_view,A3,0
45,nested_view,A4,1
45,mutable_view,A4,1
45,blocking_view,A4,0
45,nested_view,A5,1
45,mutable_view,A5,0
45,blocking_view,A5,1
45,nested_view,A6,0
45,mutable_view,A6,0
45,blocking_view,A6,1
46,nested_view,A1,1
46,mutable_view,A1,0
46,blocking_view,A1,1
46,nested_view,A2,1
46,mutable_view,A2,1
46,blocking_view,A2,0
46,nested_view,A3,1
46,mutable_view,A3,0
46,blocking_view,A3,0
46,nested_view,A4,1
46,mutable_view,A4,1
46,blocking_view,A4,0
46,nested_view,A5,1
46,mutable_view,A5,0
46,blocking_view,A5,1
46,nested_view,A6,0
46,mutable_view,A6,0
46,blocking_view,A6,1
47,nested_view,A1,1
47,mutable_view,A1,0
47,blocking_view,A1,0
47,nested_view,A2,0
47,mutable_view,A2,1
47,blocking_view,A2,0
47,nested_view,A3,0
47,mutable_view,A3,0
47,blocking_view,A3,0
47,nested_view,A4,1
47,mutable_view,A4,1
47,blocking_view,A4,0
47,nested_view,A5,0
47,mutable_view,A5,0
47,blocking_view,A5,0
47,nested_view,A6,0
47,mutable_view,A6,0
47,blocking_view,A6,0
48,nested_view,A1,1
48,mutable_view,A1,0
48,blocking_view,A1,0
48,nested_view,A2,0
48,mutable_view,A2,1
48,blocking_view,A2,0
48,nested_view,A3,0
48,mutable_view,A3,0
48,blocking_view,A3,0
48,nested_view,A4,1
48,mutable_view,A4,1
48,blocking_view,A4,0
48,nested_view,A5,0
48,mutable_view,A5,0
48,blocking_view,A5,0
48,nested_view,A6,0
48,mutable_view,A6,0
48,blocking_view,A6,0
49,nested_view,A1,0
49,mutable_view,A1,0
49,blocking_view,A1,0
49,nested_view,A2,0
49,mutable_view,A2,0
49,blocking_view,A2,0
49,nested_view,A3,0
49,mutable_view,A3,0
49,blocking_view,A3,0
49,nested_view,A4,0
49,mutable_view,A4,1
49,blocking_view,A4,0
49,nested_view,A5,0
49,mutable_view,A5,0
49,blocking_view,A5,0
49,nested_view,A6,0
49,mutable_view,A6,0
49,blocking_view,A6,0
50,nested_view,A1,1
50,mutable_view,A1,1
50,blocking_view,A1,1
50,nested_view,A2,1
50,mutable_view,A2,0
50,blocking_view,A2,0
50,nested_view,A3,0
50,mutable_view,A3,0
50,blocking_view,A3,0
50,nested_view,A4,1
50,mutable_view,A4,1
50,blocking_view,A4,0
50,nested_view,A5,1
50,mutable_view,A5,1
50,blocking_view,A5,1
50,nested_view,A6,1
50,mutable_view,A6,0
50,blocking_view,A6,1
51,nested_view,A1,0
51,mutable_view,A1,1
51,blocking_view,A1,1
51,nested_view,A2,0
51,mutable_view,A2,0
51,blocking_view,A2,0
51,nested_view,A3,0
51,mutable_view,A3,0
51,blocking_view,A3,0
51,nested_view,A4,0
51,mutable_view,A4,0
51,blocking_view,A4,0
51,nested_view,A5,0
51,mutable_view,A5,1
51,blocking_view,A5,1
51,nested_view,A6,0
51,mutable_view,A6,0
51,blocking_view,A6,1
52,nested_view,A1,0
52,mutable_view,A1,1
52,blocking_view,A1,1
52,nested_view,A2,0
52,mutable_view,A2,0
52,blocking_view,A2,0
52,nested_view,A3,0
52,mutable_view,A3,0
52,blocking_view,A3,0
52,nested_view,A4,0
52,mutable_view,A4,1
52,blocking_view,A4,0
52,nested_view,A5,0
52,mutable_view,A5,1
52,blocking_view,A5,1
52,nested_view,A6,0
52,mutable_view,A6,0
52,blocking_view,A6,1
53,nested_view,A1,0
53,mutable_view,A1,0
53,blocking_view,A1,1
53,nested_view,A2,0
53,mutable_view,A2,0
53,blocking_view,A2,0
53,nested_view,A3,0
53,mutable_view,A3,0
53,blocking_view,A3,0
53,nested_view,A4,0
53,mutable_view,A4,0
53,blocking_view,A4,0
53,nested_view,A5,0
53,mutable_view,A5,0
53,blocking_view,A5,1
53,nested_view,A6,0
53,mutable_view,A6,0
53,blocking_view,A6,0
54,nested_view,A1,1
54,mutable_view,A1,1
54,blocking_view,A1,1
54,nested_view,A2,1
54,mutable_view,A2,0
54,blocking_view,A2,0
54,nested_view,A3,0
54,mutable_view,A3,0
54,blocking_view,A3,0
54,nested_view,A4,1
54,mutable_view,A4,1
54,blocking_view,A4,0
54,nested_view,A5,1
54,mutable_view,A5,1
54,blocking_view,A5,1
54,nested_view,A6,1
54,mutable_view,A6,0
54,blocking_view,A6,1
55,nested_view,A1,0
55,mutable_view,A1,0
55,blocking_view,A1,0
55,nested_view,A2,0
55,mutable_view,A2,0
55,blocking_view,A2,0
55,nested_view,A3,0
55,mutable_view,A3,0
55,blocking_view,A3,0
55,nested_view,A4,0
55,mutable_view,A4,1
55,blocking_view,A4,0
55,nested_view,A5,0
55,mutable_view,A5,0
55,blocking_view,A5,0
55,nested_view,A6,0
55,mutable_view,A6,0
55,blocking_view,A6,0
56,nested_view,A1,0
56,mutable_view,A1,1
56,blocking_view,A1,0
56,nested_view,A2,0
56,mutable_view,A2,0
56,blocking_view,A2,0
56,nested_view,A3,0
56,mutable_view,A3,0
56,blocking_view,A3,0
56,nested_view,A4,0
56,mutable_view,A4,1
56,blocking_view,A4,0
56,nested_view,A5,0
56,mutable_view,A5,1
56,blocking_view,A5,0
56,nested_view,A6,0
56,mutable_view,A6,0
56,blocking_view,A6,0
57,nested_view,A1,0
57,mutable_view,A1,1
57,blocking_view,A1,0
57,nested_view,A2,0
57,mutable_view,A2,0
57,blocking_view,A2,0
57,nested_view,A3,0
57,mutable_view,A3,0
57,blocking_view,A3,0
57,nested_view,A4,0
57,mutable_view,A4,1
57,blocking_view,A4,0
57,nested_view,A5,0
57,mutable_view,A5,1
57,blocking_view,A5,0
57,nested_view,A6,0
57,mutable_view,A6,0
57,blocking_view,A6,0
58,nested_view,A1,0
58,mutable_view,A1,0
58,blocking_view,A1,0
58,nested_view,A2,0
58,mutable_view,A2,0
58,blocking_view,A2,0
58,nested_view,A3,0
58,mutable_view,A3,0
58,blocking_view,A3,0
58,nested_view,A4,0
58,mutable_view,A4,0
58,blocking_view,A4,0
58,nested_view,A5,0
58,mutable_view,A5,0
58,blocking_view,A5,0
58,nested_view,A6,0
58,mutable_view,A6,0
58,blocking_view,A6,0
59,nested_view,A1,0
59,mutable_view,A1,0
59,blocking_view,A1,0
59,nested_view,A2,0
59,mutable_view,A2,0
59,blocking_view,A2,0
59,nested_view,A3,0
59,mutable_view,A3,0
59,blocking_view,A3,0
59,nested_view,A4,0
59,mutable_view,A4,0
59,blocking_view,A4,0
59,nested_view,A5,0
59,mutable_view,A5,0
59,blocking_view,A5,0
59,nested_view,A6,0
59,mutable_view,A6,0
59,blocking_view,A6,0
60,nested_view,A1,0
60,mutable_view,A1,0
60,blocking_view,A1,0
60,nested_view,A2,0
60,mutable_view,A2,0
60,blocking_view,A2,0
60,nested_view,A3,0
60,mutable_view,A3,0
60,blocking_view,A3,0
60,nested_view,A4,0
60,mutable_view,A4,0
60,blocking_view,A4,0
60,nested_view,A5,0
60,mutable_view,A5,0
60,blocking_view,A5,0
60,nested_view,A6,0
60,mutable_view,A6,0
60,blocking_view,A6,0
61,nested_view,A1,0
61,mutable_view,A1,0
61,blocking_view,A1,0
61,nested_view,A2,0
61,mutable_view,A2,0
61,blocking_view,A2,0
61,nested_view,A3,0
61,mutable_view,A3,0
61,blocking_view,A3,0
61,nested_view,A4,0
61,mutable_view,A4,0
61,blocking_view,A4,0
61,nested_view,A5,0
61,mutable_view,A5,0
61,blocking_view,A5,0
61,nested_view,A6,0
61,mutable_view,A6,0
61,blocking_view,A6,0
62,nested_view,A1,1
62,mutable_view,A1,0
62,blocking_view,A1,0
62,nested_view,A2,0
62,mutable_view,A2,0
62,blocking_view,A2,0
62,nested_view,A3,0
62,mutable_view,A3,0
62,blocking_view,A3,0
62,nested_view,A4,1
62,mutable_view,A4,0
62,blocking_view,A4,0
62,nested_view,A5,0
62,mutable_view,A5,0
62,blocking_view,A5,0
62,nested_view,A6,0
62,mutable_view,A6,0
62,blocking_view,A6,0
63,nested_view,A1,1
63,mutable_view,A1,0
63,blocking_view,A1,0
63,nested_view,A2,0
63,mutable_view,A2,0
63,blocking_view,A2,0
63,nested_view,A3,0
63,mutable_view,A3,0
63,blocking_view,A3,0
63,nested_view,A4,1
63,mutable_view,A4,0
63,blocking_view,A4,0
63,nested_view,A5,0
63,mutable_view,A5,0
63,blocking_view,A5,0
63,nested_view,A6,0
63,mutable_view,A6,0
63,blocking_view,A6,0
64,nested_view,A1,1
64,mutable_view,A1,0
64,blocking_view,A1,1
64,nested_view,A2,1
64,mutable_view,A2,0
64,blocking_view,A2,0
64,nested_view,A3,0
64,mutable_view,A3,0
64,blocking_view,A3,0
64,nested_view,A4,1
64,mutable_view,A4,0
64,blocking_view,A4,0
64,nested_view,A5,1
64,mutable_view,A5,0
64,blocking_view,A5,1
64,nested_view,A6,0
64,mutable_view,A6,0
64,blocking_view,A6,0
65,nested_view,A1,1
65,mutable_view,A1,0
65,blocking_view,A1,1
65,nested_view,A2,1
65,mutable_view,A2,0
65,blocking_view,A2,0
65,nested_view,A3,0
65,mutable_view,A3,0
65,blocking_view,A3,0
65,nested_view,A4,1
65,mutable_view,A4,0
65,blocking_view,A4,0
65,nested_view,A5,1
65,mutable_view,A5,0
65,blocking_view,A5,1
65,nested_view,A6,0
65,mutable_view,A6,0
65,blocking_view,A6,0
66,nested_view,A1,0
66,mutable_view,A1,0
66,blocking_view,A1,0
66,nested_view,A2,0
66,mutable_view,A2,0
66,blocking_view,A2,0
66,nested_view,A3,0
66,mutable_view,A3,0
66,blocking_view,A3,0
66,nested_view,A4,0
66,mutable_view,A4,1
66,blocking_view,A4,0
66,nested_view,A5,0
66,mutable_view,A5,0
66,blocking_view,A5,0
66,nested_view,A6,0
66,mutable_view,A6,0
66,blocking_view,A6,0
67,nested_view,A1,0
67,mutable_view,A1,0
67,blocking_view,A1,1
67,nested_view,A2,0
67,mutable_view,A2,0
67,blocking_view,A2,0
67,nested_view,A3,0
67,mutable_view,A3,0
67,blocking_view,A3,0
67,nested_view,A4,0
67,mutable_view,A4,0
67,blocking_view,A4,0
67,nested_view,A5,0
67,mutable_view,A5,0
67,blocking_view,A5,1
67,nested_view,A6,0
67,mutable_view,A6,0
67,blocking_view,A6,0
68,nested_view,A1,0
68,mutable_view,A1,0
68,blocking_view,A1,1
68,nested_view,A2,0
68,mutable_view,A2,0
68,blocking_view,A2,0
68,nested_view,A3,0
68,mutable_view,A3,0
68,blocking_view,A3,0
68,nested_view,A4,0
68,mutable_view,A4,1
68,blocking_view,A4,0
68,nested_view,A5,0
68,mutable_view,A5,0
68,blocking_view,A5,1
68,nested_view,A6,0
68,mutable_view,A6,0
68,blocking_view,A6,0
69,nested_view,A1,0
69,mutable_view,A1,0
69,blocking_view,A1,0
69,nested_view,A2,0
69,mutable_view,A2,0
69,blocking_view,A2,0
69,nested_view,A3,0
69,mutable_view,A3,0
69,blocking_view,A3,0
69,nested_view,A4,0
69,mutable_view,A4,1
69,blocking_view,A4,0
69,nested_view,A5,0
69,mutable_view,A5,0
69,blocking_view,A5,0
69,nested_view,A6,0
69,mutable_view,A6,0
69,blocking_view,A6,0
70,nested_view,A1,1
70,mutable_view,A1,1
70,blocking_view,A1,1
70,nested_view,A2,1
70,mutable_view,A2,0
70,blocking_view,A2,0
70,nested_view,A3,0
70,mutable_view,A3,0
70,blocking_view,A3,0
70,nested_view,A4,1
70,mutable_view,A4,1
70,blocking_view,A4,0
70,nested_view,A5,1
70,mutable_view,A5,1
70,blocking_view,A5,1
70,nested_view,A6,1
70,mutable_view,A6,1
70,blocking_view,A6,0
71,nested_view,A1,0
71,mutable_view,A1,0
71,blocking_view,A1,0
71,nested_view,A2,0
71,mutable_view,A2,0
71,blocking_view,A2,0
71,nested_view,A3,0
71,mutable_view,A3,0
71,blocking_view,A3,0
71,nested_view,A4,0
71,mutable_view,A4,0
71,blocking_view,A4,0
71,nested_view,A5,0
71,mutable_view,A5,0
71,blocking_view,A5,0
71,nested_view,A6,0
71,mutable_view,A6,0
71,blocking_view,A6,0
72,nested_view,A1,0
72,mutable_view,A1,1
72,blocking_view,A1,1
72,nested_view,A2,0
72,mutable_view,A2,0
72,blocking_view,A2,0
72,nested_view,A3,0
72,mutable_view,A3,0
72,blocking_view,A3,0
72,nested_view,A4,0
72,mutable_view,A4,1
72,blocking_view,A4,0
72,nested_view,A5,0
72,mutable_view,A5,1
72,blocking_view,A5,1
72,nested_view,A6,0
72,mutable_view,A6,1
72,blocking_view,A6,0
73,nested_view,A1,0
73,mutable_view,A1,1
73,blocking_view,A1,0
73,nested_view,A2,0
73,mutable_view,A2,0
73,blocking_view,A2,0
73,nested_view,A3,0
73,mutable_view,A3,0
73,blocking_view,A3,0
73,nested_view,A4,0
73,mutable_view,A4,1
73,blocking_view,A4,0
73,nested_view,A5,0
73,mutable_view,A5,1
73,blocking_view,A5,0
73,nested_view,A6,0
73,mutable_view,A6,1
73,blocking_view,A6,0
74,nested_view,A1,1
74,mutable_view,A1,0
74,blocking_view,A1,1
74,nested_view,A2,1
74,mutable_view,A2,0
74,blocking_view,A2,0
74,nested_view,A3,0
74,mutable_view,A3,0
74,blocking_view,A3,0
74,nested_view,A4,1
74,mutable_view,A4,1
74,blocking_view,A4,0
74,nested_view,A5,1
74,mutable_view,A5,0
74,blocking_view,A5,1
74,nested_view,A6,1
74,mutable_view,A6,1
74,blocking_view,A6,0
75,nested_view,A1,0
75,mutable_view,A1,0
75,blocking_view,A1,0
75,nested_view,A2,0
75,mutable_view,A2,0
75,blocking_view,A2,0
75,nested_view,A3,0
75,mutable_view,A3,0
75,blocking_view,A3,0
75,nested_view,A4,0
75,mutable_view,A4,1
75,blocking_view,A4,0
75,nested_view,A5,0
75,mutable_view,A5,0
75,blocking_view,A5,0
75,nested_view,A6,0
75,mutable_view,A6,0
75,blocking_view,A6,0
76,nested_view,A1,1
76,mutable_view,A1,1
76,blocking_view,A1,1
76,nested_view,A2,1
76,mutable_view,A2,0
76,blocking_view,A2,0
76,nested_view,A3,1
76,mutable_view,A3,0
76,blocking_view,A3,0
76,nested_view,A4,1
76,mutable_view,A4,1
76,blocking_view,A4,0
76,nested_view,A5,1
76,mutable_view,A5,1
76,blocking_view,A5,1
76,nested_view,A6,1
76,mutable_view,A6,0
76,blocking_view,A6,1
77,nested_view,A1,1
77,mutable_view,A1,1
77,blocking_view,A1,1
77,nested_view,A2,1
77,mutable_view,A2,0
77,blocking_view,A2,0
77,nested_view,A3,0
77,mutable_view,A3,0
77,blocking_view,A3,0
77,nested_view,A4,1
77,mutable_view,A4,1
77,blocking_view,A4,0
77,nested_view,A5,1
77,mutable_view,A5,1
77,blocking_view,A5,1
77,nested_view,A6,1
77,mutable_view,A6,0
77,blocking_view,A6,1
78,nested_view,A1,0
78,mutable_view,A1,0
78,blocking_view,A1,0
78,nested_view,A2,0
78,mutable_view,A2,0
78,blocking_view,A2,0
78,nested_view,A3,0
78,mutable_view,A3,0
78,blocking_view,A3,0
78,nested_view,A4,0
78,mutable_view,A4,1
78,blocking_view,A4,0
78,nested_view,A5,0
78,mutable_view,A5,0
78,blocking_view,A5,0
78,nested_view,A6,0
78,mutable_view,A6,0
78,blocking_view,A6,0
79,nested_view,A1,1
79,mutable_view,A1,1
79,blocking_view,A1,1
79,nested_view,A2,1
79,mutable_view,A2,0
79,blocking_view,A2,0
79,nested_view,A3,0
79,mutable_view,A3,0
79,blocking_view,A3,0
79,nested_view,A4,1
79,mutable_view,A4,1
79,blocking_view,A4,0
79,nested_view,A5,1
79,mutable_view,A5,1
79,blocking_view,A5,1
79,nested_view,A6,1
79,mutable_view,A6,1
79,blocking_view,A6,1
80,nested_view,A1,0
80,mutable_view,A1,0
80,blocking_view,A1,0
80,nested_view,A2,0
80,mutable_view,A2,0
80,blocking_view,A2,0
80,nested_view,A3,0
80,mutable_view,A3,0
80,blocking_view,A3,0
80,nested_view,A4,0
80,mutable_view,A4,0
80,blocking_view,A4,0
80,nested_view,A5,0
80,mutable_view,A5,0
80,blocking_view,A5,0
80,nested_view,A6,0
80,mutable_view,A6,0
80,blocking_view,A6,1
81,nested_view,A1,0
81,mutable_view,A1,1
81,blocking_view,A1,1
81,nested_view,A2,0
81,mutable_view,A2,0
81,blocking_view,A2,0
81,nested_view,A3,0
81,mutable_view,A3,0
81,blocking_view,A3,0
81,nested_view,A4,0
81,mutable_view,A4,1
81,blocking_view,A4,0
81,nested_view,A5,0
81,mutable_view,A5,1
81,blocking_view,A5,1
81,nested_view,A6,0
81,mutable_view,A6,0
81,blocking_view,A6,1
82,nested_view,A1,1
82,mutable_view,A1,1
82,blocking_view,A1,1
82,nested_view,A2,1
82,mutable_view,A2,0
82,blocking_view,A2,0
82,nested_view,A3,0
82,mutable_view,A3,0
82,blocking_view,A3,0
82,nested_view,A4,1
82,mutable_view,A4,1
82,blocking_view,A4,0
82,nested_view,A5,1
82,mutable_view,A5,1
82,blocking_view,A5,1
82,nested_view,A6,1
82,mutable_view,A6,1
82,blocking_view,A6,1
83,nested_view,A1,0
83,mutable_view,A1,0
83,blocking_view,A1,0
83,nested_view,A2,0
83,mutable_view,A2,0
83,blocking_view,A2,0
83,nested_view,A3,0
83,mutable_view,A3,0
83,blocking_view,A3,0
83,nested_view,A4,0
83,mutable_view,A4,0
83,blocking_view,A4,0
83,nested_view,A5,0
83,mutable_view,A5,0
83,blocking_view,A5,0
83,nested_view,A6,0
83,mutable_view,A6,0
83,blocking_view,A6,0
84,nested_view,A1,0
84,mutable_view,A1,0
84,blocking_view,A1,0
84,nested_view,A2,0
84,mutable_view,A2,0
84,blocking_view,A2,0
84,nested_view,A3,0
84,mutable_view,A3,0
84,blocking_view,A3,0
84,nested_view,A4,0
84,mutable_view,A4,1
84,blocking_view,A4,0
84,nested_view,A5,0
84,mutable_view,A5,0
84,blocking_view,A5,0
84,nested_view,A6,0
84,mutable_view,A6,0
84,blocking_view,A6,0
85,nested_view,A1,1
85,mutable_view,A1,1
85,blocking_view,A1,1
85,nested_view,A2,1
85,mutable_view,A2,0
85,blocking_view,A2,0
85,nested_view,A3,1
85,mutable_view,A3,0
85,blocking_view,A3,0
85,nested_view,A4,0
85,mutable_view,A4,1
85,blocking_view,A4,0
85,nested_view,A5,1
85,mutable_view,A5,1
85,blocking_view,A5,1
85,nested_view,A6,0
85,mutable_view,A6,1
85,blocking_view,A6,0
86,nested_view,A1,0
86,mutable_view,A1,0
86,blocking_view,A1,0
86,nested_view,A2,0
86,mutable_view,A2,0
86,blocking_view,A2,0
86,nested_view,A3,0
86,mutable_view,A3,0
86,blocking_view,A3,0
86,nested_view,A4,0
86,mutable_view,A4,0
86,blocking_view,A4,0
86,nested_view,A5,0
86,mutable_view,A5,0
86,blocking_view,A5,0
86,nested_view,A6,0
86,mutable_view,A6,0
86,blocking_view,A6,0
87,nested_view,A1,0
87,mutable_view,A1,1
87,blocking_view,A1,1
87,nested_view,A2,0
87,mutable_view,A2,0
87,blocking_view,A2,0
87,nested_view,A3,0
87,mutable_view,A3,0
87,blocking_view,A3,0
87,nested_view,A4,0
87,mutable_view,A4,1
87,blocking_view,A4,0
87,nested_view,A5,0
87,mutable_view,A5,1
87,blocking_view,A5,1
87,nested_view,A6,0
87,mutable_view,A6,1
87,blocking_view,A6,0
88,nested_view,A1,1
88,mutable_view,A1,0
88,blocking_view,A1,1
88,nested_view,A2,1
88,mutable_view,A2,0
88,blocking_view,A2,0
88,nested_view,A3,0
88,mutable_view,A3,0
88,blocking_view,A3,0
88,nested_view,A4,1
88,mutable_view,A4,1
88,blocking_view,A4,0
88,nested_view,A5,1
88,mutable_view,A5,0
88,blocking_view,A5,1
88,nested_view,A6,0
88,mutable_view,A6,1
88,blocking_view,A6,0
89,nested_view,A1,0
89,mutable_view,A1,0
89,blocking_view,A1,0
89,nested_view,A2,0
89,mutable_view,A2,0
89,blocking_view,A2,0
89,nested_view,A3,0
89,mutable_view,A3,0
89,blocking_view,A3,0
89,nested_view,A4,0
89,mutable_view,A4,1
89,blocking_view,A4,0
89,nested_view,A5,0
89,mutable_view,A5,0
89,blocking_view,A5,0
89,nested_view,A6,0
89,mutable_view,A6,0
89,blocking_view,A6,0
90,nested_view,A1,1
90,mutable_view,A1,0
90,blocking_view,A1,1
90,nested_view,A2,0
90,mutable_view,A2,0
90,blocking_view,A2,0
90,nested_view,A3,0
90,mutable_view,A3,0
90,blocking_view,A3,0
90,nested_view,A4,1
90,mutable_view,A4,1
90,blocking_view,A4,0
90,nested_view,A5,0
90,mutable_view,A5,0
90,blocking_view,A5,1
90,nested_view,A6,0
90,mutable_view,A6,0
90,blocking_view,A6,1
91,nested_view,A1,1
91,mutable_view,A1,0
91,blocking_view,A1,1
91,nested_view,A2,0
91,mutable_view,A2,0
91,blocking_view,A2,0
91,nested_view,A3,0
91,mutable_view,A3,0
91,blocking_view,A3,0
91,nested_view,A4,1
91,mutable_view,A4,1
91,blocking_view,A4,0
91,nested_view,A5,0
91,mutable_view,A5,0
91,blocking_view,A5,1
91,nested_view,A6,0
91,mutable_view,A6,0
91,blocking_view,A6,1
92,nested_view,A1,0
92,mutable_view,A1,0
92,blocking_view,A1,0
92,nested_view,A2,0
92,mutable_view,A2,0
92,blocking_view,A2,0
92,nested_view,A3,0
92,mutable_view,A3,0
92,blocking_view,A3,0
92,nested_view,A4,0
92,mutable_view,A4,1
92,blocking_view,A4,0
92,nested_view,A5,0
92,mutable_view,A5,0
92,blocking_view,A5,0
92,nested_view,A6,0
92,mutable_view,A6,0
92,blocking_view,A6,0
93,nested_view,A1,1
93,mutable_view,A1,1
93,blocking_view,A1,1
93,nested_view,A2,1
93,mutable_view,A2,0
93,blocking_view,A2,0
93,nested_view,A3,1
93,mutable_view,A3,0
93,blocking_view,A3,0
93,nested_view,A4,0
93,mutable_view,A4,1
93,blocking_view,A4,0
93,nested_view,A5,1
93,mutable_view,A5,1
93,blocking_view,A5,1
93,nested_view,A6,0
93,mutable_view,A6,1
93,blocking_view,A6,1
94,nested_view,A1,0
94,mutable_view,A1,1
94,blocking_view,A1,1
94,nested_view,A2,0
94,mutable_view,A2,0
94,blocking_view,A2,0
94,nested_view,A3,0
94,mutable_view,A3,0
94,blocking_view,A3,0
94,nested_view,A4,0
94,mutable_view,A4,1
94,blocking_view,A4,0
94,nested_view,A5,0
94,mutable_view,A5,1
94,blocking_view,A5,1
94,nested_view,A6,0
94,mutable_view,A6,1
94,blocking_view,A6,0
95,nested_view,A1,1
95,mutable_view,A1,0
95,blocking_view,A1,1
95,nested_view,A2,1
95,mutable_view,A2,0
95,blocking_view,A2,0
95,nested_view,A3,0
95,mutable_view,A3,0
95,blocking_view,A3,0
95,nested_view,A4,1
95,mutable_view,A4,1
95,blocking_view,A4,0
95,nested_view,A5,1
95,mutable_view,A5,0
95,blocking_view,A5,1
95,nested_view,A6,0
95,mutable_view,A6,1
95,blocking_view,A6,1
96,nested_view,A1,0
96,mutable_view,A1,0
96,blocking_view,A1,0
96,nested_view,A2,0
96,mutable_view,A2,0
96,blocking_view,A2,0
96,nested_view,A3,0
96,mutable_view,A3,0
96,blocking_view,A3,0
96,nested_view,A4,0
96,mutable_view,A4,1
96,blocking_view,A4,0
96,nested_view,A5,0
96,mutable_view,A5,0
96,blocking_view,A5,0
96,nested_view,A6,0
96,mutable_view,A6,0
96,blocking_view,A6,0
97,nested_view,A1,1
97,mutable_view,A1,1
97,blocking_view,A1,1
97,nested_view,A2,1
97,mutable_view,A2,0
97,blocking_view,A2,0
97,nested_view,A3,1
97,mutable_view,A3,0
97,blocking_view,A3,0
97,nested_view,A4,0
97,mutable_view,A4,1
97,blocking_view,A4,0
97,nested_view,A5,1
97,mutable_view,A5,1
97,blocking_view,A5,1
97,nested_view,A6,1
97,mutable_view,A6,0
97,blocking_view,A6,1
98,nested_view,A1,0
98,mutable_view,A1,1
98,blocking_view,A1,1
98,nested_view,A2,0
98,mutable_view,A2,0
98,blocking_view,A2,0
98,nested_view,A3,0
98,mutable_view,A3,0
98,blocking_view,A3,0
98,nested_view,A4,0
98,mutable_view,A4,1
98,blocking_view,A4,0
98,nested_view,A5,0
98,mutable_view,A5,1
98,blocking_view,A5,1
98,nested_view,A6,0
98,mutable_view,A6,1
98,blocking_view,A6,1
99,nested_view,A1,0
99,mutable_view,A1,1
99,blocking_view,A1,1
99,nested_view,A2,0
99,mutable_view,A2,0
99,blocking_view,A2,0
99,nested_view,A3,0
99,mutable_view,A3,0
99,blocking_view,A3,0
99,nested_view,A4,0
99,mutable_view,A4,1
99,blocking_view,A4,0
99,nested_view,A5,0
99,mutable_view,A5,1
99,blocking_view,A5,1
99,nested_view,A6,0
99,mutable_view,A6,1
99,blocking_view,A6,1
100,nested_view,A1,0
100,mutable_view,A1,1
100,blocking_view,A1,0
100,nested_view,A2,0
100,mutable_view,A2,0
100,blocking_view,A2,0
100,nested_view,A3,0
100,mutable_view,A3,0
100,blocking_view,A3,0
100,nested_view,A4,0
100,mutable_view,A4,1
100,blocking_view,A4,0
100,nested_view,A5,0
100,mutable_view,A5,1
100,blocking_view,A5,0
100,nested_view,A6,0
100,mutable_view,A6,1
100,blocking_view,A6,0
101,nested_view,A1,0
101,mutable_view,A1,0
101,blocking_view,A1,0
101,nested_view,A2,0
101,mutable_view,A2,0
101,blocking_view,A2,0
101,nested_view,A3,0
101,mutable_view,A3,0
101,blocking_view,A3,0
101,nested_view,A4,0
101,mutable_view,A4,0
101,blocking_view,A4,0
101,nested_view,A5,0
101,mutable_view,A5,0
101,blocking_view,A5,0
101,nested_view,A6,0
101,mutable_view,A6,0
101,blocking_view,A6,0
102,nested_view,A1,1
102,mutable_view,A1,0
102,blocking_view,A1,1
102,nested_view,A2,1
102,mutable_view,A2,0
102,blocking_view,A2,0
102,nested_view,A3,0
102,mutable_view,A3,0
102,blocking_view,A3,0
102,nested_view,A4,1
102,mutable_view,A4,1
102,blocking_view,A4,0
102,nested_view,A5,1
102,mutable_view,A5,0
102,blocking_view,A5,1
102,nested_view,A6,1
102,mutable_view,A6,0
102,blocking_view,A6,1
103,nested_view,A1,0
103,mutable_view,A1,0
103,blocking_view,A1,0
103,nested_view,A2,0
103,mutable_view,A2,0
103,blocking_view,A2,0
103,nested_view,A3,0
103,mutable_view,A3,0
103,blocking_view,A3,0
103,nested_view,A4,0
103,mutable_view,A4,1
103,blocking_view,A4,0
103,nested_view,A5,0
103,mutable_view,A5,0
103,blocking_view,A5,0
103,nested_view,A6,0
103,mutable_view,A6,0
103,blocking_view,A6,0
104,nested_view,A1,1
104,mutable_view,A1,1
104,blocking_view,A1,0
104,nested_view,A2,0
104,mutable_view,A2,0
104,blocking_view,A2,0
104,nested_view,A3,0
104,mutable_view,A3,0
104,blocking_view,A3,0
104,nested_view,A4,1
104,mutable_view,A4,1
104,blocking_view,A4,0
104,nested_view,A5,0
104,mutable_view,A5,1
104,blocking_view,A5,0
104,nested_view,A6,0
104,mutable_view,A6,1
104,blocking_view,A6,0
105,nested_view,A1,0
105,mutable_view,A1,0
105,blocking_view,A1,0
105,nested_view,A2,0
105,mutable_view,A2,0
105,blocking_view,A2,0
105,nested_view,A3,0
105,mutable_view,A3,0
105,blocking_view,A3,0
105,nested_view,A4,0
105,mutable_view,A4,1
105,blocking_view,A4,0
105,nested_view,A5,0
105,mutable_view,A5,0
105,blocking_view,A5,0
105,nested_view,A6,0
105,mutable_view,A6,1
105,blocking_view,A6,0
106,nested_view,A1,0
106,mutable_view,A1,0
106,blocking_view,A1,0
106,nested_view,A2,0
106,mutable_view,A2,0
106,blocking_view,A2,0
106,nested_view,A3,0
106,mutable_view,A3,0
106,blocking_view,A3,0
106,nested_view,A4,0
106,mutable_view,A4,0
106,blocking_view,A4,0
106,nested_view,A5,0
106,mutable_view,A5,0
106,blocking_view,A5,0
106,nested_view,A6,0
106,mutable_view,A6,1
106,blocking_view,A6,0
107,nested_view,A1,0
107,mutable_view,A1,1
107,blocking_view,A1,0
107,nested_view,A2,0
107,mutable_view,A2,0
107,blocking_view,A2,0
107,nested_view,A3,0
107,mutable_view,A3,0
107,blocking_view,A3,0
107,nested_view,A4,0
107,mutable_view,A4,1
107,blocking_view,A4,0
107,nested_view,A5,0
107,mutable_view,A5,1
107,blocking_view,A5,0
107,nested_view,A6,0
107,mutable_view,A6,1
107,blocking_view,A6,0
108,nested_view,A1,0
108,mutable_view,A1,1
108,blocking_view,A1,0
108,nested_view,A2,0
108,mutable_view,A2,0
108,blocking_view,A2,0
108,nested_view,A3,0
108,mutable_view,A3,0
108,blocking_view,A3,0
108,nested_view,A4,0
108,mutable_view,A4,1
108,blocking_view,A4,0
108,nested_view,A5,0
108,mutable_view,A5,1
108,blocking_view,A5,0
108,nested_view,A6,0
108,mutable_view,A6,1
108,blocking_view,A6,0
109,nested_view,A1,1
109,mutable_view,A1,0
109,blocking_view,A1,0
109,nested_view,A2,0
109,mutable_view,A2,0
109,blocking_view,A2,0
109,nested_view,A3,0
109,mutable_view,A3,0
109,blocking_view,A3,0
109,nested_view,A4,1
109,mutable_view,A4,1
109,blocking_view,A4,0
109,nested_view,A5,0
109,mutable_view,A5,0
109,blocking_view,A5,0
109,nested_view,A6,0
109,mutable_view,A6,1
109,blocking_view,A6,0
110,nested_view,A1,0
110,mutable_view,A1,0
110,blocking_view,A1,0
110,nested_view,A2,0
110,mutable_view,A2,0
110,blocking_view,A2,0
110,nested_view,A3,0
110,mutable_view,A3,0
110,blocking_view,A3,0
110,nested_view,A4,0
110,mutable_view,A4,1
110,blocking_view,A4,0
110,nested_view,A5,0
110,mutable_view,A5,0
110,blocking_view,A5,0
110,nested_view,A6,0
110,mutable_view,A6,0
110,blocking_view,A6,0
111,nested_view,A1,0
111,mutable_view,A1,0
111,blocking_view,A1,0
111,nested_view,A2,0
111,mutable_view,A2,0
111,blocking_view,A2,0
111,nested_view,A3,0
111,mutable_view,A3,0
111,blocking_view,A3,0
111,nested_view,A4,0
111,mutable_view,A4,1
111,blocking_view,A4,0
111,nested_view,A5,0
111,mutable_view,A5,0
111,blocking_view,A5,0
111,nested_view,A6,0
111,mutable_view,A6,0
111,blocking_view,A6,1
112,nested_view,A1,0
112,mutable_view,A1,0
112,blocking_view,A1,0
112,nested_view,A2,0
112,mutable_view,A2,0
112,blocking_view,A2,0
112,nested_view,A3,0
112,mutable_view,A3,0
112,blocking_view,A3,0
112,nested_view,A4,0
112,mutable_view,A4,0
112,blocking_view,A4,0
112,nested_view,A5,0
112,mutable_view,A5,0
112,blocking_view,A5,0
112,nested_view,A6,0
112,mutable_view,A6,0
112,blocking_view,A6,1
113,nested_view,A1,0
113,mutable_view,A1,0
113,blocking_view,A1,0
113,nested_view,A2,0
113,mutable_view,A2,0
113,blocking_view,A2,0
113,nested_view,A3,0
113,mutable_view,A3,0
113,blocking_view,A3,0
113,nested_view,A4,0
113,mutable_view,A4,1
113,blocking_view,A4,0
113,nested_view,A5,0
113,mutable_view,A5,0
113,blocking_view,A5,0
113,nested_view,A6,0
113,mutable_view,A6,0
113,blocking_view,A6,1
114,nested_view,A1,0
114,mutable_view,A1,0
114,blocking_view,A1,0
114,nested_view,A2,0
114,mutable_view,A2,0
114,blocking_view,A2,0
114,nested_view,A3,0
114,mutable_view,A3,0
114,blocking_view,A3,0
114,nested_view,A4,0
114,mutable_view,A4,0
114,blocking_view,A4,0
114,nested_view,A5,0
114,mutable_view,A5,0
114,blocking_view,A5,0
114,nested_view,A6,0
114,mutable_view,A6,0
114,blocking_view,A6,1
115,nested_view,A1,0
115,mutable_view,A1,0
115,blocking_view,A1,0
115,nested_view,A2,0
115,mutable_view,A2,0
115,blocking_view,A2,0
115,nested_view,A3,0
115,mutable_view,A3,0
115,blocking_view,A3,0
115,nested_view,A4,0
115,mutable_view,A4,1
115,blocking_view,A4,0
115,nested_view,A5,0
115,mutable_view,A5,0
115,blocking_view,A5,0
115,nested_view,A6,0
115,mutable_view,A6,0
115,blocking_view,A6,0
116,nested_view,A1,1
116,mutable_view,A1,1
116,blocking_view,A1,0
116,nested_view,A2,0
116,mutable_view,A2,0
116,blocking_view,A2,0
116,nested_view,A3,0
116,mutable_view,A3,0
116,blocking_view,A3,0
116,nested_view,A4,1
116,mutable_view,A4,1
116,blocking_view,A4,0
116,nested_view,A5,0
116,mutable_view,A5,1
116,blocking_view,A5,0
116,nested_view,A6,0
116,mutable_view,A6,1
116,blocking_view,A6,1
117,nested_view,A1,0
117,mutable_view,A1,0
117,blocking_view,A1,0
117,nested_view,A2,0
117,mutable_view,A2,0
117,blocking_view,A2,0
117,nested_view,A3,0
117,mutable_view,A3,0
117,blocking_view,A3,0
117,nested_view,A4,0
117,mutable_view,A4,1
117,blocking_view,A4,0
117,nested_view,A5,0
117,mutable_view,A5,0
117,blocking_view,A5,0
117,nested_view,A6,0
117,mutable_view,A6,1
117,blocking_view,A6,0
118,nested_view,A1,0
118,mutable_view,A1,0
118,blocking_view,A1,0
118,nested_view,A2,0
118,mutable_view,A2,0
118,blocking_view,A2,0
118,nested_view,A3,0
118,mutable_view,A3,0
118,blocking_view,A3,0
118,nested_view,A4,0
118,mutable_view,A4,0
118,blocking_view,A4,0
118,nested_view,A5,0
118,mutable_view,A5,0
118,blocking_view,A5,0
118,nested_view,A6,0
118,mutable_view,A6,1
118,blocking_view,A6,0
119,nested_view,A1,0
119,mutable_view,A1,1
119,blocking_view,A1,0
119,nested_view,A2,0
119,mutable_view,A2,0
119,blocking_view,A2,0
119,nested_view,A3,0
119,mutable_view,A3,0
119,blocking_view,A3,0
119,nested_view,A4,0
119,mutable_view,A4,1
119,blocking_view,A4,0
119,nested_view,A5,0
119,mutable_view,A5,1
119,blocking_view,A5,0
119,nested_view,A6,0
119,mutable_view,A6,1
119,blocking_view,A6,0
120,nested_view,A1,0
120,mutable_view,A1,0
120,blocking_view,A1,0
120,nested_view,A2,0
120,mutable_view,A2,0
120,blocking_view,A2,0
120,nested_view,A3,0
120,mutable_view,A3,0
120,blocking_view,A3,0
120,nested_view,A4,0
120,mutable_view,A4,0
120,blocking_view,A4,0
120,nested_view,A5,0
120,mutable_view,A5,0
120,blocking_view,A5,0
120,nested_view,A6,0
120,mutable_view,A6,0
120,blocking_view,A6,1
121,nested_view,A1,1
121,mutable_view,A1,0
121,blocking_view,A1,0
121,nested_view,A2,0
121,mutable_view,A2,0
121,blocking_view,A2,0
121,nested_view,A3,0
121,mutable_view,A3,0
121,blocking_view,A3,0
121,nested_view,A4,1
121,mutable_view,A4,0
121,blocking_view,A4,0
121,nested_view,A5,0
121,mutable_view,A5,0
121,blocking_view,A5,0
121,nested_view,A6,0
121,mutable_view,A6,1
121,blocking_view,A6,0
122,nested_view,A1,0
122,mutable_view,A1,0
122,blocking_view,A1,1
122,nested_view,A2,0
122,mutable_view,A2,0
122,blocking_view,A2,0
122,nested_view,A3,0
122,mutable_view,A3,0
122,blocking_view,A3,0
122,nested_view,A4,0
122,mutable_view,A4,1
122,blocking_view,A4,0
122,nested_view,A5,0
122,mutable_view,A5,0
122,blocking_view,A5,1
122,nested_view,A6,0
122,mutable_view,A6,0
122,blocking_view,A6,1
123,nested_view,A1,0
123,mutable_view,A1,0
123,blocking_view,A1,0
123,nested_view,A2,0
123,mutable_view,A2,0
123,blocking_view,A2,0
123,nested_view,A3,0
123,mutable_view,A3,0
123,blocking_view,A3,0
123,nested_view,A4,0
123,mutable_view,A4,1
123,blocking_view,A4,0
123,nested_view,A5,0
123,mutable_view,A5,0
123,blocking_view,A5,0
123,nested_view,A6,0
123,mutable_view,A6,0
123,blocking_view,A6,1
124,nested_view,A1,0
124,mutable_view,A1,0
124,blocking_view,A1,1
124,nested_view,A2,0
124,mutable_view,A2,0
124,blocking_view,A2,0
124,nested_view,A3,0
124,mutable_view,A3,0
124,blocking_view,A3,0
124,nested_view,A4,0
124,mutable_view,A4,1
124,blocking_view,A4,0
124,nested_view,A5,0
124,mutable_view,A5,0
124,blocking_view,A5,1
124,nested_view,A6,0
124,mutable_view,A6,1
124,blocking_view,A6,1
125,nested_view,A1,0
125,mutable_view,A1,0
125,blocking_view,A1,0
125,nested_view,A2,0
125,mutable_view,A2,0
125,blocking_view,A2,0
125,nested_view,A3,0
125,mutable_view,A3,0
125,blocking_view,A3,0
125,nested_view,A4,0
125,mutable_view,A4,1
125,blocking_view,A4,0
125,nested_view,A5,0
125,mutable_view,A5,0
125,blocking_view,A5,0
125,nested_view,A6,0
125,mutable_view,A6,1
125,blocking_view,A6,1
126,nested_view,A1,0
126,mutable_view,A1,0
126,blocking_view,A1,0
126,nested_view,A2,0
126,mutable_view,A2,0
126,blocking_view,A2,0
126,nested_view,A3,0
126,mutable_view,A3,0
126,blocking_view,A3,0
126,nested_view,A4,0
126,mutable_view,A4,1
126,blocking_view,A4,0
126,nested_view,A5,0
126,mutable_view,A5,0
126,blocking_view,A5,0
126,nested_view,A6,0
126,mutable_view,A6,1
126,blocking_view,A6,1
127,nested_view,A1,0
127,mutable_view,A1,0
127,blocking_view,A1,0
127,nested_view,A2,0
127,mutable_view,A2,0
127,blocking_view,A2,0
127,nested_view,A3,0
127,mutable_view,A3,0
127,blocking_view,A3,0
127,nested_view,A4,0
127,mutable_view,A4,1
127,blocking_view,A4,0
127,nested_view,A5,0
127,mutable_view,A5,0
127,blocking_view,A5,0
127,nested_view,A6,0
127,mutable_view,A6,1
127,blocking_view,A6,1
128,nested_view,A1,0
128,mutable_view,A1,0
128,blocking_view,A1,0
128,nested_view,A2,0
128,mutable_view,A2,0
128,blocking_view,A2,0
128,nested_view,A3,0
128,mutable_view,A3,0
128,blocking_view,A3,0
128,nested_view,A4,0
128,mutable_view,A4,1
128,blocking_view,A4,0
128,nested_view,A5,0
128,mutable_view,A5,0
128,blocking_view,A5,0
128,nested_view,A6,0
128,mutable_view,A6,0
128,blocking_view,A6,1
129,nested_view,A1,0
129,mutable_view,A1,0
129,blocking_view,A1,0
129,nested_view,A2,0
129,mutable_view,A2,0
129,blocking_view,A2,0
129,nested_view,A3,0
129,mutable_view,A3,0
129,blocking_view,A3,0
129,nested_view,A4,0
129,mutable_view,A4,1
129,blocking_view,A4,0
129,nested_view,A5,0
129,mutable_view,A5,0
129,blocking_view,A5,0
129,nested_view,A6,0
129,mutable_view,A6,1
129,blocking_view,A6,1
130,nested_view,A1,0
130,mutable_view,A1,0
130,blocking_view,A1,1
130,nested_view,A2,0
130,mutable_view,A2,0
130,blocking_view,A2,0
130,nested_view,A3,0
130,mutable_view,A3,0
130,blocking_view,A3,0
130,nested_view,A4,0
130,mutable_view,A4,1
130,blocking_view,A4,0
130,nested_view,A5,0
130,mutable_view,A5,0
130,blocking_view,A5,1
130,nested_view,A6,0
130,mutable_view,A6,1
130,blocking_view,A6,1
131,nested_view,A1,0
131,mutable_view,A1,0
131,blocking_view,A1,0
131,nested_view,A2,0
131,mutable_view,A2,0
131,blocking_view,A2,0
131,nested_view,A3,0
131,mutable_view,A3,0
131,blocking_view,A3,0
131,nested_view,A4,0
131,mutable_view,A4,1
131,blocking_view,A4,0
131,nested_view,A5,0
131,mutable_view,A5,0
131,blocking_view,A5,0
131,nested_view,A6,0
131,mutable_view,A6,1
131,blocking_view,A6,1
132,nested_view,A1,0
132,mutable_view,A1,0
132,blocking_view,A1,0
132,nested_view,A2,0
132,mutable_view,A2,0
132,blocking_view,A2,0
132,nested_view,A3,0
132,mutable_view,A3,0
132,blocking_view,A3,0
132,nested_view,A4,0
132,mutable_view,A4,1
132,blocking_view,A4,0
132,nested_view,A5,0
132,mutable_view,A5,0
132,blocking_view,A5,0
132,nested_view,A6,0
132,mutable_view,A6,1
132,blocking_view,A6,1
133,nested_view,A1,0
133,mutable_view,A1,0
133,blocking_view,A1,0
133,nested_view,A2,0
133,mutable_view,A2,0
133,blocking_view,A2,0
133,nested_view,A3,0
133,mutable_view,A3,0
133,blocking_view,A3,0
133,nested_view,A4,0
133,mutable_view,A4,1
133,blocking_view,A4,0
133,nested_view,A5,0
133,mutable_view,A5,0
133,blocking_view,A5,0
133,nested_view,A6,0
133,mutable_view,A6,1
133,blocking_view,A6,1
134,nested_view,A1,0
134,mutable_view,A1,0
134,blocking_view,A1,0
134,nested_view,A2,0
134,mutable_view,A2,0
134,blocking_view,A2,0
134,nested_view,A3,0
134,mutable_view,A3,0
134,blocking_view,A3,0
134,nested_view,A4,0
134,mutable_view,A4,0
134,blocking_view,A4,0
134,nested_view,A5,0
134,mutable_view,A5,0
134,blocking_view,A5,0
134,nested_view,A6,0
134,mutable_view,A6,1
134,blocking_view,A6,1
135,nested_view,A1,0
135,mutable_view,A1,0
135,blocking_view,A1,0
135,nested_view,A2,0
135,mutable_view,A2,0
135,blocking_view,A2,0
135,nested_view,A3,0
135,mutable_view,A3,0
135,blocking_view,A3,0
135,nested_view,A4,0
135,mutable_view,A4,1
135,blocking_view,A4,0
135,nested_view,A5,0
135,mutable_view,A5,0
135,blocking_view,A5,0
135,nested_view,A6,0
135,mutable_view,A6,1
135,blocking_view,A6,1
136,nested_view,A1,0
136,mutable_view,A1,0
136,blocking_view,A1,0
136,nested_view,A2,0
136,mutable_view,A2,0
136,blocking_view,A2,0
136,nested_view,A3,0
136,mutable_view,A3,0
136,blocking_view,A3,0
136,nested_view,A4,0
136,mutable_view,A4,1
136,blocking_view,A4,0
136,nested_view,A5,0
136,mutable_view,A5,0
136,blocking_view,A5,0
136,nested_view,A6,0
136,mutable_view,A6,1
136,blocking_view,A6,1
137,nested_view,A1,0
137,mutable_view,A1,0
137,blocking_view,A1,0
137,nested_view,A2,0
137,mutable_view,A2,0
137,blocking_view,A2,0
137,nested_view,A3,0
137,mutable_view,A3,0
137,blocking_view,A3,0
137,nested_view,A4,0
137,mutable_view,A4,1
137,blocking_view,A4,0
137,nested_view,A5,0
137,mutable_view,A5,0
137,blocking_view,A5,0
137,nested_view,A6,0
137,mutable_view,A6,0
137,blocking_view,A6,0
138,nested_view,A1,0
138,mutable_view,A1,0
138,blocking_view,A1,0
138,nested_view,A2,0
138,mutable_view,A2,0
138,blocking_view,A2,0
138,nested_view,A3,0
138,mutable_view,A3,0
138,blocking_view,A3,0
138,nested_view,A4,0
138,mutable_view,A4,1
138,blocking_view,A4,0
138,nested_view,A5,0
138,mutable_view,A5,0
138,blocking_view,A5,0
138,nested_view,A6,0
138,mutable_view,A6,0
138,blocking_view,A6,0
139,nested_view,A1,1
139,mutable_view,A1,1
139,blocking_view,A1,1
139,nested_view,A2,0
139,mutable_view,A2,0
139,blocking_view,A2,0
139,nested_view,A3,1
139,mutable_view,A3,1
139,blocking_view,A3,1
139,nested_view,A4,1
139,mutable_view,A4,1
139,blocking_view,A4,0
139,nested_view,A5,1
139,mutable_view,A5,1
139,blocking_view,A5,1
139,nested_view,A6,0
139,mutable_view,A6,1
139,blocking_view,A6,1
140,nested_view,A1,0
140,mutable_view,A1,1
140,blocking_view,A1,1
140,nested_view,A2,0
140,mutable_view,A2,0
140,blocking_view,A2,0
140,nested_view,A3,0
140,mutable_view,A3,1
140,blocking_view,A3,0
140,nested_view,A4,1
140,mutable_view,A4,1
140,blocking_view,A4,0
140,nested_view,A5,0
140,mutable_view,A5,1
140,blocking_view,A5,1
140,nested_view,A6,0
140,mutable_view,A6,1
140,blocking_view,A6,1
141,nested_view,A1,0
141,mutable_view,A1,0
141,blocking_view,A1,0
141,nested_view,A2,0
141,mutable_view,A2,0
141,blocking_view,A2,0
141,nested_view,A3,0
141,mutable_view,A3,0
141,blocking_view,A3,0
141,nested_view,A4,0
141,mutable_view,A4,1
141,blocking_view,A4,0
141,nested_view,A5,0
141,mutable_view,A5,1
141,blocking_view,A5,1
141,nested_view,A6,0
141,mutable_view,A6,0
141,blocking_view,A6,0
142,nested_view,A1,1
142,mutable_view,A1,1
142,blocking_view,A1,1
142,nested_view,A2,0
142,mutable_view,A2,0
142,blocking_view,A2,0
142,nested_view,A3,1
142,mutable_view,A3,1
142,blocking_view,A3,1
142,nested_view,A4,1
142,mutable_view,A4,1
142,blocking_view,A4,0
142,nested_view,A5,1
142,mutable_view,A5,1
142,blocking_view,A5,0
142,nested_view,A6,0
142,mutable_view,A6,1
142,blocking_view,A6,1
143,nested_view,A1,1
143,mutable_view,A1,1
143,blocking_view,A1,1
143,nested_view,A2,1
143,mutable_view,A2,0
143,blocking_view,A2,0
143,nested_view,A3,1
143,mutable_view,A3,1
143,blocking_view,A3,1
143,nested_view,A4,1
143,mutable_view,A4,1
143,blocking_view,A4,0
143,nested_view,A5,1
143,mutable_view,A5,1
143,blocking_view,A5,0
143,nested_view,A6,0
143,mutable_view,A6,1
143,blocking_view,A6,1
144,nested_view,A1,0
144,mutable_view,A1,0
144,blocking_view,A1,0
144,nested_view,A2,0
144,mutable_view,A2,0
144,blocking_view,A2,0
144,nested_view,A3,0
144,mutable_view,A3,0
144,blocking_view,A3,0
144,nested_view,A4,0
144,mutable_view,A4,1
144,blocking_view,A4,0
144,nested_view,A5,0
144,mutable_view,A5,1
144,blocking_view,A5,0
144,nested_view,A6,0
144,mutable_view,A6,0
144,blocking_view,A6,0
145,nested_view,A1,0
145,mutable_view,A1,0
145,blocking_view,A1,0
145,nested_view,A2,0
145,mutable_view,A2,0
145,blocking_view,A2,0
145,nested_view,A3,0
145,mutable_view,A3,0
145,blocking_view,A3,0
145,nested_view,A4,0
145,mutable_view,A4,0
145,blocking_view,A4,0
145,nested_view,A5,0
145,mutable_view,A5,0
145,blocking_view,A5,0
145,nested_view,A6,0
145,mutable_view,A6,1
145,blocking_view,A6,1
146,nested_view,A1,0
146,mutable_view,A1,0
146,blocking_view,A1,0
146,nested_view,A2,0
146,mutable_view,A2,0
146,blocking_view,A2,0
146,nested_view,A3,0
146,mutable_view,A3,0
146,blocking_view,A3,0
146,nested_view,A4,0
146,mutable_view,A4,1
146,blocking_view,A4,0
146,nested_view,A5,0
146,mutable_view,A5,1
146,blocking_view,A5,0
146,nested_view,A6,0
146,mutable_view,A6,0
146,blocking_view,A6,0
147,nested_view,A1,0
147,mutable_view,A1,0
147,blocking_view,A1,0
147,nested_view,A2,0
147,mutable_view,A2,0
147,blocking_view,A2,0
147,nested_view,A3,0
147,mutable_view,A3,0
147,blocking_view,A3,0
147,nested_view,A4,0
147,mutable_view,A4,1
147,blocking_view,A4,0
147,nested_view,A5,0
147,mutable_view,A5,1
147,blocking_view,A5,0
147,nested_view,A6,0
147,mutable_view,A6,0
147,blocking_view,A6,0
148,nested_view,A1,0
148,mutable_view,A1,0
148,blocking_view,A1,0
148,nested_view,A2,0
148,mutable_view,A2,0
148,blocking_view,A2,0
148,nested_view,A3,0
148,mutable_view,A3,0
148,blocking_view,A3,0
148,nested_view,A4,0
148,mutable_view,A4,1
148,blocking_view,A4,0
148,nested_view,A5,0
148,mutable_view,A5,1
148,blocking_view,A5,0
148,nested_view,A6,0
148,mutable_view,A6,0
148,blocking_view,A6,0
149,nested_view,A1,0
149,mutable_view,A1,0
149,blocking_view,A1,0
149,nested_view,A2,0
149,mutable_view,A2,0
149,blocking_view,A2,0
149,nested_view,A3,0
149,mutable_view,A3,0
149,blocking_view,A3,0
149,nested_view,A4,0
149,mutable_view,A4,1
149,blocking_view,A4,0
149,nested_view,A5,0
149,mutable_view,A5,1
149,blocking_view,A5,0
149,nested_view,A6,0
149,mutable_view,A6,0
149,blocking_view,A6,0
150,nested_view,A1,0
150,mutable_view,A1,0
150,blocking_view,A1,0
150,nested_view,A2,0
150,mutable_view,A2,0
150,blocking_view,A2,0
150,nested_view,A3,0
150,mutable_view,A3,0
150,blocking_view,A3,0
150,nested_view,A4,0
150,mutable_view,A4,1
150,blocking_view,A4,0
150,nested_view,A5,0
150,mutable_view,A5,1
150,blocking_view,A5,0
150,nested_view,A6,0
150,mutable_view,A6,0
150,blocking_view,A6,0
151,nested_view,A1,0
151,mutable_view,A1,0
151,blocking_view,A1,0
151,nested_view,A2,0
151,mutable_view,A2,0
151,blocking_view,A2,0
151,nested_view,A3,0
151,mutable_view,A3,0
151,blocking_view,A3,0
151,nested_view,A4,0
151,mutable_view,A4,1
151,blocking_view,A4,0
151,nested_view,A5,0
151,mutable_view,A5,1
151,blocking_view,A5,0
151,nested_view,A6,0
151,mutable_view,A6,1
151,blocking_view,A6,1
152,nested_view,A1,0
152,mutable_view,A1,0
152,blocking_view,A1,0
152,nested_view,A2,0
152,mutable_view,A2,0
152,blocking_view,A2,0
152,nested_view,A3,0
152,mutable_view,A3,0
152,blocking_view,A3,0
152,nested_view,A4,0
152,mutable_view,A4,0
152,blocking_view,A4,0
152,nested_view,A5,0
152,mutable_view,A5,0
152,blocking_view,A5,0
152,nested_view,A6,0
152,mutable_view,A6,0
152,blocking_view,A6,0
153,nested_view,A1,1
153,mutable_view,A1,1
153,blocking_view,A1,1
153,nested_view,A2,1
153,mutable_view,A2,0
153,blocking_view,A2,0
153,nested_view,A3,1
153,mutable_view,A3,1
153,blocking_view,A3,1
153,nested_view,A4,0
153,mutable_view,A4,1
153,blocking_view,A4,0
153,nested_view,A5,1
153,mutable_view,A5,1
153,blocking_view,A5,0
153,nested_view,A6,0
153,mutable_view,A6,1
153,blocking_view,A6,1
154,nested_view,A1,0
154,mutable_view,A1,0
154,blocking_view,A1,0
154,nested_view,A2,0
154,mutable_view,A2,0
154,blocking_view,A2,0
154,nested_view,A3,0
154,mutable_view,A3,0
154,blocking_view,A3,0
154,nested_view,A4,0
154,mutable_view,A4,1
154,blocking_view,A4,0
154,nested_view,A5,0
154,mutable_view,A5,1
154,blocking_view,A5,0
154,nested_view,A6,0
154,mutable_view,A6,0
154,blocking_view,A6,0
155,nested_view,A1,0
155,mutable_view,A1,0
155,blocking_view,A1,0
155,nested_view,A2,1
155,mutable_view,A2,0
155,blocking_view,A2,0
155,nested_view,A3,0
155,mutable_view,A3,1
155,blocking_view,A3,0
155,nested_view,A4,1
155,mutable_view,A4,1
155,blocking_view,A4,0
155,nested_view,A5,0
155,mutable_view,A5,1
155,blocking_view,A5,0
155,nested_view,A6,0
155,mutable_view,A6,0
155,blocking_view,A6,0
156,nested_view,A1,0
156,mutable_view,A1,0
156,blocking_view,A1,0
156,nested_view,A2,0
156,mutable_view,A2,0
156,blocking_view,A2,0
156,nested_view,A3,0
156,mutable_view,A3,0
156,blocking_view,A3,0
156,nested_view,A4,0
156,mutable_view,A4,0
156,blocking_view,A4,0
156,nested_view,A5,0
156,mutable_view,A5,0
156,blocking_view,A5,0
156,nested_view,A6,0
156,mutable_view,A6,0
156,blocking_view,A6,0
157,nested_view,A1,0
157,mutable_view,A1,0
157,blocking_view,A1,0
157,nested_view,A2,0
157,mutable_view,A2,0
157,blocking_view,A2,0
157,nested_view,A3,0
157,mutable_view,A3,0
157,blocking_view,A3,0
157,nested_view,A4,0
157,mutable_view,A4,1
157,blocking_view,A4,0
157,nested_view,A5,0
157,mutable_view,A5,1
157,blocking_view,A5,0
157,nested_view,A6,0
157,mutable_view,A6,0
157,blocking_view,A6,0
158,nested_view,A1,0
158,mutable_view,A1,0
158,blocking_view,A1,0
158,nested_view,A2,0
158,mutable_view,A2,0
158,blocking_view,A2,0
158,nested_view,A3,0
158,mutable_view,A3,0
158,blocking_view,A3,0
158,nested_view,A4,0
158,mutable_view,A4,0
158,blocking_view,A4,0
158,nested_view,A5,0
158,mutable_view,A5,0
158,blocking_view,A5,0
158,nested_view,A6,0
158,mutable_view,A6,0
158,blocking_view,A6,0
159,nested_view,A1,0
159,mutable_view,A1,0
159,blocking_view,A1,0
159,nested_view,A2,1
159,mutable_view,A2,0
159,blocking_view,A2,0
159,nested_view,A3,0
159,mutable_view,A3,0
159,blocking_view,A3,0
159,nested_view,A4,0
159,mutable_view,A4,1
159,blocking_view,A4,0
159,nested_view,A5,0
159,mutable_view,A5,1
159,blocking_view,A5,0
159,nested_view,A6,0
159,mutable_view,A6,0
159,blocking_view,A6,0
160,nested_view,A1,0
160,mutable_view,A1,0
160,blocking_view,A1,0
160,nested_view,A2,0
160,mutable_view,A2,0
160,blocking_view,A2,0
160,nested_view,A3,0
160,mutable_view,A3,0
160,blocking_view,A3,0
160,nested_view,A4,0
160,mutable_view,A4,0
160,blocking_view,A4,0
160,nested_view,A5,0
160,mutable_view,A5,0
160,blocking_view,A5,0
160,nested_view,A6,0
160,mutable_view,A6,0
160,blocking_view,A6,0
161,nested_view,A1,1
161,mutable_view,A1,1
161,blocking_view,A1,1
161,nested_view,A2,1
161,mutable_view,A2,0
161,blocking_view,A2,0
161,nested_view,A3,1
161,mutable_view,A3,1
161,blocking_view,A3,1
161,nested_view,A4,0
161,mutable_view,A4,1
161,blocking_view,A4,1
161,nested_view,A5,1
161,mutable_view,A5,1
161,blocking_view,A5,1
161,nested_view,A6,0
161,mutable_view,A6,1
161,blocking_view,A6,1
162,nested_view,A1,0
162,mutable_view,A1,0
162,blocking_view,A1,0
162,nested_view,A2,0
162,mutable_view,A2,0
162,blocking_view,A2,0
162,nested_view,A3,0
162,mutable_view,A3,0
162,blocking_view,A3,0
162,nested_view,A4,0
162,mutable_view,A4,0
162,blocking_view,A4,0
162,nested_view,A5,0
162,mutable_view,A5,0
162,blocking_view,A5,0
162,nested_view,A6,0
162,mutable_view,A6,1
162,blocking_view,A6,1
163,nested_view,A1,0
163,mutable_view,A1,1
163,blocking_view,A1,1
163,nested_view,A2,1
163,mutable_view,A2,0
163,blocking_view,A2,0
163,nested_view,A3,0
163,mutable_view,A3,1
163,blocking_view,A3,1
163,nested_view,A4,1
163,mutable_view,A4,1
163,blocking_view,A4,1
163,nested_view,A5,1
163,mutable_view,A5,1
163,blocking_view,A5,1
163,nested_view,A6,0
163,mutable_view,A6,1
163,blocking_view,A6,1
164,nested_view,A1,0
164,mutable_view,A1,0
164,blocking_view,A1,0
164,nested_view,A2,0
164,mutable_view,A2,0
164,blocking_view,A2,0
164,nested_view,A3,0
164,mutable_view,A3,0
164,blocking_view,A3,0
164,nested_view,A4,0
164,mutable_view,A4,1
164,blocking_view,A4,0
164,nested_view,A5,0
164,mutable_view,A5,1
164,blocking_view,A5,1
164,nested_view,A6,0
164,mutable_view,A6,1
164,blocking_view,A6,0
165,nested_view,A1,0
165,mutable_view,A1,0
165,blocking_view,A1,0
165,nested_view,A2,0
165,mutable_view,A2,0
165,blocking_view,A2,0
165,nested_view,A3,0
165,mutable_view,A3,1
165,blocking_view,A3,0
165,nested_view,A4,0
165,mutable_view,A4,1
165,blocking_view,A4,0
165,nested_view,A5,0
165,mutable_view,A5,1
165,blocking_view,A5,1
165,nested_view,A6,0
165,mutable_view,A6,1
165,blocking_view,A6,0
166,nested_view,A1,0
166,mutable_view,A1,0
166,blocking_view,A1,0
166,nested_view,A2,0
166,mutable_view,A2,0
166,blocking_view,A2,0
166,nested_view,A3,0
166,mutable_view,A3,0
166,blocking_view,A3,0
166,nested_view,A4,0
166,mutable_view,A4,1
166,blocking_view,A4,0
166,nested_view,A5,0
166,mutable_view,A5,1
166,blocking_view,A5,1
166,nested_view,A6,0
166,mutable_view,A6,1
166,blocking_view,A6,0
167,nested_view,A1,0
167,mutable_view,A1,0
167,blocking_view,A1,0
167,nested_view,A2,0
167,mutable_view,A2,0
167,blocking_view,A2,0
167,nested_view,A3,0
167,mutable_view,A3,0
167,blocking_view,A3,0
167,nested_view,A4,0
167,mutable_view,A4,1
167,blocking_view,A4,0
167,nested_view,A5,0
167,mutable_view,A5,1
167,blocking_view,A5,1
167,nested_view,A6,0
167,mutable_view,A6,0
167,blocking_view,A6,0
168,nested_view,A1,0
168,mutable_view,A1,0
168,blocking_view,A1,0
168,nested_view,A2,0
168,mutable_view,A2,0
168,blocking_view,A2,0
168,nested_view,A3,0
168,mutable_view,A3,0
168,blocking_view,A3,0
168,nested_view,A4,0
168,mutable_view,A4,1
168,blocking_view,A4,0
168,nested_view,A5,0
168,mutable_view,A5,1
168,blocking_view,A5,0
168,nested_view,A6,0
168,mutable_view,A6,0
168,blocking_view,A6,0
169,nested_view,A1,0
169,mutable_view,A1,0
169,blocking_view,A1,0
169,nested_view,A2,0
169,mutable_view,A2,0
169,blocking_view,A2,0
169,nested_view,A3,0
169,mutable_view,A3,0
169,blocking_view,A3,0
169,nested_view,A4,0
169,mutable_view,A4,1
169,blocking_view,A4,0
169,nested_view,A5,0
169,mutable_view,A5,1
169,blocking_view,A5,1
169,nested_view,A6,0
169,mutable_view,A6,0
169,blocking_view,A6,1
170,nested_view,A1,0
170,mutable_view,A1,0
170,blocking_view,A1,0
170,nested_view,A2,0
170,mutable_view,A2,0
170,blocking_view,A2,0
170,nested_view,A3,0
170,mutable_view,A3,1
170,blocking_view,A3,0
170,nested_view,A4,0
170,mutable_view,A4,1
170,blocking_view,A4,0
170,nested_view,A5,0
170,mutable_view,A5,1
170,blocking_view,A5,0
170,nested_view,A6,0
170,mutable_view,A6,1
170,blocking_view,A6,1
171,nested_view,A1,0
171,mutable_view,A1,0
171,blocking_view,A1,0
171,nested_view,A2,0
171,mutable_view,A2,0
171,blocking_view,A2,0
171,nested_view,A3,0
171,mutable_view,A3,0
171,blocking_view,A3,0
171,nested_view,A4,0
171,mutable_view,A4,1
171,blocking_view,A4,0
171,nested_view,A5,0
171,mutable_view,A5,1
171,blocking_view,A5,1
171,nested_view,A6,0
171,mutable_view,A6,1
171,blocking_view,A6,1
172,nested_view,A1,0
172,mutable_view,A1,1
172,blocking_view,A1,1
172,nested_view,A2,0
172,mutable_view,A2,0
172,blocking_view,A2,0
172,nested_view,A3,0
172,mutable_view,A3,1
172,blocking_view,A3,1
172,nested_view,A4,0
172,mutable_view,A4,1
172,blocking_view,A4,0
172,nested_view,A5,0
172,mutable_view,A5,1
172,blocking_view,A5,1
172,nested_view,A6,0
172,mutable_view,A6,0
172,blocking_view,A6,1
173,nested_view,A1,1
173,mutable_view,A1,1
173,blocking_view,A1,1
173,nested_view,A2,1
173,mutable_view,A2,0
173,blocking_view,A2,1
173,nested_view,A3,1
173,mutable_view,A3,1
173,blocking_view,A3,1
173,nested_view,A4,1
173,mutable_view,A4,1
173,blocking_view,A4,0
173,nested_view,A5,1
173,mutable_view,A5,1
173,blocking_view,A5,1
173,nested_view,A6,0
173,mutable_view,A6,1
173,blocking_view,A6,1
174,nested_view,A1,1
174,mutable_view,A1,1
174,blocking_view,A1,1
174,nested_view,A2,1
174,mutable_view,A2,0
174,blocking_view,A2,0
174,nested_view,A3,1
174,mutable_view,A3,1
174,blocking_view,A3,1
174,nested_view,A4,1
174,mutable_view,A4,1
174,blocking_view,A4,0
174,nested_view,A5,1
174,mutable_view,A5,1
174,blocking_view,A5,0
174,nested_view,A6,0
174,mutable_view,A6,1
174,blocking_view,A6,1
175,nested_view,A1,0
175,mutable_view,A1,0
175,blocking_view,A1,0
175,nested_view,A2,0
175,mutable_view,A2,0
175,blocking_view,A2,0
175,nested_view,A3,0
175,mutable_view,A3,0
175,blocking_view,A3,0
175,nested_view,A4,0
175,mutable_view,A4,1
175,blocking_view,A4,0
175,nested_view,A5,0
175,mutable_view,A5,1
175,blocking_view,A5,0
175,nested_view,A6,0
175,mutable_view,A6,0
175,blocking_view,A6,0
176,nested_view,A1,0
176,mutable_view,A1,0
176,blocking_view,A1,0
176,nested_view,A2,0
176,mutable_view,A2,0
176,blocking_view,A2,0
176,nested_view,A3,0
176,mutable_view,A3,0
176,blocking_view,A3,0
176,nested_view,A4,0
176,mutable_view,A4,1
176,blocking_view,A4,0
176,nested_view,A5,0
176,mutable_view,A5,1
176,blocking_view,A5,0
176,nested_view,A6,0
176,mutable_view,A6,0
176,blocking_view,A6,0
177,nested_view,A1,0
177,mutable_view,A1,0
177,blocking_view,A1,0
177,nested_view,A2,0
177,mutable_view,A2,0
177,blocking_view,A2,0
177,nested_view,A3,0
177,mutable_view,A3,0
177,blocking_view,A3,0
177,nested_view,A4,0
177,mutable_view,A4,1
177,blocking_view,A4,0
177,nested_view,A5,0
177,mutable_view,A5,1
177,blocking_view,A5,0
177,nested_view,A6,0
177,mutable_view,A6,0
177,blocking_view,A6,0
178,nested_view,A1,0
178,mutable_view,A1,0
178,blocking_view,A1,1
178,nested_view,A2,0
178,mutable_view,A2,0
178,blocking_view,A2,0
178,nested_view,A3,0
178,mutable_view,A3,0
178,blocking_view,A3,1
178,nested_view,A4,0
178,mutable_view,A4,0
178,blocking_view,A4,0
178,nested_view,A5,0
178,mutable_view,A5,0
178,blocking_view,A5,0
178,nested_view,A6,0
178,mutable_view,A6,0
178,blocking_view,A6,0
179,nested_view,A1,0
179,mutable_view,A1,1
179,blocking_view,A1,1
179,nested_view,A2,0
179,mutable_view,A2,0
179,blocking_view,A2,0
179,nested_view,A3,0
179,mutable_view,A3,1
179,blocking_view,A3,1
179,nested_view,A4,1
179,mutable_view,A4,1
179,blocking_view,A4,0
179,nested_view,A5,0
179,mutable_view,A5,1
179,blocking_view,A5,0
179,nested_view,A6,0
179,mutable_view,A6,0
179,blocking_view,A6,1
180,nested_view,A1,0
180,mutable_view,A1,0
180,blocking_view,A1,0
180,nested_view,A2,0
180,mutable_view,A2,0
180,blocking_view,A2,0
180,nested_view,A3,0
180,mutable_view,A3,1
180,blocking_view,A3,0
180,nested_view,A4,0
180,mutable_view,A4,1
180,blocking_view,A4,0
180,nested_view,A5,0
180,mutable_view,A5,1
180,blocking_view,A5,0
180,nested_view,A6,0
180,mutable_view,A6,0
180,blocking_view,A6,0
181,nested_view,A1,0
181,mutable_view,A1,0
181,blocking_view,A1,0
181,nested_view,A2,0
181,mutable_view,A2,0
181,blocking_view,A2,0
181,nested_view,A3,0
181,mutable_view,A3,0
181,blocking_view,A3,0
181,nested_view,A4,0
181,mutable_view,A4,1
181,blocking_view,A4,0
181,nested_view,A5,0
181,mutable_view,A5,1
181,blocking_view,A5,0
181,nested_view,A6,0
181,mutable_view,A6,0
181,blocking_view,A6,0
182,nested_view,A1,0
182,mutable_view,A1,0
182,blocking_view,A1,0
182,nested_view,A2,0
182,mutable_view,A2,0
182,blocking_view,A2,0
182,nested_view,A3,0
182,mutable_view,A3,0
182,blocking_view,A3,0
182,nested_view,A4,0
182,mutable_view,A4,0
182,blocking_view,A4,0
182,nested_view,A5,0
182,mutable_view,A5,0
182,blocking_view,A5,0
182,nested_view,A6,0
182,mutable_view,A6,0
182,blocking_view,A6,0
183,nested_view,A1,0
183,mutable_view,A1,1
183,blocking_view,A1,1
183,nested_view,A2,0
183,mutable_view,A2,0
183,blocking_view,A2,0
183,nested_view,A3,0
183,mutable_view,A3,1
183,blocking_view,A3,1
183,nested_view,A4,1
183,mutable_view,A4,1
183,blocking_view,A4,0
183,nested_view,A5,0
183,mutable_view,A5,1
183,blocking_view,A5,0
183,nested_view,A6,0
183,mutable_view,A6,1
183,blocking_view,A6,1
184,nested_view,A1,0
184,mutable_view,A1,1
184,blocking_view,A1,1
184,nested_view,A2,0
184,mutable_view,A2,0
184,blocking_view,A2,1
184,nested_view,A3,0
184,mutable_view,A3,1
184,blocking_view,A3,1
184,nested_view,A4,0
184,mutable_view,A4,1
184,blocking_view,A4,0
184,nested_view,A5,0
184,mutable_view,A5,1
184,blocking_view,A5,1
184,nested_view,A6,0
184,mutable_view,A6,1
184,blocking_view,A6,1
185,nested_view,A1,0
185,mutable_view,A1,0
185,blocking_view,A1,0
185,nested_view,A2,0
185,mutable_view,A2,0
185,blocking_view,A2,0
185,nested_view,A3,0
185,mutable_view,A3,1
185,blocking_view,A3,0
185,nested_view,A4,0
185,mutable_view,A4,1
185,blocking_view,A4,0
185,nested_view,A5,0
185,mutable_view,A5,1
185,blocking_view,A5,0
185,nested_view,A6,0
185,mutable_view,A6,0
185,blocking_view,A6,0
186,nested_view,A1,0
186,mutable_view,A1,0
186,blocking_view,A1,0
186,nested_view,A2,0
186,mutable_view,A2,0
186,blocking_view,A2,0
186,nested_view,A3,0
186,mutable_view,A3,0
186,blocking_view,A3,0
186,nested_view,A4,0
186,mutable_view,A4,0
186,blocking_view,A4,0
186,nested_view,A5,0
186,mutable_view,A5,0
186,blocking_view,A5,0
186,nested_view,A6,0
186,mutable_view,A6,0
186,blocking_view,A6,0
187,nested_view,A1,0
187,mutable_view,A1,0
187,blocking_view,A1,0
187,nested_view,A2,0
187,mutable_view,A2,1
187,blocking_view,A2,0
187,nested_view,A3,0
187,mutable_view,A3,0
187,blocking_view,A3,0
187,nested_view,A4,0
187,mutable_view,A4,1
187,blocking_view,A4,0
187,nested_view,A5,0
187,mutable_view,A5,1
187,blocking_view,A5,0
187,nested_view,A6,0
187,mutable_view,A6,0
187,blocking_view,A6,0
188,nested_view,A1,0
188,mutable_view,A1,0
188,blocking_view,A1,0
188,nested_view,A2,0
188,mutable_view,A2,1
188,blocking_view,A2,0
188,nested_view,A3,0
188,mutable_view,A3,0
188,blocking_view,A3,0
188,nested_view,A4,0
188,mutable_view,A4,1
188,blocking_view,A4,0
188,nested_view,A5,0
188,mutable_view,A5,1
188,blocking_view,A5,0
188,nested_view,A6,0
188,mutable_view,A6,0
188,blocking_view,A6,0
189,nested_view,A1,0
189,mutable_view,A1,0
189,blocking_view,A1,0
189,nested_view,A2,0
189,mutable_view,A2,0
189,blocking_view,A2,0
189,nested_view,A3,0
189,mutable_view,A3,0
189,blocking_view,A3,0
189,nested_view,A4,0
189,mutable_view,A4,1
189,blocking_view,A4,0
189,nested_view,A5,0
189,mutable_view,A5,1
189,blocking_view,A5,0
189,nested_view,A6,0
189,mutable_view,A6,0
189,blocking_view,A6,0
190,nested_view,A1,1
190,mutable_view,A1,1
190,blocking_view,A1,1
190,nested_view,A2,0
190,mutable_view,A2,1
190,blocking_view,A2,0
190,nested_view,A3,0
190,mutable_view,A3,1
190,blocking_view,A3,0
190,nested_view,A4,1
190,mutable_view,A4,1
190,blocking_view,A4,0
190,nested_view,A5,0
190,mutable_view,A5,1
190,blocking_view,A5,0
190,nested_view,A6,0
190,mutable_view,A6,1
190,blocking_view,A6,1
191,nested_view,A1,0
191,mutable_view,A1,0
191,blocking_view,A1,0
191,nested_view,A2,0
191,mutable_view,A2,0
191,blocking_view,A2,0
191,nested_view,A3,0
191,mutable_view,A3,0
191,blocking_view,A3,0
191,nested_view,A4,0
191,mutable_view,A4,1
191,blocking_view,A4,0
191,nested_view,A5,0
191,mutable_view,A5,1
191,blocking_view,A5,0
191,nested_view,A6,0
191,mutable_view,A6,1
191,blocking_view,A6,0
192,nested_view,A1,0
192,mutable_view,A1,0
192,blocking_view,A1,1
192,nested_view,A2,1
192,mutable_view,A2,0
192,blocking_view,A2,0
192,nested_view,A3,0
192,mutable_view,A3,0
192,blocking_view,A3,1
192,nested_view,A4,0
192,mutable_view,A4,0
192,blocking_view,A4,0
192,nested_view,A5,0
192,mutable_view,A5,0
192,blocking_view,A5,0
192,nested_view,A6,0
192,mutable_view,A6,0
192,blocking_view,A6,0
193,nested_view,A1,0
193,mutable_view,A1,0
193,blocking_view,A1,0
193,nested_view,A2,0
193,mutable_view,A2,0
193,blocking_view,A2,0
193,nested_view,A3,0
193,mutable_view,A3,0
193,blocking_view,A3,0
193,nested_view,A4,0
193,mutable_view,A4,1
193,blocking_view,A4,0
193,nested_view,A5,0
193,mutable_view,A5,1
193,blocking_view,A5,0
193,nested_view,A6,0
193,mutable_view,A6,0
193,blocking_view,A6,0
194,nested_view,A1,0
194,mutable_view,A1,0
194,blocking_view,A1,0
194,nested_view,A2,0
194,mutable_view,A2,0
194,blocking_view,A2,0
194,nested_view,A3,0
194,mutable_view,A3,0
194,blocking_view,A3,0
194,nested_view,A4,0
194,mutable_view,A4,1
194,blocking_view,A4,0
194,nested_view,A5,0
194,mutable_view,A5,1
194,blocking_view,A5,0
194,nested_view,A6,0
194,mutable_view,A6,0
194,blocking_view,A6,0
195,nested_view,A1,0
195,mutable_view,A1,0
195,blocking_view,A1,0
195,nested_view,A2,0
195,mutable_view,A2,0
195,blocking_view,A2,0
195,nested_view,A3,0
195,mutable_view,A3,1
195,blocking_view,A3,0
195,nested_view,A4,0
195,mutable_view,A4,1
195,blocking_view,A4,0
195,nested_view,A5,0
195,mutable_view,A5,1
195,blocking_view,A5,0
195,nested_view,A6,0
195,mutable_view,A6,0
195,blocking_view,A6,0
196,nested_view,A1,0
196,mutable_view,A1,1
196,blocking_view,A1,1
196,nested_view,A2,0
196,mutable_view,A2,0
196,blocking_view,A2,0
196,nested_view,A3,0
196,mutable_view,A3,1
196,blocking_view,A3,1
196,nested_view,A4,0
196,mutable_view,A4,1
196,blocking_view,A4,0
196,nested_view,A5,0
196,mutable_view,A5,1
196,blocking_view,A5,0
196,nested_view,A6,0
196,mutable_view,A6,1
196,blocking_view,A6,1
197,nested_view,A1,0
197,mutable_view,A1,0
197,blocking_view,A1,0
197,nested_view,A2,0
197,mutable_view,A2,0
197,blocking_view,A2,0
197,nested_view,A3,0
197,mutable_view,A3,0
197,blocking_view,A3,0
197,nested_view,A4,0
197,mutable_view,A4,1
197,blocking_view,A4,0
197,nested_view,A5,0
197,mutable_view,A5,1
197,blocking_view,A5,0
197,nested_view,A6,0
197,mutable_view,A6,0
197,blocking_view,A6,1
198,nested_view,A1,0
198,mutable_view,A1,0
198,blocking_view,A1,0
198,nested_view,A2,0
198,mutable_view,A2,0
198,blocking_view,A2,0
198,nested_view,A3,0
198,mutable_view,A3,0
198,blocking_view,A3,0
198,nested_view,A4,0
198,mutable_view,A4,0
198,blocking_view,A4,0
198,nested_view,A5,0
198,mutable_view,A5,0
198,blocking_view,A5,0
198,nested_view,A6,0
198,mutable_view,A6,0
198,blocking_view,A6,0
199,nested_view,A1,0
199,mutable_view,A1,0
199,blocking_view,A1,0
199,nested_view,A2,0
199,mutable_view,A2,0
199,blocking_view,A2,0
199,nested_view,A3,0
199,mutable_view,A3,0
199,blocking_view,A3,0
199,nested_view,A4,0
199,mutable_view,A4,1
199,blocking_view,A4,0
199,nested_view,A5,0
199,mutable_view,A5,1
199,blocking_view,A5,0
199,nested_view,A6,0
199,mutable_view,A6,1
199,blocking_view,A6,1
200,nested_view,A1,0
200,mutable_view,A1,0
200,blocking_view,A1,0
200,nested_view,A2,0
200,mutable_view,A2,0
200,blocking_view,A2,0
200,nested_view,A3,0
200,mutable_view,A3,0
200,blocking_view,A3,0
200,nested_view,A4,0
200,mutable_view,A4,1
200,blocking_view,A4,0
200,nested_view,A5,0
200,mutable_view,A5,1
200,blocking_view,A5,0
200,nested_view,A6,0
200,mutable_view,A6,0
200,blocking_view,A6,1
201,nested_view,A1,0
201,mutable_view,A1,0
201,blocking_view,A1,0
201,nested_view,A2,0
201,mutable_view,A2,0
201,blocking_view,A2,0
201,nested_view,A3,0
201,mutable_view,A3,0
201,blocking_view,A3,0
201,nested_view,A4,0
201,mutable_view,A4,1
201,blocking_view,A4,0
201,nested_view,A5,0
201,mutable_view,A5,1
201,blocking_view,A5,0
201,nested_view,A6,0
201,mutable_view,A6,0
201,blocking_view,A6,0
202,nested_view,A1,0
202,mutable_view,A1,0
202,blocking_view,A1,0
202,nested_view,A2,0
202,mutable_view,A2,0
202,blocking_view,A2,0
202,nested_view,A3,0
202,mutable_view,A3,0
202,blocking_view,A3,0
202,nested_view,A4,0
202,mutable_view,A4,1
202,blocking_view,A4,0
202,nested_view,A5,0
202,mutable_view,A5,1
202,blocking_view,A5,0
202,nested_view,A6,0
202,mutable_view,A6,0
202,blocking_view,A6,0
203,nested_view,A1,0
203,mutable_view,A1,0
203,blocking_view,A1,0
203,nested_view,A2,0
203,mutable_view,A2,0
203,blocking_view,A2,0
203,nested_view,A3,0
203,mutable_view,A3,0
203,blocking_view,A3,0
203,nested_view,A4,0
203,mutable_view,A4,1
203,blocking_view,A4,0
203,nested_view,A5,0
203,mutable_view,A5,1
203,blocking_view,A5,0
203,nested_view,A6,0
203,mutable_view,A6,0
203,blocking_view,A6,0
204,nested_view,A1,0
204,mutable_view,A1,0
204,blocking_view,A1,0
204,nested_view,A2,0
204,mutable_view,A2,0
204,blocking_view,A2,0
204,nested_view,A3,0
204,mutable_view,A3,0
204,blocking_view,A3,0
204,nested_view,A4,0
204,mutable_view,A4,1
204,blocking_view,A4,0
204,nested_view,A5,0
204,mutable_view,A5,1
204,blocking_view,A5,0
204,nested_view,A6,0
204,mutable_view,A6,0
204,blocking_view,A6,0
205,nested_view,A1,0
205,mutable_view,A1,0
205,blocking_view,A1,0
205,nested_view,A2,0
205,mutable_view,A2,0
205,blocking_view,A2,0
205,nested_view,A3,0
205,mutable_view,A3,1
205,blocking_view,A3,0
205,nested_view,A4,0
205,mutable_view,A4,1
205,blocking_view,A4,0
205,nested_view,A5,0
205,mutable_view,A5,1
205,blocking_view,A5,0
205,nested_view,A6,0
205,mutable_view,A6,0
205,blocking_view,A6,0
206,nested_view,A1,1
206,mutable_view,A1,1
206,blocking_view,A1,1
206,nested_view,A2,0
206,mutable_view,A2,0
206,blocking_view,A2,0
206,nested_view,A3,1
206,mutable_view,A3,1
206,blocking_view,A3,1
206,nested_view,A4,1
206,mutable_view,A4,1
206,blocking_view,A4,0
206,nested_view,A5,1
206,mutable_view,A5,1
206,blocking_view,A5,0
206,nested_view,A6,0
206,mutable_view,A6,1
206,blocking_view,A6,1
207,nested_view,A1,0
207,mutable_view,A1,0
207,blocking_view,A1,0
207,nested_view,A2,0
207,mutable_view,A2,0
207,blocking_view,A2,0
207,nested_view,A3,0
207,mutable_view,A3,0
207,blocking_view,A3,0
207,nested_view,A4,0
207,mutable_view,A4,1
207,blocking_view,A4,0
207,nested_view,A5,0
207,mutable_view,A5,1
207,blocking_view,A5,0
207,nested_view,A6,0
207,mutable_view,A6,1
207,blocking_view,A6,0
208,nested_view,A1,0
208,mutable_view,A1,0
208,blocking_view,A1,0
208,nested_view,A2,0
208,mutable_view,A2,0
208,blocking_view,A2,0
208,nested_view,A3,0
208,mutable_view,A3,0
208,blocking_view,A3,0
208,nested_view,A4,0
208,mutable_view,A4,1
208,blocking_view,A4,0
208,nested_view,A5,0
208,mutable_view,A5,1
208,blocking_view,A5,0
208,nested_view,A6,0
208,mutable_view,A6,1
208,blocking_view,A6,1
209,nested_view,A1,0
209,mutable_view,A1,0
209,blocking_view,A1,0
209,nested_view,A2,0
209,mutable_view,A2,0
209,blocking_view,A2,0
209,nested_view,A3,0
209,mutable_view,A3,0
209,blocking_view,A3,0
209,nested_view,A4,0
209,mutable_view,A4,1
209,blocking_view,A4,0
209,nested_view,A5,0
209,mutable_view,A5,1
209,blocking_view,A5,0
209,nested_view,A6,0
209,mutable_view,A6,0
209,blocking_view,A6,0
210,nested_view,A1,1
210,mutable_view,A1,1
210,blocking_view,A1,1
210,nested_view,A2,0
210,mutable_view,A2,0
210,blocking_view,A2,0
210,nested_view,A3,0
210,mutable_view,A3,1
210,blocking_view,A3,0
210,nested_view,A4,0
210,mutable_view,A4,1
210,blocking_view,A4,0
210,nested_view,A5,0
210,mutable_view,A5,1
210,blocking_view,A5,0
210,nested_view,A6,0
210,mutable_view,A6,1
210,blocking_view,A6,1
211,nested_view,A1,0
211,mutable_view,A1,0
211,blocking_view,A1,0
211,nested_view,A2,0
211,mutable_view,A2,0
211,blocking_view,A2,0
211,nested_view,A3,0
211,mutable_view,A3,0
211,blocking_view,A3,0
211,nested_view,A4,1
211,mutable_view,A4,1
211,blocking_view,A4,0
211,nested_view,A5,0
211,mutable_view,A5,1
211,blocking_view,A5,0
211,nested_view,A6,0
211,mutable_view,A6,0
211,blocking_view,A6,1
212,nested_view,A1,1
212,mutable_view,A1,1
212,blocking_view,A1,1
212,nested_view,A2,1
212,mutable_view,A2,0
212,blocking_view,A2,0
212,nested_view,A3,1
212,mutable_view,A3,1
212,blocking_view,A3,1
212,nested_view,A4,1
212,mutable_view,A4,1
212,blocking_view,A4,0
212,nested_view,A5,1
212,mutable_view,A5,1
212,blocking_view,A5,0
212,nested_view,A6,0
212,mutable_view,A6,1
212,blocking_view,A6,1
213,nested_view,A1,0
213,mutable_view,A1,0
213,blocking_view,A1,0
213,nested_view,A2,0
213,mutable_view,A2,0
213,blocking_view,A2,0
213,nested_view,A3,0
213,mutable_view,A3,0
213,blocking_view,A3,0
213,nested_view,A4,0
213,mutable_view,A4,1
213,blocking_view,A4,0
213,nested_view,A5,0
213,mutable_view,A5,1
213,blocking_view,A5,0
213,nested_view,A6,0
213,mutable_view,A6,0
213,blocking_view,A6,0
214,nested_view,A1,0
214,mutable_view,A1,0
214,blocking_view,A1,0
214,nested_view,A2,0
214,mutable_view,A2,0
214,blocking_view,A2,0
214,nested_view,A3,0
214,mutable_view,A3,0
214,blocking_view,A3,0
214,nested_view,A4,0
214,mutable_view,A4,1
214,blocking_view,A4,0
214,nested_view,A5,0
214,mutable_view,A5,1
214,blocking_view,A5,0
214,nested_view,A6,0
214,mutable_view,A6,0
214,blocking_view,A6,0
215,nested_view,A1,0
215,mutable_view,A1,0
215,blocking_view,A1,0
215,nested_view,A2,0
215,mutable_view,A2,0
215,blocking_view,A2,0
215,nested_view,A3,0
215,mutable_view,A3,1
215,blocking_view,A3,0
215,nested_view,A4,0
215,mutable_view,A4,1
215,blocking_view,A4,0
215,nested_view,A5,0
215,mutable_view,A5,1
215,blocking_view,A5,0
215,nested_view,A6,0
215,mutable_view,A6,0
215,blocking_view,A6,1
216,nested_view,A1,0
216,mutable_view,A1,0
216,blocking_view,A1,0
216,nested_view,A2,0
216,mutable_view,A2,0
216,blocking_view,A2,0
216,nested_view,A3,0
216,mutable_view,A3,0
216,blocking_view,A3,0
216,nested_view,A4,0
216,mutable_view,A4,1
216,blocking_view,A4,0
216,nested_view,A5,0
216,mutable_view,A5,1
216,blocking_view,A5,0
216,nested_view,A6,0
216,mutable_view,A6,0
216,blocking_view,A6,1
217,nested_view,A1,0
217,mutable_view,A1,0
217,blocking_view,A1,0
217,nested_view,A2,0
217,mutable_view,A2,0
217,blocking_view,A2,0
217,nested_view,A3,0
217,mutable_view,A3,0
217,blocking_view,A3,0
217,nested_view,A4,0
217,mutable_view,A4,0
217,blocking_view,A4,0
217,nested_view,A5,0
217,mutable_view,A5,0
217,blocking_view,A5,0
217,nested_view,A6,0
217,mutable_view,A6,0
217,blocking_view,A6,1
218,nested_view,A1,0
218,mutable_view,A1,0
218,blocking_view,A1,0
218,nested_view,A2,1
218,mutable_view,A2,1
218,blocking_view,A2,0
218,nested_view,A3,0
218,mutable_view,A3,0
218,blocking_view,A3,0
218,nested_view,A4,0
218,mutable_view,A4,0
218,blocking_view,A4,0
218,nested_view,A5,0
218,mutable_view,A5,0
218,blocking_view,A5,0
218,nested_view,A6,0
218,mutable_view,A6,0
218,blocking_view,A6,1
219,nested_view,A1,0
219,mutable_view,A1,0
219,blocking_view,A1,0
219,nested_view,A2,0
219,mutable_view,A2,0
219,blocking_view,A2,0
219,nested_view,A3,0
219,mutable_view,A3,0
219,blocking_view,A3,0
219,nested_view,A4,0
219,mutable_view,A4,0
219,blocking_view,A4,0
219,nested_view,A5,0
219,mutable_view,A5,0
219,blocking_view,A5,0
219,nested_view,A6,0
219,mutable_view,A6,0
219,blocking_view,A6,0
220,nested_view,A1,0
220,mutable_view,A1,0
220,blocking_view,A1,0
220,nested_view,A2,0
220,mutable_view,A2,0
220,blocking_view,A2,0
220,nested_view,A3,0
220,mutable_view,A3,0
220,blocking_view,A3,0
220,nested_view,A4,0
220,mutable_view,A4,0
220,blocking_view,A4,0
220,nested_view,A5,0
220,mutable_view,A5,0
220,blocking_view,A5,0
220,nested_view,A6,0
220,mutable_view,A6,0
220,blocking_view,A6,0
221,nested_view,A1,0
221,mutable_view,A1,0
221,blocking_view,A1,0
221,nested_view,A2,0
221,mutable_view,A2,0
221,blocking_view,A2,0
221,nested_view,A3,0
221,mutable_view,A3,0
221,blocking_view,A3,0
221,nested_view,A4,0
221,mutable_view,A4,1
221,blocking_view,A4,0
221,nested_view,A5,0
221,mutable_view,A5,1
221,blocking_view,A5,0
221,nested_view,A6,0
221,mutable_view,A6,0
221,blocking_view,A6,0
222,nested_view,A1,0
222,mutable_view,A1,0
222,blocking_view,A1,0
222,nested_view,A2,0
222,mutable_view,A2,0
222,blocking_view,A2,0
222,nested_view,A3,0
222,mutable_view,A3,0
222,blocking_view,A3,0
222,nested_view,A4,0
222,mutable_view,A4,1
222,blocking_view,A4,0
222,nested_view,A5,0
222,mutable_view,A5,1
222,blocking_view,A5,0
222,nested_view,A6,0
222,mutable_view,A6,1
222,blocking_view,A6,1
223,nested_view,A1,0
223,mutable_view,A1,0
223,blocking_view,A1,0
223,nested_view,A2,0
223,mutable_view,A2,0
223,blocking_view,A2,0
223,nested_view,A3,0
223,mutable_view,A3,0
223,blocking_view,A3,0
223,nested_view,A4,0
223,mutable_view,A4,1
223,blocking_view,A4,0
223,nested_view,A5,0
223,mutable_view,A5,1
223,blocking_view,A5,0
223,nested_view,A6,0
223,mutable_view,A6,1
223,blocking_view,A6,0
224,nested_view,A1,0
224,mutable_view,A1,0
224,blocking_view,A1,0
224,nested_view,A2,0
224,mutable_view,A2,0
224,blocking_view,A2,0
224,nested_view,A3,0
224,mutable_view,A3,0
224,blocking_view,A3,0
224,nested_view,A4,0
224,mutable_view,A4,0
224,blocking_view,A4,0
224,nested_view,A5,0
224,mutable_view,A5,0
224,blocking_view,A5,0
224,nested_view,A6,0
224,mutable_view,A6,0
224,blocking_view,A6,0
225,nested_view,A1,0
225,mutable_view,A1,0
225,blocking_view,A1,0
225,nested_view,A2,0
225,mutable_view,A2,0
225,blocking_view,A2,0
225,nested_view,A3,0
225,mutable_view,A3,0
225,blocking_view,A3,0
225,nested_view,A4,0
225,mutable_view,A4,1
225,blocking_view,A4,0
225,nested_view,A5,0
225,mutable_view,A5,1
225,blocking_view,A5,0
225,nested_view,A6,0
225,mutable_view,A6,0
225,blocking_view,A6,0
226,nested_view,A1,0
226,mutable_view,A1,0
226,blocking_view,A1,0
226,nested_view,A2,0
226,mutable_view,A2,0
226,blocking_view,A2,0
226,nested_view,A3,0
226,mutable_view,A3,0
226,blocking_view,A3,0
226,nested_view,A4,0
226,mutable_view,A4,0
226,blocking_view,A4,0
226,nested_view,A5,0
226,mutable_view,A5,0
226,blocking_view,A5,0
226,nested_view,A6,0
226,mutable_view,A6,1
226,blocking_view,A6,0
227,nested_view,A1,0
227,mutable_view,A1,0
227,blocking_view,A1,0
227,nested_view,A2,0
227,mutable_view,A2,0
227,blocking_view,A2,0
227,nested_view,A3,0
227,mutable_view,A3,0
227,blocking_view,A3,0
227,nested_view,A4,0
227,mutable_view,A4,0
227,blocking_view,A4,0
227,nested_view,A5,0
227,mutable_view,A5,0
227,blocking_view,A5,0
227,nested_view,A6,0
227,mutable_view,A6,0
227,blocking_view,A6,0
228,nested_view,A1,0
228,mutable_view,A1,0
228,blocking_view,A1,0
228,nested_view,A2,0
228,mutable_view,A2,0
228,blocking_view,A2,0
228,nested_view,A3,0
228,mutable_view,A3,0
228,blocking_view,A3,0
228,nested_view,A4,0
228,mutable_view,A4,0
228,blocking_view,A4,0
228,nested_view,A5,0
228,mutable_view,A5,0
228,blocking_view,A5,0
228,nested_view,A6,0
228,mutable_view,A6,0
228,blocking_view,A6,0
229,nested_view,A1,1
229,mutable_view,A1,1
229,blocking_view,A1,1
229,nested_view,A2,1
229,mutable_view,A2,0
229,blocking_view,A2,0
229,nested_view,A3,1
229,mutable_view,A3,1
229,blocking_view,A3,1
229,nested_view,A4,0
229,mutable_view,A4,1
229,blocking_view,A4,0
229,nested_view,A5,1
229,mutable_view,A5,1
229,blocking_view,A5,1
229,nested_view,A6,0
229,mutable_view,A6,1
229,blocking_view,A6,1
230,nested_view,A1,0
230,mutable_view,A1,1
230,blocking_view,A1,1
230,nested_view,A2,0
230,mutable_view,A2,0
230,blocking_view,A2,0
230,nested_view,A3,0
230,mutable_view,A3,1
230,blocking_view,A3,0
230,nested_view,A4,0
230,mutable_view,A4,1
230,blocking_view,A4,0
230,nested_view,A5,0
230,mutable_view,A5,1
230,blocking_view,A5,1
230,nested_view,A6,0
230,mutable_view,A6,1
230,blocking_view,A6,0
231,nested_view,A1,0
231,mutable_view,A1,0
231,blocking_view,A1,0
231,nested_view,A2,0
231,mutable_view,A2,0
231,blocking_view,A2,0
231,nested_view,A3,0
231,mutable_view,A3,0
231,blocking_view,A3,0
231,nested_view,A4,0
231,mutable_view,A4,0
231,blocking_view,A4,0
231,nested_view,A5,0
231,mutable_view,A5,0
231,blocking_view,A5,0
231,nested_view,A6,0
231,mutable_view,A6,0
231,blocking_view,A6,0
232,nested_view,A1,0
232,mutable_view,A1,1
232,blocking_view,A1,1
232,nested_view,A2,0
232,mutable_view,A2,0
232,blocking_view,A2,0
232,nested_view,A3,0
232,mutable_view,A3,1
232,blocking_view,A3,1
232,nested_view,A4,0
232,mutable_view,A4,1
232,blocking_view,A4,0
232,nested_view,A5,0
232,mutable_view,A5,1
232,blocking_view,A5,0
232,nested_view,A6,0
232,mutable_view,A6,1
232,blocking_view,A6,1
233,nested_view,A1,0
233,mutable_view,A1,0
233,blocking_view,A1,0
233,nested_view,A2,0
233,mutable_view,A2,0
233,blocking_view,A2,0
233,nested_view,A3,0
233,mutable_view,A3,0
233,blocking_view,A3,0
233,nested_view,A4,0
233,mutable_view,A4,1
233,blocking_view,A4,0
233,nested_view,A5,0
233,mutable_view,A5,1
233,blocking_view,A5,0
233,nested_view,A6,0
233,mutable_view,A6,0
233,blocking_view,A6,0
234,nested_view,A1,0
234,mutable_view,A1,0
234,blocking_view,A1,0
234,nested_view,A2,0
234,mutable_view,A2,0
234,blocking_view,A2,0
234,nested_view,A3,0
234,mutable_view,A3,0
234,blocking_view,A3,0
234,nested_view,A4,0
234,mutable_view,A4,1
234,blocking_view,A4,0
234,nested_view,A5,0
234,mutable_view,A5,1
234,blocking_view,A5,0
234,nested_view,A6,0
234,mutable_view,A6,0
234,blocking_view,A6,1
235,nested_view,A1,0
235,mutable_view,A1,0
235,blocking_view,A1,0
235,nested_view,A2,0
235,mutable_view,A2,0
235,blocking_view,A2,0
235,nested_view,A3,0
235,mutable_view,A3,1
235,blocking_view,A3,0
235,nested_view,A4,0
235,mutable_view,A4,1
235,blocking_view,A4,0
235,nested_view,A5,0
235,mutable_view,A5,1
235,blocking_view,A5,0
235,nested_view,A6,0
235,mutable_view,A6,1
235,blocking_view,A6,0
236,nested_view,A1,0
236,mutable_view,A1,0
236,blocking_view,A1,0
236,nested_view,A2,0
236,mutable_view,A2,0
236,blocking_view,A2,0
236,nested_view,A3,0
236,mutable_view,A3,0
236,blocking_view,A3,0
236,nested_view,A4,0
236,mutable_view,A4,1
236,blocking_view,A4,0
236,nested_view,A5,0
236,mutable_view,A5,1
236,blocking_view,A5,0
236,nested_view,A6,0
236,mutable_view,A6,0
236,blocking_view,A6,0
237,nested_view,A1,0
237,mutable_view,A1,0
237,blocking_view,A1,0
237,nested_view,A2,0
237,mutable_view,A2,0
237,blocking_view,A2,0
237,nested_view,A3,0
237,mutable_view,A3,0
237,blocking_view,A3,0
237,nested_view,A4,0
237,mutable_view,A4,1
237,blocking_view,A4,0
237,nested_view,A5,0
237,mutable_view,A5,1
237,blocking_view,A5,0
237,nested_view,A6,0
237,mutable_view,A6,0
237,blocking_view,A6,0
238,nested_view,A1,0
238,mutable_view,A1,0
238,blocking_view,A1,0
238,nested_view,A2,0
238,mutable_view,A2,0
238,blocking_view,A2,0
238,nested_view,A3,0
238,mutable_view,A3,0
238,blocking_view,A3,0
238,nested_view,A4,0
238,mutable_view,A4,1
238,blocking_view,A4,0
238,nested_view,A5,0
238,mutable_view,A5,1
238,blocking_view,A5,0
238,nested_view,A6,0
238,mutable_view,A6,0
238,blocking_view,A6,0
239,nested_view,A1,0
239,mutable_view,A1,0
239,blocking_view,A1,0
239,nested_view,A2,0
239,mutable_view,A2,0
239,blocking_view,A2,0
239,nested_view,A3,0
239,mutable_view,A3,0
239,blocking_view,A3,0
239,nested_view,A4,0
239,mutable_view,A4,1
239,blocking_view,A4,0
239,nested_view,A5,0
239,mutable_view,A5,1
239,blocking_view,A5,0
239,nested_view,A6,0
239,mutable_view,A6,1
239,blocking_view,A6,1
240,nested_view,A1,0
240,mutable_view,A1,0
240,blocking_view,A1,0
240,nested_view,A2,0
240,mutable_view,A2,0
240,blocking_view,A2,0
240,nested_view,A3,0
240,mutable_view,A3,1
240,blocking_view,A3,0
240,nested_view,A4,0
240,mutable_view,A4,1
240,blocking_view,A4,0
240,nested_view,A5,0
240,mutable_view,A5,1
240,blocking_view,A5,0
240,nested_view,A6,0
240,mutable_view,A6,0
240,blocking_view,A6,0
241,nested_view,A1,0
241,mutable_view,A1,0
241,blocking_view,A1,0
241,nested_view,A2,0
241,mutable_view,A2,0
241,blocking_view,A2,0
241,nested_view,A3,0
241,mutable_view,A3,0
241,blocking_view,A3,0
241,nested_view,A4,0
241,mutable_view,A4,1
241,blocking_view,A4,0
241,nested_view,A5,0
241,mutable_view,A5,1
241,blocking_view,A5,0
241,nested_view,A6,0
241,mutable_view,A6,1
241,blocking_view,A6,1
242,nested_view,A1,0
242,mutable_view,A1,0
242,blocking_view,A1,0
242,nested_view,A2,0
242,mutable_view,A2,0
242,blocking_view,A2,0
242,nested_view,A3,0
242,mutable_view,A3,0
242,blocking_view,A3,0
242,nested_view,A4,0
242,mutable_view,A4,1
242,blocking_view,A4,0
242,nested_view,A5,0
242,mutable_view,A5,1
242,blocking_view,A5,0
242,nested_view,A6,0
242,mutable_view,A6,1
242,blocking_view,A6,0
243,nested_view,A1,0
243,mutable_view,A1,0
243,blocking_view,A1,0
243,nested_view,A2,0
243,mutable_view,A2,0
243,blocking_view,A2,0
243,nested_view,A3,0
243,mutable_view,A3,0
243,blocking_view,A3,0
243,nested_view,A4,0
243,mutable_view,A4,1
243,blocking_view,A4,0
243,nested_view,A5,0
243,mutable_view,A5,1
243,blocking_view,A5,0
243,nested_view,A6,0
243,mutable_view,A6,0
243,blocking_view,A6,0
244,nested_view,A1,0
244,mutable_view,A1,0
244,blocking_view,A1,0
244,nested_view,A2,0
244,mutable_view,A2,0
244,blocking_view,A2,0
244,nested_view,A3,0
244,mutable_view,A3,0
244,blocking_view,A3,0
244,nested_view,A4,0
244,mutable_view,A4,1
244,blocking_view,A4,0
244,nested_view,A5,0
244,mutable_view,A5,1
244,blocking_view,A5,0
244,nested_view,A6,0
244,mutable_view,A6,0
244,blocking_view,A6,0
245,nested_view,A1,0
245,mutable_view,A1,1
245,blocking_view,A1,1
245,nested_view,A2,0
245,mutable_view,A2,0
245,blocking_view,A2,0
245,nested_view,A3,0
245,mutable_view,A3,1
245,blocking_view,A3,0
245,nested_view,A4,0
245,mutable_view,A4,1
245,blocking_view,A4,0
245,nested_view,A5,0
245,mutable_view,A5,1
245,blocking_view,A5,0
245,nested_view,A6,0
245,mutable_view,A6,1
245,blocking_view,A6,1
246,nested_view,A1,0
246,mutable_view,A1,0
246,blocking_view,A1,0
246,nested_view,A2,0
246,mutable_view,A2,0
246,blocking_view,A2,0
246,nested_view,A3,0
246,mutable_view,A3,0
246,blocking_view,A3,0
246,nested_view,A4,0
246,mutable_view,A4,1
246,blocking_view,A4,0
246,nested_view,A5,0
246,mutable_view,A5,1
246,blocking_view,A5,0
246,nested_view,A6,0
246,mutable_view,A6,1
246,blocking_view,A6,0
247,nested_view,A1,0
247,mutable_view,A1,0
247,blocking_view,A1,0
247,nested_view,A2,0
247,mutable_view,A2,0
247,blocking_view,A2,0
247,nested_view,A3,0
247,mutable_view,A3,0
247,blocking_view,A3,0
247,nested_view,A4,0
247,mutable_view,A4,1
247,blocking_view,A4,0
247,nested_view,A5,0
247,mutable_view,A5,1
247,blocking_view,A5,0
247,nested_view,A6,0
247,mutable_view,A6,1
247,blocking_view,A6,0
248,nested_view,A1,0
248,mutable_view,A1,0
248,blocking_view,A1,0
248,nested_view,A2,0
248,mutable_view,A2,0
248,blocking_view,A2,0
248,nested_view,A3,0
248,mutable_view,A3,0
248,blocking_view,A3,0
248,nested_view,A4,0
248,mutable_view,A4,1
248,blocking_view,A4,0
248,nested_view,A5,0
248,mutable_view,A5,1
248,blocking_view,A5,0
248,nested_view,A6,0
248,mutable_view,A6,0
248,blocking_view,A6,0
249,nested_view,A1,1
249,mutable_view,A1,1
249,blocking_view,A1,1
249,nested_view,A2,0
249,mutable_view,A2,0
249,blocking_view,A2,0
249,nested_view,A3,1
249,mutable_view,A3,1
249,blocking_view,A3,1
249,nested_view,A4,1
249,mutable_view,A4,1
249,blocking_view,A4,0
249,nested_view,A5,1
249,mutable_view,A5,1
249,blocking_view,A5,0
249,nested_view,A6,0
249,mutable_view,A6,1
249,blocking_view,A6,1
250,nested_view,A1,0
250,mutable_view,A1,0
250,blocking_view,A1,0
250,nested_view,A2,0
250,mutable_view,A2,0
250,blocking_view,A2,0
250,nested_view,A3,0
250,mutable_view,A3,0
250,blocking_view,A3,0
250,nested_view,A4,0
250,mutable_view,A4,1
250,blocking_view,A4,0
250,nested_view,A5,0
250,mutable_view,A5,1
250,blocking_view,A5,0
250,nested_view,A6,0
250,mutable_view,A6,0
250,blocking_view,A6,0
251,nested_view,A1,0
251,mutable_view,A1,0
251,blocking_view,A1,0
251,nested_view,A2,0
251,mutable_view,A2,0
251,blocking_view,A2,0
251,nested_view,A3,1
251,mutable_view,A3,1
251,blocking_view,A3,1
251,nested_view,A4,0
251,mutable_view,A4,0
251,blocking_view,A4,0
251,nested_view,A5,0
251,mutable_view,A5,0
251,blocking_view,A5,0
251,nested_view,A6,0
251,mutable_view,A6,0
251,blocking_view,A6,0
252,nested_view,A1,0
252,mutable_view,A1,1
252,blocking_view,A1,1
252,nested_view,A2,0
252,mutable_view,A2,0
252,blocking_view,A2,0
252,nested_view,A3,0
252,mutable_view,A3,1
252,blocking_view,A3,1
252,nested_view,A4,0
252,mutable_view,A4,1
252,blocking_view,A4,0
252,nested_view,A5,0
252,mutable_view,A5,1
252,blocking_view,A5,0
252,nested_view,A6,0
252,mutable_view,A6,1
252,blocking_view,A6,1
253,nested_view,A1,0
253,mutable_view,A1,0
253,blocking_view,A1,0
253,nested_view,A2,0
253,mutable_view,A2,0
253,blocking_view,A2,0
253,nested_view,A3,0
253,mutable_view,A3,0
253,blocking_view,A3,0
253,nested_view,A4,0
253,mutable_view,A4,1
253,blocking_view,A4,0
253,nested_view,A5,0
253,mutable_view,A5,1
253,blocking_view,A5,0
253,nested_view,A6,0
253,mutable_view,A6,1
253,blocking_view,A6,0
254,nested_view,A1,0
254,mutable_view,A1,0
254,blocking_view,A1,0
254,nested_view,A2,0
254,mutable_view,A2,0
254,blocking_view,A2,0
254,nested_view,A3,0
254,mutable_view,A3,0
254,blocking_view,A3,0
254,nested_view,A4,0
254,mutable_view,A4,1
254,blocking_view,A4,0
254,nested_view,A5,0
254,mutable_view,A5,1
254,blocking_view,A5,0
254,nested_view,A6,0
254,mutable_view,A6,0
254,blocking_view,A6,0
255,nested_view,A1,0
255,mutable_view,A1,0
255,blocking_view,A1,0
255,nested_view,A2,0
255,mutable_view,A2,0
255,blocking_view,A2,0
255,nested_view,A3,0
255,mutable_view,A3,1
255,blocking_view,A3,0
255,nested_view,A4,0
255,mutable_view,A4,1
255,blocking_view,A4,0
255,nested_view,A5,0
255,mutable_view,A5,1
255,blocking_view,A5,0
255,nested_view,A6,0
255,mutable_view,A6,1
255,blocking_view,A6,1
256,nested_view,A1,0
256,mutable_view,A1,0
256,blocking_view,A1,0
256,nested_view,A2,0
256,mutable_view,A2,0
256,blocking_view,A2,0
256,nested_view,A3,0
256,mutable_view,A3,0
256,blocking_view,A3,0
256,nested_view,A4,0
256,mutable_view,A4,1
256,blocking_view,A4,0
256,nested_view,A5,0
256,mutable_view,A5,1
256,blocking_view,A5,0
256,nested_view,A6,0
256,mutable_view,A6,0
256,blocking_view,A6,0
257,nested_view,A1,0
257,mutable_view,A1,0
257,blocking_view,A1,0
257,nested_view,A2,0
257,mutable_view,A2,0
257,blocking_view,A2,0
257,nested_view,A3,0
257,mutable_view,A3,0
257,blocking_view,A3,0
257,nested_view,A4,0
257,mutable_view,A4,1
257,blocking_view,A4,0
257,nested_view,A5,0
257,mutable_view,A5,1
257,blocking_view,A5,0
257,nested_view,A6,0
257,mutable_view,A6,0
257,blocking_view,A6,0
258,nested_view,A1,1
258,mutable_view,A1,1
258,blocking_view,A1,1
258,nested_view,A2,1
258,mutable_view,A2,0
258,blocking_view,A2,0
258,nested_view,A3,1
258,mutable_view,A3,1
258,blocking_view,A3,1
258,nested_view,A4,0
258,mutable_view,A4,1
258,blocking_view,A4,0
258,nested_view,A5,1
258,mutable_view,A5,1
258,blocking_view,A5,0
258,nested_view,A6,0
258,mutable_view,A6,1
258,blocking_view,A6,1
259,nested_view,A1,0
259,mutable_view,A1,0
259,blocking_view,A1,0
259,nested_view,A2,0
259,mutable_view,A2,0
259,blocking_view,A2,0
259,nested_view,A3,0
259,mutable_view,A3,0
259,blocking_view,A3,0
259,nested_view,A4,0
259,mutable_view,A4,1
259,blocking_view,A4,0
259,nested_view,A5,0
259,mutable_view,A5,1
259,blocking_view,A5,0
259,nested_view,A6,0
259,mutable_view,A6,0
259,blocking_view,A6,0
260,nested_view,A1,0
260,mutable_view,A1,0
260,blocking_view,A1,0
260,nested_view,A2,0
260,mutable_view,A2,0
260,blocking_view,A2,0
260,nested_view,A3,0
260,mutable_view,A3,1
260,blocking_view,A3,0
260,nested_view,A4,0
260,mutable_view,A4,1
260,blocking_view,A4,0
260,nested_view,A5,0
260,mutable_view,A5,1
260,blocking_view,A5,0
260,nested_view,A6,0
260,mutable_view,A6,0
260,blocking_view,A6,1
261,nested_view,A1,0
261,mutable_view,A1,0
261,blocking_view,A1,0
261,nested_view,A2,0
261,mutable_view,A2,0
261,blocking_view,A2,0
261,nested_view,A3,0
261,mutable_view,A3,0
261,blocking_view,A3,0
261,nested_view,A4,0
261,mutable_view,A4,1
261,blocking_view,A4,0
261,nested_view,A5,0
261,mutable_view,A5,1
261,blocking_view,A5,0
261,nested_view,A6,0
261,mutable_view,A6,0
261,blocking_view,A6,0
262,nested_view,A1,0
262,mutable_view,A1,0
262,blocking_view,A1,0
262,nested_view,A2,0
262,mutable_view,A2,0
262,blocking_view,A2,0
262,nested_view,A3,0
262,mutable_view,A3,0
262,blocking_view,A3,0
262,nested_view,A4,0
262,mutable_view,A4,1
262,blocking_view,A4,0
262,nested_view,A5,0
262,mutable_view,A5,1
262,blocking_view,A5,0
262,nested_view,A6,0
262,mutable_view,A6,0
262,blocking_view,A6,0
263,nested_view,A1,0
263,mutable_view,A1,1
263,blocking_view,A1,1
263,nested_view,A2,0
263,mutable_view,A2,0
263,blocking_view,A2,0
263,nested_view,A3,0
263,mutable_view,A3,1
263,blocking_view,A3,1
263,nested_view,A4,0
263,mutable_view,A4,1
263,blocking_view,A4,0
263,nested_view,A5,0
263,mutable_view,A5,1
263,blocking_view,A5,0
263,nested_view,A6,0
263,mutable_view,A6,1
263,blocking_view,A6,1
264,nested_view,A1,0
264,mutable_view,A1,0
264,blocking_view,A1,0
264,nested_view,A2,0
264,mutable_view,A2,0
264,blocking_view,A2,0
264,nested_view,A3,0
264,mutable_view,A3,0
264,blocking_view,A3,0
264,nested_view,A4,0
264,mutable_view,A4,1
264,blocking_view,A4,0
264,nested_view,A5,0
264,mutable_view,A5,1
264,blocking_view,A5,0
264,nested_view,A6,0
264,mutable_view,A6,0
264,blocking_view,A6,0
265,nested_view,A1,0
265,mutable_view,A1,0
265,blocking_view,A1,0
265,nested_view,A2,0
265,mutable_view,A2,0
265,blocking_view,A2,0
265,nested_view,A3,0
265,mutable_view,A3,1
265,blocking_view,A3,0
265,nested_view,A4,0
265,mutable_view,A4,1
265,blocking_view,A4,0
265,nested_view,A5,0
265,mutable_view,A5,1
265,blocking_view,A5,0
265,nested_view,A6,0
265,mutable_view,A6,0
265,blocking_view,A6,0
266,nested_view,A1,0
266,mutable_view,A1,0
266,blocking_view,A1,0
266,nested_view,A2,0
266,mutable_view,A2,0
266,blocking_view,A2,0
266,nested_view,A3,0
266,mutable_view,A3,0
266,blocking_view,A3,0
266,nested_view,A4,0
266,mutable_view,A4,1
266,blocking_view,A4,0
266,nested_view,A5,0
266,mutable_view,A5,1
266,blocking_view,A5,0
266,nested_view,A6,0
266,mutable_view,A6,1
266,blocking_view,A6,0
267,nested_view,A1,0
267,mutable_view,A1,0
267,blocking_view,A1,0
267,nested_view,A2,0
267,mutable_view,A2,0
267,blocking_view,A2,0
267,nested_view,A3,0
267,mutable_view,A3,0
267,blocking_view,A3,0
267,nested_view,A4,0
267,mutable_view,A4,1
267,blocking_view,A4,0
267,nested_view,A5,0
267,mutable_view,A5,1
267,blocking_view,A5,0
267,nested_view,A6,0
267,mutable_view,A6,0
267,blocking_view,A6,0
268,nested_view,A1,0
268,mutable_view,A1,1
268,blocking_view,A1,1
268,nested_view,A2,0
268,mutable_view,A2,0
268,blocking_view,A2,0
268,nested_view,A3,0
268,mutable_view,A3,1
268,blocking_view,A3,1
268,nested_view,A4,0
268,mutable_view,A4,1
268,blocking_view,A4,0
268,nested_view,A5,0
268,mutable_view,A5,1
268,blocking_view,A5,0
268,nested_view,A6,0
268,mutable_view,A6,1
268,blocking_view,A6,1
269,nested_view,A1,0
269,mutable_view,A1,0
269,blocking_view,A1,0
269,nested_view,A2,0
269,mutable_view,A2,0
269,blocking_view,A2,0
269,nested_view,A3,0
269,mutable_view,A3,0
269,blocking_view,A3,0
269,nested_view,A4,0
269,mutable_view,A4,1
269,blocking_view,A4,0
269,nested_view,A5,0
269,mutable_view,A5,1
269,blocking_view,A5,0
269,nested_view,A6,0
269,mutable_view,A6,0
269,blocking_view,A6,0
270,nested_view,A1,0
270,mutable_view,A1,0
270,blocking_view,A1,0
270,nested_view,A2,0
270,mutable_view,A2,0
270,blocking_view,A2,0
270,nested_view,A3,0
270,mutable_view,A3,1
270,blocking_view,A3,0
270,nested_view,A4,0
270,mutable_view,A4,1
270,blocking_view,A4,0
270,nested_view,A5,0
270,mutable_view,A5,1
270,blocking_view,A5,0
270,nested_view,A6,0
270,mutable_view,A6,1
270,blocking_view,A6,1
271,nested_view,A1,0
271,mutable_view,A1,0
271,blocking_view,A1,0
271,nested_view,A2,0
271,mutable_view,A2,0
271,blocking_view,A2,0
271,nested_view,A3,0
271,mutable_view,A3,0
271,blocking_view,A3,0
271,nested_view,A4,0
271,mutable_view,A4,1
271,blocking_view,A4,0
271,nested_view,A5,0
271,mutable_view,A5,1
271,blocking_view,A5,0
271,nested_view,A6,0
271,mutable_view,A6,1
271,blocking_view,A6,0
272,nested_view,A1,0
272,mutable_view,A1,0
272,blocking_view,A1,0
272,nested_view,A2,0
272,mutable_view,A2,0
272,blocking_view,A2,0
272,nested_view,A3,0
272,mutable_view,A3,0
272,blocking_view,A3,0
272,nested_view,A4,0
272,mutable_view,A4,1
272,blocking_view,A4,0
272,nested_view,A5,0
272,mutable_view,A5,1
272,blocking_view,A5,0
272,nested_view,A6,0
272,mutable_view,A6,0
272,blocking_view,A6,0
273,nested_view,A1,0
273,mutable_view,A1,1
273,blocking_view,A1,1
273,nested_view,A2,0
273,mutable_view,A2,0
273,blocking_view,A2,0
273,nested_view,A3,0
273,mutable_view,A3,1
273,blocking_view,A3,1
273,nested_view,A4,0
273,mutable_view,A4,1
273,blocking_view,A4,0
273,nested_view,A5,0
273,mutable_view,A5,1
273,blocking_view,A5,0
273,nested_view,A6,0
273,mutable_view,A6,1
273,blocking_view,A6,1
274,nested_view,A1,0
274,mutable_view,A1,0
274,blocking_view,A1,0
274,nested_view,A2,0
274,mutable_view,A2,0
274,blocking_view,A2,0
274,nested_view,A3,0
274,mutable_view,A3,0
274,blocking_view,A3,0
274,nested_view,A4,0
274,mutable_view,A4,1
274,blocking_view,A4,0
274,nested_view,A5,0
274,mutable_view,A5,1
274,blocking_view,A5,0
274,nested_view,A6,0
274,mutable_view,A6,0
274,blocking_view,A6,0
275,nested_view,A1,0
275,mutable_view,A1,1
275,blocking_view,A1,0
275,nested_view,A2,0
275,mutable_view,A2,0
275,blocking_view,A2,0
275,nested_view,A3,0
275,mutable_view,A3,1
275,blocking_view,A3,0
275,nested_view,A4,0
275,mutable_view,A4,1
275,blocking_view,A4,0
275,nested_view,A5,0
275,mutable_view,A5,1
275,blocking_view,A5,0
275,nested_view,A6,0
275,mutable_view,A6,0
275,blocking_view,A6,1
276,nested_view,A1,0
276,mutable_view,A1,0
276,blocking_view,A1,0
276,nested_view,A2,0
276,mutable_view,A2,0
276,blocking_view,A2,0
276,nested_view,A3,0
276,mutable_view,A3,0
276,blocking_view,A3,0
276,nested_view,A4,0
276,mutable_view,A4,1
276,blocking_view,A4,0
276,nested_view,A5,0
276,mutable_view,A5,1
276,blocking_view,A5,0
276,nested_view,A6,0
276,mutable_view,A6,1
276,blocking_view,A6,0
277,nested_view,A1,0
277,mutable_view,A1,0
277,blocking_view,A1,0
277,nested_view,A2,0
277,mutable_view,A2,0
277,blocking_view,A2,0
277,nested_view,A3,0
277,mutable_view,A3,0
277,blocking_view,A3,0
277,nested_view,A4,0
277,mutable_view,A4,1
277,blocking_view,A4,0
277,nested_view,A5,0
277,mutable_view,A5,1
277,blocking_view,A5,0
277,nested_view,A6,0
277,mutable_view,A6,0
277,blocking_view,A6,0
278,nested_view,A1,0
278,mutable_view,A1,1
278,blocking_view,A1,1
278,nested_view,A2,0
278,mutable_view,A2,0
278,blocking_view,A2,0
278,nested_view,A3,0
278,mutable_view,A3,1
278,blocking_view,A3,1
278,nested_view,A4,0
278,mutable_view,A4,1
278,blocking_view,A4,0
278,nested_view,A5,0
278,mutable_view,A5,1
278,blocking_view,A5,0
278,nested_view,A6,0
278,mutable_view,A6,1
278,blocking_view,A6,1
279,nested_view,A1,0
279,mutable_view,A1,0
279,blocking_view,A1,0
279,nested_view,A2,0
279,mutable_view,A2,0
279,blocking_view,A2,0
279,nested_view,A3,0
279,mutable_view,A3,0
279,blocking_view,A3,0
279,nested_view,A4,0
279,mutable_view,A4,1
279,blocking_view,A4,0
279,nested_view,A5,0
279,mutable_view,A5,1
279,blocking_view,A5,0
279,nested_view,A6,0
279,mutable_view,A6,0
279,blocking_view,A6,0
280,nested_view,A1,0
280,mutable_view,A1,0
280,blocking_view,A1,0
280,nested_view,A2,0
280,mutable_view,A2,0
280,blocking_view,A2,0
280,nested_view,A3,0
280,mutable_view,A3,1
280,blocking_view,A3,0
280,nested_view,A4,0
280,mutable_view,A4,1
280,blocking_view,A4,0
280,nested_view,A5,0
280,mutable_view,A5,1
280,blocking_view,A5,0
280,nested_view,A6,0
280,mutable_view,A6,0
280,blocking_view,A6,0
281,nested_view,A1,0
281,mutable_view,A1,0
281,blocking_view,A1,0
281,nested_view,A2,0
281,mutable_view,A2,0
281,blocking_view,A2,0
281,nested_view,A3,0
281,mutable_view,A3,0
281,blocking_view,A3,0
281,nested_view,A4,0
281,mutable_view,A4,1
281,blocking_view,A4,0
281,nested_view,A5,0
281,mutable_view,A5,1
281,blocking_view,A5,0
281,nested_view,A6,0
281,mutable_view,A6,1
281,blocking_view,A6,0
282,nested_view,A1,0
282,mutable_view,A1,0
282,blocking_view,A1,0
282,nested_view,A2,0
282,mutable_view,A2,0
282,blocking_view,A2,0
282,nested_view,A3,0
282,mutable_view,A3,0
282,blocking_view,A3,0
282,nested_view,A4,0
282,mutable_view,A4,1
282,blocking_view,A4,0
282,nested_view,A5,0
282,mutable_view,A5,1
282,blocking_view,A5,0
282,nested_view,A6,0
282,mutable_view,A6,0
282,blocking_view,A6,0
283,nested_view,A1,0
283,mutable_view,A1,1
283,blocking_view,A1,1
283,nested_view,A2,0
283,mutable_view,A2,0
283,blocking_view,A2,0
283,nested_view,A3,0
283,mutable_view,A3,1
283,blocking_view,A3,1
283,nested_view,A4,0
283,mutable_view,A4,1
283,blocking_view,A4,0
283,nested_view,A5,0
283,mutable_view,A5,1
283,blocking_view,A5,0
283,nested_view,A6,0
283,mutable_view,A6,1
283,blocking_view,A6,1
284,nested_view,A1,0
284,mutable_view,A1,0
284,blocking_view,A1,0
284,nested_view,A2,0
284,mutable_view,A2,0
284,blocking_view,A2,0
284,nested_view,A3,0
284,mutable_view,A3,0
284,blocking_view,A3,0
284,nested_view,A4,0
284,mutable_view,A4,1
284,blocking_view,A4,0
284,nested_view,A5,0
284,mutable_view,A5,1
284,blocking_view,A5,0
284,nested_view,A6,0
284,mutable_view,A6,0
284,blocking_view,A6,0
285,nested_view,A1,0
285,mutable_view,A1,0
285,blocking_view,A1,0
285,nested_view,A2,0
285,mutable_view,A2,0
285,blocking_view,A2,0
285,nested_view,A3,0
285,mutable_view,A3,1
285,blocking_view,A3,0
285,nested_view,A4,0
285,mutable_view,A4,1
285,blocking_view,A4,0
285,nested_view,A5,0
285,mutable_view,A5,1
285,blocking_view,A5,0
285,nested_view,A6,0
285,mutable_view,A6,1
285,blocking_view,A6,1
286,nested_view,A1,0
286,mutable_view,A1,0
286,blocking_view,A1,0
286,nested_view,A2,0
286,mutable_view,A2,0
286,blocking_view,A2,0
286,nested_view,A3,0
286,mutable_view,A3,0
286,blocking_view,A3,0
286,nested_view,A4,0
286,mutable_view,A4,1
286,blocking_view,A4,0
286,nested_view,A5,0
286,mutable_view,A5,1
286,blocking_view,A5,0
286,nested_view,A6,0
286,mutable_view,A6,1
286,blocking_view,A6,0
287,nested_view,A1,0
287,mutable_view,A1,0
287,blocking_view,A1,0
287,nested_view,A2,0
287,mutable_view,A2,0
287,blocking_view,A2,0
287,nested_view,A3,0
287,mutable_view,A3,0
287,blocking_view,A3,0
287,nested_view,A4,0
287,mutable_view,A4,1
287,blocking_view,A4,0
287,nested_view,A5,0
287,mutable_view,A5,1
287,blocking_view,A5,0
287,nested_view,A6,0
287,mutable_view,A6,0
287,blocking_view,A6,0
288,nested_view,A1,0
288,mutable_view,A1,0
288,blocking_view,A1,0
288,nested_view,A2,0
288,mutable_view,A2,0
288,blocking_view,A2,0
288,nested_view,A3,0
288,mutable_view,A3,0
288,blocking_view,A3,0
288,nested_view,A4,0
288,mutable_view,A4,1
288,blocking_view,A4,0
288,nested_view,A5,0
288,mutable_view,A5,1
288,blocking_view,A5,0
288,nested_view,A6,0
288,mutable_view,A6,0
288,blocking_view,A6,0
289,nested_view,A1,0
289,mutable_view,A1,0
289,blocking_view,A1,0
289,nested_view,A2,0
289,mutable_view,A2,0
289,blocking_view,A2,0
289,nested_view,A3,0
289,mutable_view,A3,0
289,blocking_view,A3,0
289,nested_view,A4,0
289,mutable_view,A4,1
289,blocking_view,A4,0
289,nested_view,A5,0
289,mutable_view,A5,1
289,blocking_view,A5,0
289,nested_view,A6,0
289,mutable_view,A6,1
289,blocking_view,A6,1
290,nested_view,A1,0
290,mutable_view,A1,0
290,blocking_view,A1,0
290,nested_view,A2,0
290,mutable_view,A2,0
290,blocking_view,A2,0
290,nested_view,A3,0
290,mutable_view,A3,1
290,blocking_view,A3,0
290,nested_view,A4,0
290,mutable_view,A4,1
290,blocking_view,A4,0
290,nested_view,A5,0
290,mutable_view,A5,1
290,blocking_view,A5,0
290,nested_view,A6,0
290,mutable_view,A6,1
290,blocking_view,A6,0
291,nested_view,A1,0
291,mutable_view,A1,0
291,blocking_view,A1,0
291,nested_view,A2,0
291,mutable_view,A2,0
291,blocking_view,A2,0
291,nested_view,A3,0
291,mutable_view,A3,0
291,blocking_view,A3,0
291,nested_view,A4,0
291,mutable_view,A4,0
291,blocking_view,A4,0
291,nested_view,A5,0
291,mutable_view,A5,0
291,blocking_view,A5,0
291,nested_view,A6,0
291,mutable_view,A6,1
291,blocking_view,A6,1
292,nested_view,A1,0
292,mutable_view,A1,0
292,blocking_view,A1,0
292,nested_view,A2,0
292,mutable_view,A2,0
292,blocking_view,A2,0
292,nested_view,A3,0
292,mutable_view,A3,0
292,blocking_view,A3,0
292,nested_view,A4,0
292,mutable_view,A4,0
292,blocking_view,A4,0
292,nested_view,A5,0
292,mutable_view,A5,0
292,blocking_view,A5,0
292,nested_view,A6,0
292,mutable_view,A6,0
292,blocking_view,A6,0
293,nested_view,A1,0
293,mutable_view,A1,0
293,blocking_view,A1,0
293,nested_view,A2,0
293,mutable_view,A2,0
293,blocking_view,A2,0
293,nested_view,A3,0
293,mutable_view,A3,0
293,blocking_view,A3,0
293,nested_view,A4,0
293,mutable_view,A4,0
293,blocking_view,A4,0
293,nested_view,A5,0
293,mutable_view,A5,1
293,blocking_view,A5,0
293,nested_view,A6,0
293,mutable_view,A6,0
293,blocking_view,A6,0
294,nested_view,A1,0
294,mutable_view,A1,0
294,blocking_view,A1,0
294,nested_view,A2,0
294,mutable_view,A2,0
294,blocking_view,A2,0
294,nested_view,A3,0
294,mutable_view,A3,0
294,blocking_view,A3,0
294,nested_view,A4,0
294,mutable_view,A4,1
294,blocking_view,A4,0
294,nested_view,A5,0
294,mutable_view,A5,1
294,blocking_view,A5,0
294,nested_view,A6,0
294,mutable_view,A6,0
294,blocking_view,A6,0
295,nested_view,A1,0
295,mutable_view,A1,0
295,blocking_view,A1,0
295,nested_view,A2,0
295,mutable_view,A2,0
295,blocking_view,A2,0
295,nested_view,A3,0
295,mutable_view,A3,0
295,blocking_view,A3,0
295,nested_view,A4,0
295,mutable_view,A4,0
295,blocking_view,A4,0
295,nested_view,A5,0
295,mutable_view,A5,0
295,blocking_view,A5,0
295,nested_view,A6,0
295,mutable_view,A6,0
295,blocking_view,A6,0
296,nested_view,A1,0
296,mutable_view,A1,0
296,blocking_view,A1,0
296,nested_view,A2,0
296,mutable_view,A2,0
296,blocking_view,A2,0
296,nested_view,A3,0
296,mutable_view,A3,0
296,blocking_view,A3,0
296,nested_view,A4,0
296,mutable_view,A4,1
296,blocking_view,A4,0
296,nested_view,A5,0
296,mutable_view,A5,1
296,blocking_view,A5,0
296,nested_view,A6,0
296,mutable_view,A6,0
296,blocking_view,A6,0
297,nested_view,A1,1
297,mutable_view,A1,1
297,blocking_view,A1,1
297,nested_view,A2,1
297,mutable_view,A2,0
297,blocking_view,A2,0
297,nested_view,A3,1
297,mutable_view,A3,1
297,blocking_view,A3,1
297,nested_view,A4,0
297,mutable_view,A4,1
297,blocking_view,A4,0
297,nested_view,A5,1
297,mutable_view,A5,1
297,blocking_view,A5,1
297,nested_view,A6,0
297,mutable_view,A6,1
297,blocking_view,A6,1
298,nested_view,A1,0
298,mutable_view,A1,0
298,blocking_view,A1,0
298,nested_view,A2,0
298,mutable_view,A2,0
298,blocking_view,A2,0
298,nested_view,A3,0
298,mutable_view,A3,0
298,blocking_view,A3,0
298,nested_view,A4,0
298,mutable_view,A4,1
298,blocking_view,A4,0
298,nested_view,A5,0
298,mutable_view,A5,1
298,blocking_view,A5,0
298,nested_view,A6,0
298,mutable_view,A6,0
298,blocking_view,A6,0
299,nested_view,A1,0
299,mutable_view,A1,0
299,blocking_view,A1,0
299,nested_view,A2,0
299,mutable_view,A2,0
299,blocking_view,A2,0
299,nested_view,A3,0
299,mutable_view,A3,0
299,blocking_view,A3,0
299,nested_view,A4,0
299,mutable_view,A4,0
299,blocking_view,A4,0
299,nested_view,A5,0
299,mutable_view,A5,0
299,blocking_view,A5,0
299,nested_view,A6,0
299,mutable_view,A6,1
299,blocking_view,A6,1
300,nested_view,A1,0
300,mutable_view,A1,0
300,blocking_view,A1,0
300,nested_view,A2,0
300,mutable_view,A2,0
300,blocking_view,A2,0
300,nested_view,A3,0
300,mutable_view,A3,0
300,blocking_view,A3,0
300,nested_view,A4,0
300,mutable_view,A4,1
300,blocking_view,A4,0
300,nested_view,A5,0
300,mutable_view,A5,1
300,blocking_view,A5,0
300,nested_view,A6,0
300,mutable_view,A6,1
300,blocking_view,A6,1
301,nested_view,A1,1
301,mutable_view,A1,1
301,blocking_view,A1,1
301,nested_view,A2,1
301,mutable_view,A2,0
301,blocking_view,A2,0
301,nested_view,A3,1
301,mutable_view,A3,1
301,blocking_view,A3,1
301,nested_view,A4,0
301,mutable_view,A4,1
301,blocking_view,A4,0
301,nested_view,A5,1
301,mutable_view,A5,1
301,blocking_view,A5,0
301,nested_view,A6,0
301,mutable_view,A6,1
301,blocking_view,A6,1
302,nested_view,A1,0
302,mutable_view,A1,0
302,blocking_view,A1,0
302,nested_view,A2,0
302,mutable_view,A2,0
302,blocking_view,A2,0
302,nested_view,A3,0
302,mutable_view,A3,0
302,blocking_view,A3,0
302,nested_view,A4,0
302,mutable_view,A4,1
302,blocking_view,A4,0
302,nested_view,A5,0
302,mutable_view,A5,1
302,blocking_view,A5,0
302,nested_view,A6,0
302,mutable_view,A6,0
302,blocking_view,A6,0
303,nested_view,A1,0
303,mutable_view,A1,0
303,blocking_view,A1,0
303,nested_view,A2,0
303,mutable_view,A2,0
303,blocking_view,A2,0
303,nested_view,A3,0
303,mutable_view,A3,0
303,blocking_view,A3,0
303,nested_view,A4,0
303,mutable_view,A4,0
303,blocking_view,A4,0
303,nested_view,A5,0
303,mutable_view,A5,1
303,blocking_view,A5,0
303,nested_view,A6,0
303,mutable_view,A6,1
303,blocking_view,A6,1
304,nested_view,A1,0
304,mutable_view,A1,0
304,blocking_view,A1,0
304,nested_view,A2,0
304,mutable_view,A2,0
304,blocking_view,A2,0
304,nested_view,A3,0
304,mutable_view,A3,0
304,blocking_view,A3,0
304,nested_view,A4,0
304,mutable_view,A4,0
304,blocking_view,A4,0
304,nested_view,A5,0
304,mutable_view,A5,0
304,blocking_view,A5,0
304,nested_view,A6,0
304,mutable_view,A6,0
304,blocking_view,A6,0
305,nested_view,A1,0
305,mutable_view,A1,0
305,blocking_view,A1,0
305,nested_view,A2,0
305,mutable_view,A2,0
305,blocking_view,A2,0
305,nested_view,A3,0
305,mutable_view,A3,0
305,blocking_view,A3,0
305,nested_view,A4,0
305,mutable_view,A4,0
305,blocking_view,A4,0
305,nested_view,A5,0
305,mutable_view,A5,0
305,blocking_view,A5,0
305,nested_view,A6,0
305,mutable_view,A6,0
305,blocking_view,A6,0
306,nested_view,A1,0
306,mutable_view,A1,0
306,blocking_view,A1,0
306,nested_view,A2,0
306,mutable_view,A2,0
306,blocking_view,A2,0
306,nested_view,A3,0
306,mutable_view,A3,0
306,blocking_view,A3,0
306,nested_view,A4,0
306,mutable_view,A4,1
306,blocking_view,A4,0
306,nested_view,A5,0
306,mutable_view,A5,1
306,blocking_view,A5,0
306,nested_view,A6,0
306,mutable_view,A6,0
306,blocking_view,A6,0
307,nested_view,A1,0
307,mutable_view,A1,0
307,blocking_view,A1,0
307,nested_view,A2,0
307,mutable_view,A2,0
307,blocking_view,A2,0
307,nested_view,A3,0
307,mutable_view,A3,0
307,blocking_view,A3,0
307,nested_view,A4,0
307,mutable_view,A4,0
307,blocking_view,A4,0
307,nested_view,A5,0
307,mutable_view,A5,0
307,blocking_view,A5,0
307,nested_view,A6,0
307,mutable_view,A6,0
307,blocking_view,A6,0
308,nested_view,A1,1
308,mutable_view,A1,1
308,blocking_view,A1,1
308,nested_view,A2,1
308,mutable_view,A2,0
308,blocking_view,A2,0
308,nested_view,A3,1
308,mutable_view,A3,1
308,blocking_view,A3,1
308,nested_view,A4,0
308,mutable_view,A4,1
308,blocking_view,A4,0
308,nested_view,A5,1
308,mutable_view,A5,1
308,blocking_view,A5,1
308,nested_view,A6,0
308,mutable_view,A6,1
308,blocking_view,A6,1
309,nested_view,A1,0
309,mutable_view,A1,0
309,blocking_view,A1,0
309,nested_view,A2,0
309,mutable_view,A2,0
309,blocking_view,A2,0
309,nested_view,A3,0
309,mutable_view,A3,0
309,blocking_view,A3,0
309,nested_view,A4,0
309,mutable_view,A4,0
309,blocking_view,A4,0
309,nested_view,A5,0
309,mutable_view,A5,0
309,blocking_view,A5,0
309,nested_view,A6,0
309,mutable_view,A6,0
309,blocking_view,A6,0
310,nested_view,A1,1
310,mutable_view,A1,1
310,blocking_view,A1,1
310,nested_view,A2,0
310,mutable_view,A2,0
310,blocking_view,A2,0
310,nested_view,A3,0
310,mutable_view,A3,1
310,blocking_view,A3,0
310,nested_view,A4,0
310,mutable_view,A4,1
310,blocking_view,A4,0
310,nested_view,A5,0
310,mutable_view,A5,1
310,blocking_view,A5,1
310,nested_view,A6,0
310,mutable_view,A6,1
310,blocking_view,A6,1
311,nested_view,A1,0
311,mutable_view,A1,0
311,blocking_view,A1,0
311,nested_view,A2,0
311,mutable_view,A2,1
311,blocking_view,A2,0
311,nested_view,A3,0
311,mutable_view,A3,0
311,blocking_view,A3,0
311,nested_view,A4,0
311,mutable_view,A4,1
311,blocking_view,A4,0
311,nested_view,A5,0
311,mutable_view,A5,1
311,blocking_view,A5,0
311,nested_view,A6,0
311,mutable_view,A6,0
311,blocking_view,A6,0
312,nested_view,A1,0
312,mutable_view,A1,0
312,blocking_view,A1,0
312,nested_view,A2,0
312,mutable_view,A2,1
312,blocking_view,A2,0
312,nested_view,A3,0
312,mutable_view,A3,0
312,blocking_view,A3,0
312,nested_view,A4,0
312,mutable_view,A4,1
312,blocking_view,A4,0
312,nested_view,A5,0
312,mutable_view,A5,1
312,blocking_view,A5,0
312,nested_view,A6,0
312,mutable_view,A6,0
312,blocking_view,A6,0
313,nested_view,A1,0
313,mutable_view,A1,0
313,blocking_view,A1,0
313,nested_view,A2,0
313,mutable_view,A2,0
313,blocking_view,A2,0
313,nested_view,A3,0
313,mutable_view,A3,0
313,blocking_view,A3,0
313,nested_view,A4,0
313,mutable_view,A4,0
313,blocking_view,A4,0
313,nested_view,A5,0
313,mutable_view,A5,0
313,blocking_view,A5,0
313,nested_view,A6,0
313,mutable_view,A6,1
313,blocking_view,A6,1
314,nested_view,A1,1
314,mutable_view,A1,1
314,blocking_view,A1,1
314,nested_view,A2,1
314,mutable_view,A2,0
314,blocking_view,A2,0
314,nested_view,A3,1
314,mutable_view,A3,1
314,blocking_view,A3,1
314,nested_view,A4,1
314,mutable_view,A4,1
314,blocking_view,A4,1
314,nested_view,A5,1
314,mutable_view,A5,1
314,blocking_view,A5,1
314,nested_view,A6,1
314,mutable_view,A6,1
314,blocking_view,A6,1
315,nested_view,A1,1
315,mutable_view,A1,1
315,blocking_view,A1,1
315,nested_view,A2,1
315,mutable_view,A2,0
315,blocking_view,A2,0
315,nested_view,A3,1
315,mutable_view,A3,1
315,blocking_view,A3,0
315,nested_view,A4,1
315,mutable_view,A4,1
315,blocking_view,A4,0
315,nested_view,A5,1
315,mutable_view,A5,1
315,blocking_view,A5,0
315,nested_view,A6,0
315,mutable_view,A6,0
315,blocking_view,A6,1
316,nested_view,A1,1
316,mutable_view,A1,1
316,blocking_view,A1,0
316,nested_view,A2,1
316,mutable_view,A2,0
316,blocking_view,A2,0
316,nested_view,A3,1
316,mutable_view,A3,1
316,blocking_view,A3,0
316,nested_view,A4,1
316,mutable_view,A4,1
316,blocking_view,A4,0
316,nested_view,A5,1
316,mutable_view,A5,1
316,blocking_view,A5,0
316,nested_view,A6,1
316,mutable_view,A6,1
316,blocking_view,A6,0
317,nested_view,A1,0
317,mutable_view,A1,0
317,blocking_view,A1,0
317,nested_view,A2,0
317,mutable_view,A2,0
317,blocking_view,A2,0
317,nested_view,A3,0
317,mutable_view,A3,0
317,blocking_view,A3,0
317,nested_view,A4,0
317,mutable_view,A4,0
317,blocking_view,A4,0
317,nested_view,A5,0
317,mutable_view,A5,0
317,blocking_view,A5,0
317,nested_view,A6,0
317,mutable_view,A6,0
317,blocking_view,A6,0
318,nested_view,A1,1
318,mutable_view,A1,1
318,blocking_view,A1,1
318,nested_view,A2,1
318,mutable_view,A2,0
318,blocking_view,A2,0
318,nested_view,A3,1
318,mutable_view,A3,1
318,blocking_view,A3,1
318,nested_view,A4,0
318,mutable_view,A4,1
318,blocking_view,A4,0
318,nested_view,A5,1
318,mutable_view,A5,1
318,blocking_view,A5,0
318,nested_view,A6,1
318,mutable_view,A6,1
318,blocking_view,A6,1
319,nested_view,A1,0
319,mutable_view,A1,0
319,blocking_view,A1,0
319,nested_view,A2,0
319,mutable_view,A2,0
319,blocking_view,A2,0
319,nested_view,A3,0
319,mutable_view,A3,0
319,blocking_view,A3,0
319,nested_view,A4,0
319,mutable_view,A4,0
319,blocking_view,A4,0
319,nested_view,A5,0
319,mutable_view,A5,0
319,blocking_view,A5,0
319,nested_view,A6,1
319,mutable_view,A6,0
319,blocking_view,A6,0
320,nested_view,A1,0
320,mutable_view,A1,0
320,blocking_view,A1,0
320,nested_view,A2,1
320,mutable_view,A2,0
320,blocking_view,A2,0
320,nested_view,A3,1
320,mutable_view,A3,0
320,blocking_view,A3,0
320,nested_view,A4,1
320,mutable_view,A4,0
320,blocking_view,A4,0
320,nested_view,A5,1
320,mutable_view,A5,0
320,blocking_view,A5,0
320,nested_view,A6,0
320,mutable_view,A6,0
320,blocking_view,A6,0
321,nested_view,A1,0
321,mutable_view,A1,0
321,blocking_view,A1,0
321,nested_view,A2,1
321,mutable_view,A2,0
321,blocking_view,A2,0
321,nested_view,A3,0
321,mutable_view,A3,0
321,blocking_view,A3,0
321,nested_view,A4,0
321,mutable_view,A4,0
321,blocking_view,A4,0
321,nested_view,A5,0
321,mutable_view,A5,0
321,blocking_view,A5,0
321,nested_view,A6,0
321,mutable_view,A6,0
321,blocking_view,A6,0
322,nested_view,A1,0
322,mutable_view,A1,0
322,blocking_view,A1,0
322,nested_view,A2,1
322,mutable_view,A2,0
322,blocking_view,A2,0
322,nested_view,A3,0
322,mutable_view,A3,0
322,blocking_view,A3,0
322,nested_view,A4,0
322,mutable_view,A4,0
322,blocking_view,A4,0
322,nested_view,A5,0
322,mutable_view,A5,1
322,blocking_view,A5,0
322,nested_view,A6,0
322,mutable_view,A6,0
322,blocking_view,A6,0
323,nested_view,A1,0
323,mutable_view,A1,0
323,blocking_view,A1,0
323,nested_view,A2,0
323,mutable_view,A2,0
323,blocking_view,A2,0
323,nested_view,A3,0
323,mutable_view,A3,0
323,blocking_view,A3,0
323,nested_view,A4,0
323,mutable_view,A4,1
323,blocking_view,A4,1
323,nested_view,A5,0
323,mutable_view,A5,1
323,blocking_view,A5,1
323,nested_view,A6,0
323,mutable_view,A6,0
323,blocking_view,A6,0
324,nested_view,A1,0
324,mutable_view,A1,0
324,blocking_view,A1,0
324,nested_view,A2,0
324,mutable_view,A2,0
324,blocking_view,A2,0
324,nested_view,A3,0
324,mutable_view,A3,0
324,blocking_view,A3,0
324,nested_view,A4,0
324,mutable_view,A4,1
324,blocking_view,A4,0
324,nested_view,A5,0
324,mutable_view,A5,1
324,blocking_view,A5,0
324,nested_view,A6,0
324,mutable_view,A6,0
324,blocking_view,A6,0
325,nested_view,A1,0
325,mutable_view,A1,0
325,blocking_view,A1,0
325,nested_view,A2,0
325,mutable_view,A2,0
325,blocking_view,A2,0
325,nested_view,A3,0
325,mutable_view,A3,0
325,blocking_view,A3,0
325,nested_view,A4,0
325,mutable_view,A4,0
325,blocking_view,A4,0
325,nested_view,A5,0
325,mutable_view,A5,0
325,blocking_view,A5,0
325,nested_view,A6,0
325,mutable_view,A6,0
325,blocking_view,A6,0
326,nested_view,A1,0
326,mutable_view,A1,0
326,blocking_view,A1,0
326,nested_view,A2,0
326,mutable_view,A2,0
326,blocking_view,A2,0
326,nested_view,A3,0
326,mutable_view,A3,0
326,blocking_view,A3,0
326,nested_view,A4,0
326,mutable_view,A4,0
326,blocking_view,A4,0
326,nested_view,A5,0
326,mutable_view,A5,0
326,blocking_view,A5,0
326,nested_view,A6,0
326,mutable_view,A6,0
326,blocking_view,A6,0
327,nested_view,A1,0
327,mutable_view,A1,0
327,blocking_view,A1,0
327,nested_view,A2,0
327,mutable_view,A2,0
327,blocking_view,A2,0
327,nested_view,A3,0
327,mutable_view,A3,0
327,blocking_view,A3,0
327,nested_view,A4,0
327,mutable_view,A4,0
327,blocking_view,A4,0
327,nested_view,A5,0
327,mutable_view,A5,0
327,blocking_view,A5,0
327,nested_view,A6,0
327,mutable_view,A6,0
327,blocking_view,A6,0
328,nested_view,A1,0
328,mutable_view,A1,0
328,blocking_view,A1,0
328,nested_view,A2,0
328,mutable_view,A2,0
328,blocking_view,A2,0
328,nested_view,A3,0
328,mutable_view,A3,0
328,blocking_view,A3,0
328,nested_view,A4,0
328,mutable_view,A4,0
328,blocking_view,A4,0
328,nested_view,A5,0
328,mutable_view,A5,0
328,blocking_view,A5,0
328,nested_view,A6,0
328,mutable_view,A6,0
328,blocking_view,A6,0
329,nested_view,A1,0
329,mutable_view,A1,0
329,blocking_view,A1,0
329,nested_view,A2,0
329,mutable_view,A2,0
329,blocking_view,A2,0
329,nested_view,A3,0
329,mutable_view,A3,0
329,blocking_view,A3,0
329,nested_view,A4,0
329,mutable_view,A4,0
329,blocking_view,A4,0
329,nested_view,A5,0
329,mutable_view,A5,0
329,blocking_view,A5,0
329,nested_view,A6,0
329,mutable_view,A6,0
329,blocking_view,A6,0
330,nested_view,A1,0
330,mutable_view,A1,0
330,blocking_view,A1,0
330,nested_view,A2,0
330,mutable_view,A2,0
330,blocking_view,A2,0
330,nested_view,A3,0
330,mutable_view,A3,0
330,blocking_view,A3,0
330,nested_view,A4,0
330,mutable_view,A4,0
330,blocking_view,A4,0
330,nested_view,A5,0
330,mutable_view,A5,0
330,blocking_view,A5,0
330,nested_view,A6,0
330,mutable_view,A6,0
330,blocking_view,A6,0
331,nested_view,A1,0
331,mutable_view,A1,0
331,blocking_view,A1,0
331,nested_view,A2,0
331,mutable_view,A2,0
331,blocking_view,A2,0
331,nested_view,A3,0
331,mutable_view,A3,0
331,blocking_view,A3,0
331,nested_view,A4,0
331,mutable_view,A4,0
331,blocking_view,A4,0
331,nested_view,A5,0
331,mutable_view,A5,0
331,blocking_view,A5,0
331,nested_view,A6,0
331,mutable_view,A6,0
331,blocking_view,A6,0
332,nested_view,A1,0
332,mutable_view,A1,0
332,blocking_view,A1,0
332,nested_view,A2,0
332,mutable_view,A2,0
332,blocking_view,A2,0
332,nested_view,A3,0
332,mutable_view,A3,0
332,blocking_view,A3,0
332,nested_view,A4,0
332,mutable_view,A4,1
332,blocking_view,A4,0
332,nested_view,A5,0
332,mutable_view,A5,1
332,blocking_view,A5,0
332,nested_view,A6,0
332,mutable_view,A6,0
332,blocking_view,A6,0
333,nested_view,A1,1
333,mutable_view,A1,1
333,blocking_view,A1,1
333,nested_view,A2,1
333,mutable_view,A2,0
333,blocking_view,A2,0
333,nested_view,A3,1
333,mutable_view,A3,1
333,blocking_view,A3,1
333,nested_view,A4,0
333,mutable_view,A4,1
333,blocking_view,A4,0
333,nested_view,A5,1
333,mutable_view,A5,1
333,blocking_view,A5,0
333,nested_view,A6,0
333,mutable_view,A6,1
333,blocking_view,A6,1
334,nested_view,A1,0
334,mutable_view,A1,0
334,blocking_view,A1,0
334,nested_view,A2,0
334,mutable_view,A2,0
334,blocking_view,A2,0
334,nested_view,A3,0
334,mutable_view,A3,0
334,blocking_view,A3,0
334,nested_view,A4,0
334,mutable_view,A4,0
334,blocking_view,A4,0
334,nested_view,A5,0
334,mutable_view,A5,0
334,blocking_view,A5,0
334,nested_view,A6,0
334,mutable_view,A6,1
334,blocking_view,A6,1
335,nested_view,A1,0
335,mutable_view,A1,0
335,blocking_view,A1,0
335,nested_view,A2,0
335,mutable_view,A2,0
335,blocking_view,A2,0
335,nested_view,A3,0
335,mutable_view,A3,1
335,blocking_view,A3,0
335,nested_view,A4,0
335,mutable_view,A4,1
335,blocking_view,A4,0
335,nested_view,A5,0
335,mutable_view,A5,1
335,blocking_view,A5,0
335,nested_view,A6,0
335,mutable_view,A6,0
335,blocking_view,A6,0
336,nested_view,A1,0
336,mutable_view,A1,0
336,blocking_view,A1,0
336,nested_view,A2,0
336,mutable_view,A2,0
336,blocking_view,A2,0
336,nested_view,A3,0
336,mutable_view,A3,0
336,blocking_view,A3,0
336,nested_view,A4,0
336,mutable_view,A4,0
336,blocking_view,A4,0
336,nested_view,A5,0
336,mutable_view,A5,1
336,blocking_view,A5,0
336,nested_view,A6,0
336,mutable_view,A6,0
336,blocking_view,A6,0
337,nested_view,A1,0
337,mutable_view,A1,0
337,blocking_view,A1,0
337,nested_view,A2,0
337,mutable_view,A2,0
337,blocking_view,A2,0
337,nested_view,A3,0
337,mutable_view,A3,0
337,blocking_view,A3,0
337,nested_view,A4,0
337,mutable_view,A4,1
337,blocking_view,A4,0
337,nested_view,A5,0
337,mutable_view,A5,1
337,blocking_view,A5,0
337,nested_view,A6,0
337,mutable_view,A6,0
337,blocking_view,A6,0
338,nested_view,A1,0
338,mutable_view,A1,0
338,blocking_view,A1,0
338,nested_view,A2,0
338,mutable_view,A2,0
338,blocking_view,A2,0
338,nested_view,A3,0
338,mutable_view,A3,0
338,blocking_view,A3,0
338,nested_view,A4,0
338,mutable_view,A4,1
338,blocking_view,A4,0
338,nested_view,A5,0
338,mutable_view,A5,1
338,blocking_view,A5,0
338,nested_view,A6,0
338,mutable_view,A6,0
338,blocking_view,A6,0
339,nested_view,A1,0
339,mutable_view,A1,0
339,blocking_view,A1,0
339,nested_view,A2,0
339,mutable_view,A2,0
339,blocking_view,A2,0
339,nested_view,A3,0
339,mutable_view,A3,0
339,blocking_view,A3,0
339,nested_view,A4,0
339,mutable_view,A4,1
339,blocking_view,A4,0
339,nested_view,A5,0
339,mutable_view,A5,1
339,blocking_view,A5,0
339,nested_view,A6,0
339,mutable_view,A6,0
339,blocking_view,A6,0
340,nested_view,A1,1
340,mutable_view,A1,1
340,blocking_view,A1,1
340,nested_view,A2,0
340,mutable_view,A2,0
340,blocking_view,A2,0
340,nested_view,A3,1
340,mutable_view,A3,1
340,blocking_view,A3,0
340,nested_view,A4,1
340,mutable_view,A4,1
340,blocking_view,A4,0
340,nested_view,A5,1
340,mutable_view,A5,1
340,blocking_view,A5,0
340,nested_view,A6,0
340,mutable_view,A6,1
340,blocking_view,A6,1
341,nested_view,A1,0
341,mutable_view,A1,0
341,blocking_view,A1,0
341,nested_view,A2,0
341,mutable_view,A2,0
341,blocking_view,A2,0
341,nested_view,A3,0
341,mutable_view,A3,0
341,blocking_view,A3,0
341,nested_view,A4,0
341,mutable_view,A4,0
341,blocking_view,A4,0
341,nested_view,A5,0
341,mutable_view,A5,0
341,blocking_view,A5,0
341,nested_view,A6,0
341,mutable_view,A6,1
341,blocking_view,A6,1
342,nested_view,A1,0
342,mutable_view,A1,0
342,blocking_view,A1,0
342,nested_view,A2,0
342,mutable_view,A2,0
342,blocking_view,A2,0
342,nested_view,A3,0
342,mutable_view,A3,0
342,blocking_view,A3,0
342,nested_view,A4,0
342,mutable_view,A4,1
342,blocking_view,A4,0
342,nested_view,A5,0
342,mutable_view,A5,1
342,blocking_view,A5,0
342,nested_view,A6,0
342,mutable_view,A6,0
342,blocking_view,A6,1
343,nested_view,A1,0
343,mutable_view,A1,0
343,blocking_view,A1,0
343,nested_view,A2,0
343,mutable_view,A2,0
343,blocking_view,A2,0
343,nested_view,A3,0
343,mutable_view,A3,0
343,blocking_view,A3,0
343,nested_view,A4,0
343,mutable_view,A4,0
343,blocking_view,A4,0
343,nested_view,A5,0
343,mutable_view,A5,0
343,blocking_view,A5,0
343,nested_view,A6,0
343,mutable_view,A6,0
343,blocking_view,A6,0
344,nested_view,A1,0
344,mutable_view,A1,0
344,blocking_view,A1,0
344,nested_view,A2,0
344,mutable_view,A2,0
344,blocking_view,A2,0
344,nested_view,A3,0
344,mutable_view,A3,0
344,blocking_view,A3,0
344,nested_view,A4,0
344,mutable_view,A4,1
344,blocking_view,A4,0
344,nested_view,A5,0
344,mutable_view,A5,1
344,blocking_view,A5,0
344,nested_view,A6,0
344,mutable_view,A6,0
344,blocking_view,A6,0
345,nested_view,A1,0
345,mutable_view,A1,0
345,blocking_view,A1,0
345,nested_view,A2,0
345,mutable_view,A2,0
345,blocking_view,A2,0
345,nested_view,A3,0
345,mutable_view,A3,1
345,blocking_view,A3,0
345,nested_view,A4,0
345,mutable_view,A4,1
345,blocking_view,A4,0
345,nested_view,A5,0
345,mutable_view,A5,1
345,blocking_view,A5,0
345,nested_view,A6,0
345,mutable_view,A6,0
345,blocking_view,A6,0
346,nested_view,A1,0
346,mutable_view,A1,0
346,blocking_view,A1,0
346,nested_view,A2,0
346,mutable_view,A2,0
346,blocking_view,A2,0
346,nested_view,A3,0
346,mutable_view,A3,0
346,blocking_view,A3,0
346,nested_view,A4,1
346,mutable_view,A4,1
346,blocking_view,A4,0
346,nested_view,A5,0
346,mutable_view,A5,1
346,blocking_view,A5,0
346,nested_view,A6,0
346,mutable_view,A6,0
346,blocking_view,A6,0
347,nested_view,A1,0
347,mutable_view,A1,0
347,blocking_view,A1,0
347,nested_view,A2,0
347,mutable_view,A2,0
347,blocking_view,A2,0
347,nested_view,A3,0
347,mutable_view,A3,0
347,blocking_view,A3,0
347,nested_view,A4,0
347,mutable_view,A4,1
347,blocking_view,A4,0
347,nested_view,A5,0
347,mutable_view,A5,1
347,blocking_view,A5,0
347,nested_view,A6,0
347,mutable_view,A6,0
347,blocking_view,A6,0
348,nested_view,A1,0
348,mutable_view,A1,0
348,blocking_view,A1,0
348,nested_view,A2,0
348,mutable_view,A2,0
348,blocking_view,A2,0
348,nested_view,A3,0
348,mutable_view,A3,0
348,blocking_view,A3,0
348,nested_view,A4,0
348,mutable_view,A4,1
348,blocking_view,A4,0
348,nested_view,A5,0
348,mutable_view,A5,1
348,blocking_view,A5,0
348,nested_view,A6,0
348,mutable_view,A6,0
348,blocking_view,A6,0
349,nested_view,A1,0
349,mutable_view,A1,0
349,blocking_view,A1,0
349,nested_view,A2,1
349,mutable_view,A2,0
349,blocking_view,A2,0
349,nested_view,A3,0
349,mutable_view,A3,0
349,blocking_view,A3,0
349,nested_view,A4,0
349,mutable_view,A4,1
349,blocking_view,A4,0
349,nested_view,A5,0
349,mutable_view,A5,1
349,blocking_view,A5,0
349,nested_view,A6,0
349,mutable_view,A6,0
349,blocking_view,A6,0
350,nested_view,A1,0
350,mutable_view,A1,0
350,blocking_view,A1,0
350,nested_view,A2,0
350,mutable_view,A2,0
350,blocking_view,A2,0
350,nested_view,A3,0
350,mutable_view,A3,0
350,blocking_view,A3,0
350,nested_view,A4,0
350,mutable_view,A4,0
350,blocking_view,A4,0
350,nested_view,A5,0
350,mutable_view,A5,0
350,blocking_view,A5,0
350,nested_view,A6,0
350,mutable_view,A6,1
350,blocking_view,A6,1
351,nested_view,A1,0
351,mutable_view,A1,0
351,blocking_view,A1,0
351,nested_view,A2,1
351,mutable_view,A2,0
351,blocking_view,A2,0
351,nested_view,A3,0
351,mutable_view,A3,0
351,blocking_view,A3,0
351,nested_view,A4,0
351,mutable_view,A4,0
351,blocking_view,A4,0
351,nested_view,A5,0
351,mutable_view,A5,1
351,blocking_view,A5,0
351,nested_view,A6,0
351,mutable_view,A6,0
351,blocking_view,A6,0
352,nested_view,A1,0
352,mutable_view,A1,0
352,blocking_view,A1,0
352,nested_view,A2,0
352,mutable_view,A2,0
352,blocking_view,A2,0
352,nested_view,A3,0
352,mutable_view,A3,0
352,blocking_view,A3,0
352,nested_view,A4,0
352,mutable_view,A4,1
352,blocking_view,A4,0
352,nested_view,A5,0
352,mutable_view,A5,1
352,blocking_view,A5,0
352,nested_view,A6,0
352,mutable_view,A6,0
352,blocking_view,A6,0
353,nested_view,A1,1
353,mutable_view,A1,1
353,blocking_view,A1,1
353,nested_view,A2,0
353,mutable_view,A2,0
353,blocking_view,A2,0
353,nested_view,A3,1
353,mutable_view,A3,1
353,blocking_view,A3,1
353,nested_view,A4,1
353,mutable_view,A4,1
353,blocking_view,A4,0
353,nested_view,A5,1
353,mutable_view,A5,1
353,blocking_view,A5,0
353,nested_view,A6,0
353,mutable_view,A6,1
353,blocking_view,A6,1
354,nested_view,A1,0
354,mutable_view,A1,0
354,blocking_view,A1,0
354,nested_view,A2,0
354,mutable_view,A2,0
354,blocking_view,A2,0
354,nested_view,A3,0
354,mutable_view,A3,0
354,blocking_view,A3,0
354,nested_view,A4,0
354,mutable_view,A4,1
354,blocking_view,A4,0
354,nested_view,A5,0
354,mutable_view,A5,1
354,blocking_view,A5,0
354,nested_view,A6,0
354,mutable_view,A6,1
354,blocking_view,A6,1
355,nested_view,A1,0
355,mutable_view,A1,0
355,blocking_view,A1,0
355,nested_view,A2,0
355,mutable_view,A2,0
355,blocking_view,A2,0
355,nested_view,A3,0
355,mutable_view,A3,0
355,blocking_view,A3,0
355,nested_view,A4,0
355,mutable_view,A4,0
355,blocking_view,A4,0
355,nested_view,A5,0
355,mutable_view,A5,0
355,blocking_view,A5,0
355,nested_view,A6,0
355,mutable_view,A6,0
355,blocking_view,A6,0
356,nested_view,A1,0
356,mutable_view,A1,0
356,blocking_view,A1,0
356,nested_view,A2,0
356,mutable_view,A2,0
356,blocking_view,A2,0
356,nested_view,A3,0
356,mutable_view,A3,0
356,blocking_view,A3,0
356,nested_view,A4,0
356,mutable_view,A4,1
356,blocking_view,A4,0
356,nested_view,A5,0
356,mutable_view,A5,1
356,blocking_view,A5,0
356,nested_view,A6,0
356,mutable_view,A6,0
356,blocking_view,A6,1
357,nested_view,A1,0
357,mutable_view,A1,0
357,blocking_view,A1,0
357,nested_view,A2,0
357,mutable_view,A2,0
357,blocking_view,A2,0
357,nested_view,A3,0
357,mutable_view,A3,0
357,blocking_view,A3,0
357,nested_view,A4,0
357,mutable_view,A4,1
357,blocking_view,A4,0
357,nested_view,A5,0
357,mutable_view,A5,1
357,blocking_view,A5,0
357,nested_view,A6,0
357,mutable_view,A6,0
357,blocking_view,A6,0
358,nested_view,A1,0
358,mutable_view,A1,0
358,blocking_view,A1,0
358,nested_view,A2,0
358,mutable_view,A2,0
358,blocking_view,A2,0
358,nested_view,A3,0
358,mutable_view,A3,0
358,blocking_view,A3,0
358,nested_view,A4,0
358,mutable_view,A4,1
358,blocking_view,A4,1
358,nested_view,A5,0
358,mutable_view,A5,1
358,blocking_view,A5,1
358,nested_view,A6,0
358,mutable_view,A6,0
358,blocking_view,A6,0
359,nested_view,A1,0
359,mutable_view,A1,0
359,blocking_view,A1,0
359,nested_view,A2,0
359,mutable_view,A2,0
359,blocking_view,A2,0
359,nested_view,A3,0
359,mutable_view,A3,0
359,blocking_view,A3,0
359,nested_view,A4,0
359,mutable_view,A4,1
359,blocking_view,A4,1
359,nested_view,A5,0
359,mutable_view,A5,1
359,blocking_view,A5,1
359,nested_view,A6,0
359,mutable_view,A6,0
359,blocking_view,A6,0
360,nested_view,A1,0
360,mutable_view,A1,0
360,blocking_view,A1,0
360,nested_view,A2,0
360,mutable_view,A2,0
360,blocking_view,A2,0
360,nested_view,A3,0
360,mutable_view,A3,0
360,blocking_view,A3,0
360,nested_view,A4,0
360,mutable_view,A4,0
360,blocking_view,A4,0
360,nested_view,A5,0
360,mutable_view,A5,0
360,blocking_view,A5,0
360,nested_view,A6,0
360,mutable_view,A6,1
360,blocking_view,A6,1
361,nested_view,A1,0
361,mutable_view,A1,0
361,blocking_view,A1,0
361,nested_view,A2,0
361,mutable_view,A2,0
361,blocking_view,A2,0
361,nested_view,A3,0
361,mutable_view,A3,0
361,blocking_view,A3,0
361,nested_view,A4,0
361,mutable_view,A4,0
361,blocking_view,A4,0
361,nested_view,A5,0
361,mutable_view,A5,0
361,blocking_view,A5,0
361,nested_view,A6,0
361,mutable_view,A6,1
361,blocking_view,A6,1
362,nested_view,A1,0
362,mutable_view,A1,0
362,blocking_view,A1,0
362,nested_view,A2,0
362,mutable_view,A2,0
362,blocking_view,A2,0
362,nested_view,A3,0
362,mutable_view,A3,0
362,blocking_view,A3,0
362,nested_view,A4,0
362,mutable_view,A4,0
362,blocking_view,A4,0
362,nested_view,A5,0
362,mutable_view,A5,0
362,blocking_view,A5,0
362,nested_view,A6,0
362,mutable_view,A6,1
362,blocking_view,A6,0
363,nested_view,A1,0
363,mutable_view,A1,0
363,blocking_view,A1,0
363,nested_view,A2,0
363,mutable_view,A2,0
363,blocking_view,A2,0
363,nested_view,A3,0
363,mutable_view,A3,0
363,blocking_view,A3,0
363,nested_view,A4,0
363,mutable_view,A4,0
363,blocking_view,A4,0
363,nested_view,A5,0
363,mutable_view,A5,0
363,blocking_view,A5,0
363,nested_view,A6,0
363,mutable_view,A6,1
363,blocking_view,A6,0
364,nested_view,A1,1
364,mutable_view,A1,1
364,blocking_view,A1,1
364,nested_view,A2,0
364,mutable_view,A2,0
364,blocking_view,A2,0
364,nested_view,A3,1
364,mutable_view,A3,1
364,blocking_view,A3,1
364,nested_view,A4,1
364,mutable_view,A4,1
364,blocking_view,A4,0
364,nested_view,A5,1
364,mutable_view,A5,1
364,blocking_view,A5,0
364,nested_view,A6,0
364,mutable_view,A6,1
364,blocking_view,A6,1
365,nested_view,A1,0
365,mutable_view,A1,1
365,blocking_view,A1,1
365,nested_view,A2,0
365,mutable_view,A2,0
365,blocking_view,A2,0
365,nested_view,A3,0
365,mutable_view,A3,1
365,blocking_view,A3,0
365,nested_view,A4,0
365,mutable_view,A4,1
365,blocking_view,A4,0
365,nested_view,A5,0
365,mutable_view,A5,1
365,blocking_view,A5,0
365,nested_view,A6,0
365,mutable_view,A6,1
365,blocking_view,A6,0
366,nested_view,A1,0
366,mutable_view,A1,1
366,blocking_view,A1,1
366,nested_view,A2,0
366,mutable_view,A2,0
366,blocking_view,A2,0
366,nested_view,A3,0
366,mutable_view,A3,1
366,blocking_view,A3,1
366,nested_view,A4,0
366,mutable_view,A4,1
366,blocking_view,A4,0
366,nested_view,A5,0
366,mutable_view,A5,1
366,blocking_view,A5,0
366,nested_view,A6,0
366,mutable_view,A6,1
366,blocking_view,A6,0
367,nested_view,A1,0
367,mutable_view,A1,1
367,blocking_view,A1,1
367,nested_view,A2,0
367,mutable_view,A2,0
367,blocking_view,A2,0
367,nested_view,A3,0
367,mutable_view,A3,1
367,blocking_view,A3,1
367,nested_view,A4,0
367,mutable_view,A4,1
367,blocking_view,A4,0
367,nested_view,A5,0
367,mutable_view,A5,1
367,blocking_view,A5,0
367,nested_view,A6,0
367,mutable_view,A6,0
367,blocking_view,A6,0
368,nested_view,A1,0
368,mutable_view,A1,0
368,blocking_view,A1,0
368,nested_view,A2,0
368,mutable_view,A2,0
368,blocking_view,A2,0
368,nested_view,A3,0
368,mutable_view,A3,0
368,blocking_view,A3,0
368,nested_view,A4,0
368,mutable_view,A4,1
368,blocking_view,A4,0
368,nested_view,A5,0
368,mutable_view,A5,1
368,blocking_view,A5,0
368,nested_view,A6,0
368,mutable_view,A6,1
368,blocking_view,A6,1
369,nested_view,A1,0
369,mutable_view,A1,0
369,blocking_view,A1,0
369,nested_view,A2,0
369,mutable_view,A2,0
369,blocking_view,A2,0
369,nested_view,A3,0
369,mutable_view,A3,0
369,blocking_view,A3,0
369,nested_view,A4,0
369,mutable_view,A4,1
369,blocking_view,A4,0
369,nested_view,A5,0
369,mutable_view,A5,1
369,blocking_view,A5,0
369,nested_view,A6,0
369,mutable_view,A6,1
369,blocking_view,A6,1
370,nested_view,A1,0
370,mutable_view,A1,0
370,blocking_view,A1,0
370,nested_view,A2,0
370,mutable_view,A2,0
370,blocking_view,A2,0
370,nested_view,A3,0
370,mutable_view,A3,1
370,blocking_view,A3,0
370,nested_view,A4,0
370,mutable_view,A4,1
370,blocking_view,A4,0
370,nested_view,A5,0
370,mutable_view,A5,1
370,blocking_view,A5,0
370,nested_view,A6,0
370,mutable_view,A6,1
370,blocking_view,A6,1
371,nested_view,A1,0
371,mutable_view,A1,0
371,blocking_view,A1,0
371,nested_view,A2,0
371,mutable_view,A2,0
371,blocking_view,A2,0
371,nested_view,A3,0
371,mutable_view,A3,0
371,blocking_view,A3,0
371,nested_view,A4,0
371,mutable_view,A4,1
371,blocking_view,A4,0
371,nested_view,A5,0
371,mutable_view,A5,1
371,blocking_view,A5,0
371,nested_view,A6,0
371,mutable_view,A6,0
371,blocking_view,A6,0
372,nested_view,A1,0
372,mutable_view,A1,0
372,blocking_view,A1,0
372,nested_view,A2,0
372,mutable_view,A2,0
372,blocking_view,A2,0
372,nested_view,A3,0
372,mutable_view,A3,0
372,blocking_view,A3,0
372,nested_view,A4,0
372,mutable_view,A4,1
372,blocking_view,A4,0
372,nested_view,A5,0
372,mutable_view,A5,1
372,blocking_view,A5,0
372,nested_view,A6,0
372,mutable_view,A6,1
372,blocking_view,A6,1
373,nested_view,A1,0
373,mutable_view,A1,0
373,blocking_view,A1,0
373,nested_view,A2,0
373,mutable_view,A2,0
373,blocking_view,A2,0
373,nested_view,A3,0
373,mutable_view,A3,0
373,blocking_view,A3,0
373,nested_view,A4,0
373,mutable_view,A4,1
373,blocking_view,A4,0
373,nested_view,A5,0
373,mutable_view,A5,1
373,blocking_view,A5,0
373,nested_view,A6,0
373,mutable_view,A6,1
373,blocking_view,A6,1
374,nested_view,A1,0
374,mutable_view,A1,0
374,blocking_view,A1,0
374,nested_view,A2,0
374,mutable_view,A2,0
374,blocking_view,A2,0
374,nested_view,A3,0
374,mutable_view,A3,0
374,blocking_view,A3,0
374,nested_view,A4,0
374,mutable_view,A4,1
374,blocking_view,A4,0
374,nested_view,A5,0
374,mutable_view,A5,1
374,blocking_view,A5,0
374,nested_view,A6,0
374,mutable_view,A6,0
374,blocking_view,A6,0
375,nested_view,A1,1
375,mutable_view,A1,1
375,blocking_view,A1,1
375,nested_view,A2,0
375,mutable_view,A2,0
375,blocking_view,A2,0
375,nested_view,A3,1
375,mutable_view,A3,1
375,blocking_view,A3,0
375,nested_view,A4,1
375,mutable_view,A4,1
375,blocking_view,A4,0
375,nested_view,A5,1
375,mutable_view,A5,1
375,blocking_view,A5,0
375,nested_view,A6,0
375,mutable_view,A6,1
375,blocking_view,A6,1
376,nested_view,A1,0
376,mutable_view,A1,0
376,blocking_view,A1,0
376,nested_view,A2,0
376,mutable_view,A2,0
376,blocking_view,A2,0
376,nested_view,A3,0
376,mutable_view,A3,0
376,blocking_view,A3,0
376,nested_view,A4,0
376,mutable_view,A4,0
376,blocking_view,A4,0
376,nested_view,A5,0
376,mutable_view,A5,0
376,blocking_view,A5,0
376,nested_view,A6,0
376,mutable_view,A6,1
376,blocking_view,A6,1
377,nested_view,A1,0
377,mutable_view,A1,0
377,blocking_view,A1,0
377,nested_view,A2,0
377,mutable_view,A2,0
377,blocking_view,A2,0
377,nested_view,A3,0
377,mutable_view,A3,0
377,blocking_view,A3,0
377,nested_view,A4,0
377,mutable_view,A4,0
377,blocking_view,A4,0
377,nested_view,A5,0
377,mutable_view,A5,0
377,blocking_view,A5,0
377,nested_view,A6,0
377,mutable_view,A6,0
377,blocking_view,A6,0
378,nested_view,A1,0
378,mutable_view,A1,0
378,blocking_view,A1,0
378,nested_view,A2,0
378,mutable_view,A2,0
378,blocking_view,A2,0
378,nested_view,A3,0
378,mutable_view,A3,0
378,blocking_view,A3,0
378,nested_view,A4,0
378,mutable_view,A4,1
378,blocking_view,A4,0
378,nested_view,A5,0
378,mutable_view,A5,1
378,blocking_view,A5,0
378,nested_view,A6,0
378,mutable_view,A6,1
378,blocking_view,A6,1
379,nested_view,A1,0
379,mutable_view,A1,0
379,blocking_view,A1,0
379,nested_view,A2,0
379,mutable_view,A2,0
379,blocking_view,A2,0
379,nested_view,A3,0
379,mutable_view,A3,0
379,blocking_view,A3,0
379,nested_view,A4,0
379,mutable_view,A4,1
379,blocking_view,A4,0
379,nested_view,A5,0
379,mutable_view,A5,1
379,blocking_view,A5,0
379,nested_view,A6,0
379,mutable_view,A6,0
379,blocking_view,A6,0
380,nested_view,A1,0
380,mutable_view,A1,0
380,blocking_view,A1,0
380,nested_view,A2,0
380,mutable_view,A2,0
380,blocking_view,A2,0
380,nested_view,A3,0
380,mutable_view,A3,0
380,blocking_view,A3,0
380,nested_view,A4,0
380,mutable_view,A4,0
380,blocking_view,A4,0
380,nested_view,A5,0
380,mutable_view,A5,0
380,blocking_view,A5,0
380,nested_view,A6,0
380,mutable_view,A6,0
380,blocking_view,A6,0
381,nested_view,A1,0
381,mutable_view,A1,0
381,blocking_view,A1,0
381,nested_view,A2,0
381,mutable_view,A2,0
381,blocking_view,A2,0
381,nested_view,A3,0
381,mutable_view,A3,0
381,blocking_view,A3,0
381,nested_view,A4,0
381,mutable_view,A4,1
381,blocking_view,A4,0
381,nested_view,A5,0
381,mutable_view,A5,1
381,blocking_view,A5,0
381,nested_view,A6,0
381,mutable_view,A6,0
381,blocking_view,A6,0
382,nested_view,A1,0
382,mutable_view,A1,0
382,blocking_view,A1,0
382,nested_view,A2,0
382,mutable_view,A2,0
382,blocking_view,A2,0
382,nested_view,A3,0
382,mutable_view,A3,0
382,blocking_view,A3,0
382,nested_view,A4,0
382,mutable_view,A4,1
382,blocking_view,A4,0
382,nested_view,A5,0
382,mutable_view,A5,1
382,blocking_view,A5,0
382,nested_view,A6,0
382,mutable_view,A6,0
382,blocking_view,A6,0
383,nested_view,A1,0
383,mutable_view,A1,0
383,blocking_view,A1,0
383,nested_view,A2,0
383,mutable_view,A2,0
383,blocking_view,A2,0
383,nested_view,A3,0
383,mutable_view,A3,0
383,blocking_view,A3,0
383,nested_view,A4,0
383,mutable_view,A4,0
383,blocking_view,A4,0
383,nested_view,A5,0
383,mutable_view,A5,0
383,blocking_view,A5,0
383,nested_view,A6,0
383,mutable_view,A6,1
383,blocking_view,A6,1
384,nested_view,A1,0
384,mutable_view,A1,0
384,blocking_view,A1,0
384,nested_view,A2,0
384,mutable_view,A2,0
384,blocking_view,A2,0
384,nested_view,A3,0
384,mutable_view,A3,0
384,blocking_view,A3,0
384,nested_view,A4,0
384,mutable_view,A4,0
384,blocking_view,A4,0
384,nested_view,A5,0
384,mutable_view,A5,0
384,blocking_view,A5,0
384,nested_view,A6,0
384,mutable_view,A6,1
384,blocking_view,A6,1
385,nested_view,A1,0
385,mutable_view,A1,0
385,blocking_view,A1,0
385,nested_view,A2,0
385,mutable_view,A2,0
385,blocking_view,A2,0
385,nested_view,A3,0
385,mutable_view,A3,1
385,blocking_view,A3,0
385,nested_view,A4,0
385,mutable_view,A4,1
385,blocking_view,A4,0
385,nested_view,A5,0
385,mutable_view,A5,1
385,blocking_view,A5,0
385,nested_view,A6,0
385,mutable_view,A6,0
385,blocking_view,A6,0
386,nested_view,A1,0
386,mutable_view,A1,0
386,blocking_view,A1,0
386,nested_view,A2,0
386,mutable_view,A2,0
386,blocking_view,A2,0
386,nested_view,A3,0
386,mutable_view,A3,0
386,blocking_view,A3,0
386,nested_view,A4,0
386,mutable_view,A4,0
386,blocking_view,A4,0
386,nested_view,A5,0
386,mutable_view,A5,0
386,blocking_view,A5,0
386,nested_view,A6,0
386,mutable_view,A6,0
386,blocking_view,A6,0
387,nested_view,A1,0
387,mutable_view,A1,0
387,blocking_view,A1,0
387,nested_view,A2,0
387,mutable_view,A2,0
387,blocking_view,A2,0
387,nested_view,A3,0
387,mutable_view,A3,0
387,blocking_view,A3,0
387,nested_view,A4,0
387,mutable_view,A4,0
387,blocking_view,A4,0
387,nested_view,A5,0
387,mutable_view,A5,0
387,blocking_view,A5,0
387,nested_view,A6,0
387,mutable_view,A6,1
387,blocking_view,A6,1
388,nested_view,A1,1
388,mutable_view,A1,1
388,blocking_view,A1,1
388,nested_view,A2,0
388,mutable_view,A2,1
388,blocking_view,A2,0
388,nested_view,A3,1
388,mutable_view,A3,1
388,blocking_view,A3,1
388,nested_view,A4,1
388,mutable_view,A4,1
388,blocking_view,A4,0
388,nested_view,A5,1
388,mutable_view,A5,1
388,blocking_view,A5,0
388,nested_view,A6,0
388,mutable_view,A6,1
388,blocking_view,A6,1
389,nested_view,A1,0
389,mutable_view,A1,0
389,blocking_view,A1,0
389,nested_view,A2,0
389,mutable_view,A2,1
389,blocking_view,A2,0
389,nested_view,A3,0
389,mutable_view,A3,0
389,blocking_view,A3,0
389,nested_view,A4,0
389,mutable_view,A4,1
389,blocking_view,A4,0
389,nested_view,A5,0
389,mutable_view,A5,1
389,blocking_view,A5,0
389,nested_view,A6,0
389,mutable_view,A6,1
389,blocking_view,A6,1
390,nested_view,A1,0
390,mutable_view,A1,0
390,blocking_view,A1,0
390,nested_view,A2,0
390,mutable_view,A2,1
390,blocking_view,A2,0
390,nested_view,A3,0
390,mutable_view,A3,1
390,blocking_view,A3,0
390,nested_view,A4,0
390,mutable_view,A4,1
390,blocking_view,A4,0
390,nested_view,A5,0
390,mutable_view,A5,1
390,blocking_view,A5,0
390,nested_view,A6,0
390,mutable_view,A6,0
390,blocking_view,A6,0
391,nested_view,A1,0
391,mutable_view,A1,0
391,blocking_view,A1,0
391,nested_view,A2,0
391,mutable_view,A2,0
391,blocking_view,A2,0
391,nested_view,A3,0
391,mutable_view,A3,0
391,blocking_view,A3,0
391,nested_view,A4,0
391,mutable_view,A4,1
391,blocking_view,A4,0
391,nested_view,A5,0
391,mutable_view,A5,1
391,blocking_view,A5,0
391,nested_view,A6,0
391,mutable_view,A6,0
391,blocking_view,A6,0
392,nested_view,A1,0
392,mutable_view,A1,0
392,blocking_view,A1,0
392,nested_view,A2,0
392,mutable_view,A2,0
392,blocking_view,A2,0
392,nested_view,A3,0
392,mutable_view,A3,0
392,blocking_view,A3,0
392,nested_view,A4,0
392,mutable_view,A4,0
392,blocking_view,A4,0
392,nested_view,A5,0
392,mutable_view,A5,0
392,blocking_view,A5,0
392,nested_view,A6,0
392,mutable_view,A6,0
392,blocking_view,A6,0
393,nested_view,A1,0
393,mutable_view,A1,0
393,blocking_view,A1,0
393,nested_view,A2,0
393,mutable_view,A2,0
393,blocking_view,A2,0
393,nested_view,A3,0
393,mutable_view,A3,0
393,blocking_view,A3,0
393,nested_view,A4,0
393,mutable_view,A4,1
393,blocking_view,A4,0
393,nested_view,A5,0
393,mutable_view,A5,1
393,blocking_view,A5,0
393,nested_view,A6,0
393,mutable_view,A6,0
393,blocking_view,A6,0
394,nested_view,A1,0
394,mutable_view,A1,0
394,blocking_view,A1,0
394,nested_view,A2,0
394,mutable_view,A2,0
394,blocking_view,A2,0
394,nested_view,A3,0
394,mutable_view,A3,0
394,blocking_view,A3,0
394,nested_view,A4,0
394,mutable_view,A4,1
394,blocking_view,A4,0
394,nested_view,A5,0
394,mutable_view,A5,1
394,blocking_view,A5,0
394,nested_view,A6,0
394,mutable_view,A6,0
394,blocking_view,A6,0
395,nested_view,A1,0
395,mutable_view,A1,0
395,blocking_view,A1,0
395,nested_view,A2,0
395,mutable_view,A2,0
395,blocking_view,A2,0
395,nested_view,A3,0
395,mutable_view,A3,1
395,blocking_view,A3,0
395,nested_view,A4,0
395,mutable_view,A4,1
395,blocking_view,A4,0
395,nested_view,A5,0
395,mutable_view,A5,1
395,blocking_view,A5,0
395,nested_view,A6,0
395,mutable_view,A6,0
395,blocking_view,A6,0
396,nested_view,A1,0
396,mutable_view,A1,0
396,blocking_view,A1,0
396,nested_view,A2,0
396,mutable_view,A2,0
396,blocking_view,A2,0
396,nested_view,A3,0
396,mutable_view,A3,0
396,blocking_view,A3,0
396,nested_view,A4,0
396,mutable_view,A4,0
396,blocking_view,A4,0
396,nested_view,A5,0
396,mutable_view,A5,0
396,blocking_view,A5,0
396,nested_view,A6,0
396,mutable_view,A6,0
396,blocking_view,A6,1
397,nested_view,A1,0
397,mutable_view,A1,0
397,blocking_view,A1,0
397,nested_view,A2,0
397,mutable_view,A2,0
397,blocking_view,A2,0
397,nested_view,A3,0
397,mutable_view,A3,0
397,blocking_view,A3,0
397,nested_view,A4,0
397,mutable_view,A4,1
397,blocking_view,A4,0
397,nested_view,A5,0
397,mutable_view,A5,1
397,blocking_view,A5,0
397,nested_view,A6,0
397,mutable_view,A6,0
397,blocking_view,A6,0
398,nested_view,A1,0
398,mutable_view,A1,0
398,blocking_view,A1,0
398,nested_view,A2,0
398,mutable_view,A2,0
398,blocking_view,A2,0
398,nested_view,A3,0
398,mutable_view,A3,0
398,blocking_view,A3,0
398,nested_view,A4,0
398,mutable_view,A4,0
398,blocking_view,A4,0
398,nested_view,A5,0
398,mutable_view,A5,0
398,blocking_view,A5,0
398,nested_view,A6,0
398,mutable_view,A6,0
398,blocking_view,A6,0
399,nested_view,A1,0
399,mutable_view,A1,0
399,blocking_view,A1,0
399,nested_view,A2,0
399,mutable_view,A2,1
399,blocking_view,A2,0
399,nested_view,A3,0
399,mutable_view,A3,0
399,blocking_view,A3,0
399,nested_view,A4,0
399,mutable_view,A4,1
399,blocking_view,A4,0
399,nested_view,A5,1
399,mutable_view,A5,1
399,blocking_view,A5,0
399,nested_view,A6,0
399,mutable_view,A6,1
399,blocking_view,A6,1
400,nested_view,A1,0
400,mutable_view,A1,1
400,blocking_view,A1,1
400,nested_view,A2,0
400,mutable_view,A2,0
400,blocking_view,A2,0
400,nested_view,A3,0
400,mutable_view,A3,1
400,blocking_view,A3,0
400,nested_view,A4,0
400,mutable_view,A4,1
400,blocking_view,A4,0
400,nested_view,A5,1
400,mutable_view,A5,1
400,blocking_view,A5,0
400,nested_view,A6,0
400,mutable_view,A6,1
400,blocking_view,A6,1
401,nested_view,A1,0
401,mutable_view,A1,0
401,blocking_view,A1,0
401,nested_view,A2,0
401,mutable_view,A2,0
401,blocking_view,A2,0
401,nested_view,A3,0
401,mutable_view,A3,0
401,blocking_view,A3,0
401,nested_view,A4,0
401,mutable_view,A4,1
401,blocking_view,A4,0
401,nested_view,A5,0
401,mutable_view,A5,1
401,blocking_view,A5,0
401,nested_view,A6,0
401,mutable_view,A6,0
401,blocking_view,A6,0
402,nested_view,A1,0
402,mutable_view,A1,0
402,blocking_view,A1,0
402,nested_view,A2,0
402,mutable_view,A2,0
402,blocking_view,A2,0
402,nested_view,A3,0
402,mutable_view,A3,0
402,blocking_view,A3,0
402,nested_view,A4,0
402,mutable_view,A4,1
402,blocking_view,A4,0
402,nested_view,A5,0
402,mutable_view,A5,1
402,blocking_view,A5,0
402,nested_view,A6,0
402,mutable_view,A6,1
402,blocking_view,A6,0
403,nested_view,A1,0
403,mutable_view,A1,1
403,blocking_view,A1,1
403,nested_view,A2,0
403,mutable_view,A2,0
403,blocking_view,A2,0
403,nested_view,A3,0
403,mutable_view,A3,1
403,blocking_view,A3,1
403,nested_view,A4,0
403,mutable_view,A4,1
403,blocking_view,A4,0
403,nested_view,A5,0
403,mutable_view,A5,1
403,blocking_view,A5,0
403,nested_view,A6,0
403,mutable_view,A6,0
403,blocking_view,A6,0
404,nested_view,A1,0
404,mutable_view,A1,0
404,blocking_view,A1,0
404,nested_view,A2,0
404,mutable_view,A2,0
404,blocking_view,A2,0
404,nested_view,A3,0
404,mutable_view,A3,0
404,blocking_view,A3,0
404,nested_view,A4,0
404,mutable_view,A4,1
404,blocking_view,A4,0
404,nested_view,A5,0
404,mutable_view,A5,1
404,blocking_view,A5,0
404,nested_view,A6,0
404,mutable_view,A6,0
404,blocking_view,A6,0
405,nested_view,A1,1
405,mutable_view,A1,1
405,blocking_view,A1,1
405,nested_view,A2,0
405,mutable_view,A2,1
405,blocking_view,A2,0
405,nested_view,A3,0
405,mutable_view,A3,1
405,blocking_view,A3,0
405,nested_view,A4,0
405,mutable_view,A4,1
405,blocking_view,A4,0
405,nested_view,A5,1
405,mutable_view,A5,1
405,blocking_view,A5,0
405,nested_view,A6,0
405,mutable_view,A6,1
405,blocking_view,A6,1
406,nested_view,A1,0
406,mutable_view,A1,0
406,blocking_view,A1,0
406,nested_view,A2,0
406,mutable_view,A2,0
406,blocking_view,A2,0
406,nested_view,A3,0
406,mutable_view,A3,0
406,blocking_view,A3,0
406,nested_view,A4,0
406,mutable_view,A4,1
406,blocking_view,A4,0
406,nested_view,A5,0
406,mutable_view,A5,1
406,blocking_view,A5,0
406,nested_view,A6,0
406,mutable_view,A6,0
406,blocking_view,A6,0
407,nested_view,A1,0
407,mutable_view,A1,1
407,blocking_view,A1,1
407,nested_view,A2,0
407,mutable_view,A2,1
407,blocking_view,A2,0
407,nested_view,A3,0
407,mutable_view,A3,1
407,blocking_view,A3,1
407,nested_view,A4,0
407,mutable_view,A4,1
407,blocking_view,A4,0
407,nested_view,A5,0
407,mutable_view,A5,1
407,blocking_view,A5,0
407,nested_view,A6,0
407,mutable_view,A6,0
407,blocking_view,A6,0
408,nested_view,A1,0
408,mutable_view,A1,1
408,blocking_view,A1,1
408,nested_view,A2,0
408,mutable_view,A2,1
408,blocking_view,A2,0
408,nested_view,A3,0
408,mutable_view,A3,1
408,blocking_view,A3,1
408,nested_view,A4,0
408,mutable_view,A4,1
408,blocking_view,A4,0
408,nested_view,A5,0
408,mutable_view,A5,1
408,blocking_view,A5,0
408,nested_view,A6,0
408,mutable_view,A6,1
408,blocking_view,A6,0
409,nested_view,A1,0
409,mutable_view,A1,0
409,blocking_view,A1,0
409,nested_view,A2,0
409,mutable_view,A2,0
409,blocking_view,A2,0
409,nested_view,A3,0
409,mutable_view,A3,0
409,blocking_view,A3,0
409,nested_view,A4,0
409,mutable_view,A4,1
409,blocking_view,A4,0
409,nested_view,A5,0
409,mutable_view,A5,1
409,blocking_view,A5,0
409,nested_view,A6,0
409,mutable_view,A6,0
409,blocking_view,A6,0
410,nested_view,A1,0
410,mutable_view,A1,0
410,blocking_view,A1,0
410,nested_view,A2,0
410,mutable_view,A2,0
410,blocking_view,A2,0
410,nested_view,A3,0
410,mutable_view,A3,1
410,blocking_view,A3,0
410,nested_view,A4,0
410,mutable_view,A4,1
410,blocking_view,A4,0
410,nested_view,A5,0
410,mutable_view,A5,1
410,blocking_view,A5,0
410,nested_view,A6,0
410,mutable_view,A6,0
410,blocking_view,A6,0
411,nested_view,A1,0
411,mutable_view,A1,0
411,blocking_view,A1,0
411,nested_view,A2,0
411,mutable_view,A2,0
411,blocking_view,A2,0
411,nested_view,A3,0
411,mutable_view,A3,0
411,blocking_view,A3,0
411,nested_view,A4,0
411,mutable_view,A4,1
411,blocking_view,A4,0
411,nested_view,A5,0
411,mutable_view,A5,1
411,blocking_view,A5,0
411,nested_view,A6,0
411,mutable_view,A6,0
411,blocking_view,A6,0
412,nested_view,A1,0
412,mutable_view,A1,0
412,blocking_view,A1,0
412,nested_view,A2,0
412,mutable_view,A2,0
412,blocking_view,A2,0
412,nested_view,A3,0
412,mutable_view,A3,0
412,blocking_view,A3,0
412,nested_view,A4,0
412,mutable_view,A4,1
412,blocking_view,A4,0
412,nested_view,A5,0
412,mutable_view,A5,1
412,blocking_view,A5,0
412,nested_view,A6,0
412,mutable_view,A6,0
412,blocking_view,A6,0
413,nested_view,A1,0
413,mutable_view,A1,0
413,blocking_view,A1,0
413,nested_view,A2,0
413,mutable_view,A2,1
413,blocking_view,A2,0
413,nested_view,A3,0
413,mutable_view,A3,0
413,blocking_view,A3,0
413,nested_view,A4,0
413,mutable_view,A4,1
413,blocking_view,A4,0
413,nested_view,A5,1
413,mutable_view,A5,1
413,blocking_view,A5,0
413,nested_view,A6,0
413,mutable_view,A6,0
413,blocking_view,A6,1
414,nested_view,A1,0
414,mutable_view,A1,1
414,blocking_view,A1,1
414,nested_view,A2,0
414,mutable_view,A2,0
414,blocking_view,A2,0
414,nested_view,A3,0
414,mutable_view,A3,1
414,blocking_view,A3,1
414,nested_view,A4,0
414,mutable_view,A4,1
414,blocking_view,A4,0
414,nested_view,A5,0
414,mutable_view,A5,1
414,blocking_view,A5,0
414,nested_view,A6,0
414,mutable_view,A6,0
414,blocking_view,A6,1
415,nested_view,A1,0
415,mutable_view,A1,0
415,blocking_view,A1,0
415,nested_view,A2,0
415,mutable_view,A2,0
415,blocking_view,A2,0
415,nested_view,A3,0
415,mutable_view,A3,1
415,blocking_view,A3,0
415,nested_view,A4,0
415,mutable_view,A4,1
415,blocking_view,A4,0
415,nested_view,A5,0
415,mutable_view,A5,0
415,blocking_view,A5,0
415,nested_view,A6,0
415,mutable_view,A6,0
415,blocking_view,A6,0
416,nested_view,A1,0
416,mutable_view,A1,0
416,blocking_view,A1,0
416,nested_view,A2,0
416,mutable_view,A2,0
416,blocking_view,A2,0
416,nested_view,A3,0
416,mutable_view,A3,0
416,blocking_view,A3,0
416,nested_view,A4,0
416,mutable_view,A4,1
416,blocking_view,A4,0
416,nested_view,A5,0
416,mutable_view,A5,0
416,blocking_view,A5,1
416,nested_view,A6,0
416,mutable_view,A6,0
416,blocking_view,A6,0
417,nested_view,A1,1
417,mutable_view,A1,1
417,blocking_view,A1,1
417,nested_view,A2,1
417,mutable_view,A2,0
417,blocking_view,A2,0
417,nested_view,A3,1
417,mutable_view,A3,1
417,blocking_view,A3,1
417,nested_view,A4,0
417,mutable_view,A4,1
417,blocking_view,A4,0
417,nested_view,A5,1
417,mutable_view,A5,1
417,blocking_view,A5,0
417,nested_view,A6,0
417,mutable_view,A6,1
417,blocking_view,A6,1
418,nested_view,A1,0
418,mutable_view,A1,1
418,blocking_view,A1,1
418,nested_view,A2,0
418,mutable_view,A2,0
418,blocking_view,A2,0
418,nested_view,A3,0
418,mutable_view,A3,1
418,blocking_view,A3,1
418,nested_view,A4,0
418,mutable_view,A4,1
418,blocking_view,A4,0
418,nested_view,A5,0
418,mutable_view,A5,1
418,blocking_view,A5,0
418,nested_view,A6,0
418,mutable_view,A6,0
418,blocking_view,A6,0
419,nested_view,A1,0
419,mutable_view,A1,0
419,blocking_view,A1,0
419,nested_view,A2,0
419,mutable_view,A2,0
419,blocking_view,A2,0
419,nested_view,A3,0
419,mutable_view,A3,0
419,blocking_view,A3,0
419,nested_view,A4,0
419,mutable_view,A4,0
419,blocking_view,A4,0
419,nested_view,A5,0
419,mutable_view,A5,0
419,blocking_view,A5,0
419,nested_view,A6,0
419,mutable_view,A6,0
419,blocking_view,A6,1
420,nested_view,A1,0
420,mutable_view,A1,1
420,blocking_view,A1,1
420,nested_view,A2,0
420,mutable_view,A2,0
420,blocking_view,A2,1
420,nested_view,A3,0
420,mutable_view,A3,1
420,blocking_view,A3,0
420,nested_view,A4,0
420,mutable_view,A4,1
420,blocking_view,A4,0
420,nested_view,A5,0
420,mutable_view,A5,1
420,blocking_view,A5,0
420,nested_view,A6,0
420,mutable_view,A6,1
420,blocking_view,A6,1
421,nested_view,A1,0
421,mutable_view,A1,0
421,blocking_view,A1,1
421,nested_view,A2,0
421,mutable_view,A2,0
421,blocking_view,A2,0
421,nested_view,A3,0
421,mutable_view,A3,0
421,blocking_view,A3,1
421,nested_view,A4,0
421,mutable_view,A4,0
421,blocking_view,A4,0
421,nested_view,A5,0
421,mutable_view,A5,0
421,blocking_view,A5,0
421,nested_view,A6,0
421,mutable_view,A6,0
421,blocking_view,A6,0
422,nested_view,A1,0
422,mutable_view,A1,0
422,blocking_view,A1,0
422,nested_view,A2,0
422,mutable_view,A2,0
422,blocking_view,A2,0
422,nested_view,A3,0
422,mutable_view,A3,0
422,blocking_view,A3,0
422,nested_view,A4,0
422,mutable_view,A4,1
422,blocking_view,A4,0
422,nested_view,A5,0
422,mutable_view,A5,0
422,blocking_view,A5,0
422,nested_view,A6,0
422,mutable_view,A6,1
422,blocking_view,A6,0
423,nested_view,A1,1
423,mutable_view,A1,1
423,blocking_view,A1,0
423,nested_view,A2,1
423,mutable_view,A2,0
423,blocking_view,A2,0
423,nested_view,A3,1
423,mutable_view,A3,1
423,blocking_view,A3,0
423,nested_view,A4,0
423,mutable_view,A4,1
423,blocking_view,A4,0
423,nested_view,A5,1
423,mutable_view,A5,1
423,blocking_view,A5,0
423,nested_view,A6,0
423,mutable_view,A6,0
423,blocking_view,A6,0
424,nested_view,A1,0
424,mutable_view,A1,0
424,blocking_view,A1,0
424,nested_view,A2,0
424,mutable_view,A2,0
424,blocking_view,A2,0
424,nested_view,A3,0
424,mutable_view,A3,0
424,blocking_view,A3,0
424,nested_view,A4,0
424,mutable_view,A4,1
424,blocking_view,A4,0
424,nested_view,A5,0
424,mutable_view,A5,0
424,blocking_view,A5,0
424,nested_view,A6,0
424,mutable_view,A6,0
424,blocking_view,A6,0
425,nested_view,A1,0
425,mutable_view,A1,1
425,blocking_view,A1,1
425,nested_view,A2,0
425,mutable_view,A2,0
425,blocking_view,A2,0
425,nested_view,A3,0
425,mutable_view,A3,1
425,blocking_view,A3,0
425,nested_view,A4,0
425,mutable_view,A4,1
425,blocking_view,A4,0
425,nested_view,A5,0
425,mutable_view,A5,1
425,blocking_view,A5,0
425,nested_view,A6,0
425,mutable_view,A6,0
425,blocking_view,A6,1
426,nested_view,A1,0
426,mutable_view,A1,1
426,blocking_view,A1,1
426,nested_view,A2,0
426,mutable_view,A2,0
426,blocking_view,A2,0
426,nested_view,A3,0
426,mutable_view,A3,1
426,blocking_view,A3,1
426,nested_view,A4,0
426,mutable_view,A4,1
426,blocking_view,A4,0
426,nested_view,A5,0
426,mutable_view,A5,1
426,blocking_view,A5,0
426,nested_view,A6,0
426,mutable_view,A6,0
426,blocking_view,A6,0
427,nested_view,A1,0
427,mutable_view,A1,0
427,blocking_view,A1,0
427,nested_view,A2,0
427,mutable_view,A2,0
427,blocking_view,A2,0
427,nested_view,A3,0
427,mutable_view,A3,0
427,blocking_view,A3,0
427,nested_view,A4,0
427,mutable_view,A4,1
427,blocking_view,A4,0
427,nested_view,A5,1
427,mutable_view,A5,0
427,blocking_view,A5,0
427,nested_view,A6,0
427,mutable_view,A6,0
427,blocking_view,A6,0
428,nested_view,A1,0
428,mutable_view,A1,0
428,blocking_view,A1,0
428,nested_view,A2,0
428,mutable_view,A2,0
428,blocking_view,A2,0
428,nested_view,A3,0
428,mutable_view,A3,0
428,blocking_view,A3,0
428,nested_view,A4,0
428,mutable_view,A4,0
428,blocking_view,A4,0
428,nested_view,A5,1
428,mutable_view,A5,0
428,blocking_view,A5,0
428,nested_view,A6,0
428,mutable_view,A6,0
428,blocking_view,A6,0
429,nested_view,A1,0
429,mutable_view,A1,0
429,blocking_view,A1,0
429,nested_view,A2,0
429,mutable_view,A2,0
429,blocking_view,A2,0
429,nested_view,A3,0
429,mutable_view,A3,0
429,blocking_view,A3,0
429,nested_view,A4,0
429,mutable_view,A4,0
429,blocking_view,A4,0
429,nested_view,A5,0
429,mutable_view,A5,0
429,blocking_view,A5,0
429,nested_view,A6,0
429,mutable_view,A6,0
429,blocking_view,A6,0
430,nested_view,A1,0
430,mutable_view,A1,0
430,blocking_view,A1,0
430,nested_view,A2,0
430,mutable_view,A2,0
430,blocking_view,A2,0
430,nested_view,A3,0
430,mutable_view,A3,0
430,blocking_view,A3,0
430,nested_view,A4,0
430,mutable_view,A4,0
430,blocking_view,A4,0
430,nested_view,A5,0
430,mutable_view,A5,1
430,blocking_view,A5,0
430,nested_view,A6,0
430,mutable_view,A6,0
430,blocking_view,A6,0
431,nested_view,A1,0
431,mutable_view,A1,0
431,blocking_view,A1,0
431,nested_view,A2,0
431,mutable_view,A2,0
431,blocking_view,A2,0
431,nested_view,A3,0
431,mutable_view,A3,0
431,blocking_view,A3,0
431,nested_view,A4,0
431,mutable_view,A4,1
431,blocking_view,A4,0
431,nested_view,A5,0
431,mutable_view,A5,0
431,blocking_view,A5,1
431,nested_view,A6,0
431,mutable_view,A6,0
431,blocking_view,A6,0
432,nested_view,A1,1
432,mutable_view,A1,1
432,blocking_view,A1,1
432,nested_view,A2,1
432,mutable_view,A2,1
432,blocking_view,A2,1
432,nested_view,A3,1
432,mutable_view,A3,1
432,blocking_view,A3,1
432,nested_view,A4,1
432,mutable_view,A4,1
432,blocking_view,A4,1
432,nested_view,A5,1
432,mutable_view,A5,1
432,blocking_view,A5,0
432,nested_view,A6,0
432,mutable_view,A6,1
432,blocking_view,A6,1
433,nested_view,A1,1
433,mutable_view,A1,1
433,blocking_view,A1,1
433,nested_view,A2,1
433,mutable_view,A2,0
433,blocking_view,A2,1
433,nested_view,A3,1
433,mutable_view,A3,1
433,blocking_view,A3,1
433,nested_view,A4,1
433,mutable_view,A4,1
433,blocking_view,A4,1
433,nested_view,A5,1
433,mutable_view,A5,1
433,blocking_view,A5,1
433,nested_view,A6,0
433,mutable_view,A6,1
433,blocking_view,A6,1
434,nested_view,A1,0
434,mutable_view,A1,0
434,blocking_view,A1,0
434,nested_view,A2,0
434,mutable_view,A2,0
434,blocking_view,A2,0
434,nested_view,A3,0
434,mutable_view,A3,0
434,blocking_view,A3,0
434,nested_view,A4,0
434,mutable_view,A4,1
434,blocking_view,A4,0
434,nested_view,A5,1
434,mutable_view,A5,0
434,blocking_view,A5,0
434,nested_view,A6,0
434,mutable_view,A6,0
434,blocking_view,A6,0
435,nested_view,A1,1
435,mutable_view,A1,1
435,blocking_view,A1,1
435,nested_view,A2,0
435,mutable_view,A2,1
435,blocking_view,A2,1
435,nested_view,A3,0
435,mutable_view,A3,1
435,blocking_view,A3,0
435,nested_view,A4,0
435,mutable_view,A4,1
435,blocking_view,A4,0
435,nested_view,A5,1
435,mutable_view,A5,1
435,blocking_view,A5,0
435,nested_view,A6,0
435,mutable_view,A6,1
435,blocking_view,A6,1
436,nested_view,A1,0
436,mutable_view,A1,0
436,blocking_view,A1,0
436,nested_view,A2,0
436,mutable_view,A2,0
436,blocking_view,A2,0
436,nested_view,A3,0
436,mutable_view,A3,0
436,blocking_view,A3,0
436,nested_view,A4,0
436,mutable_view,A4,0
436,blocking_view,A4,0
436,nested_view,A5,0
436,mutable_view,A5,1
436,blocking_view,A5,0
436,nested_view,A6,0
436,mutable_view,A6,0
436,blocking_view,A6,0
437,nested_view,A1,0
437,mutable_view,A1,0
437,blocking_view,A1,0
437,nested_view,A2,0
437,mutable_view,A2,0
437,blocking_view,A2,0
437,nested_view,A3,0
437,mutable_view,A3,0
437,blocking_view,A3,0
437,nested_view,A4,0
437,mutable_view,A4,1
437,blocking_view,A4,0
437,nested_view,A5,0
437,mutable_view,A5,0
437,blocking_view,A5,0
437,nested_view,A6,0
437,mutable_view,A6,0
437,blocking_view,A6,0
438,nested_view,A1,1
438,mutable_view,A1,1
438,blocking_view,A1,1
438,nested_view,A2,1
438,mutable_view,A2,0
438,blocking_view,A2,1
438,nested_view,A3,1
438,mutable_view,A3,1
438,blocking_view,A3,1
438,nested_view,A4,0
438,mutable_view,A4,1
438,blocking_view,A4,0
438,nested_view,A5,1
438,mutable_view,A5,1
438,blocking_view,A5,1
438,nested_view,A6,0
438,mutable_view,A6,1
438,blocking_view,A6,1
439,nested_view,A1,0
439,mutable_view,A1,0
439,blocking_view,A1,0
439,nested_view,A2,0
439,mutable_view,A2,0
439,blocking_view,A2,0
439,nested_view,A3,0
439,mutable_view,A3,0
439,blocking_view,A3,0
439,nested_view,A4,0
439,mutable_view,A4,1
439,blocking_view,A4,0
439,nested_view,A5,0
439,mutable_view,A5,0
439,blocking_view,A5,0
439,nested_view,A6,0
439,mutable_view,A6,0
439,blocking_view,A6,0
440,nested_view,A1,1
440,mutable_view,A1,1
440,blocking_view,A1,1
440,nested_view,A2,1
440,mutable_view,A2,0
440,blocking_view,A2,0
440,nested_view,A3,1
440,mutable_view,A3,1
440,blocking_view,A3,0
440,nested_view,A4,0
440,mutable_view,A4,1
440,blocking_view,A4,0
440,nested_view,A5,1
440,mutable_view,A5,1
440,blocking_view,A5,0
440,nested_view,A6,1
440,mutable_view,A6,1
440,blocking_view,A6,1
441,nested_view,A1,0
441,mutable_view,A1,1
441,blocking_view,A1,1
441,nested_view,A2,0
441,mutable_view,A2,0
441,blocking_view,A2,0
441,nested_view,A3,0
441,mutable_view,A3,1
441,blocking_view,A3,1
441,nested_view,A4,0
441,mutable_view,A4,1
441,blocking_view,A4,0
441,nested_view,A5,0
441,mutable_view,A5,1
441,blocking_view,A5,0
441,nested_view,A6,0
441,mutable_view,A6,0
441,blocking_view,A6,0
442,nested_view,A1,0
442,mutable_view,A1,0
442,blocking_view,A1,1
442,nested_view,A2,0
442,mutable_view,A2,0
442,blocking_view,A2,0
442,nested_view,A3,0
442,mutable_view,A3,0
442,blocking_view,A3,1
442,nested_view,A4,0
442,mutable_view,A4,0
442,blocking_view,A4,0
442,nested_view,A5,0
442,mutable_view,A5,0
442,blocking_view,A5,0
442,nested_view,A6,0
442,mutable_view,A6,0
442,blocking_view,A6,0
443,nested_view,A1,0
443,mutable_view,A1,1
443,blocking_view,A1,1
443,nested_view,A2,0
443,mutable_view,A2,0
443,blocking_view,A2,0
443,nested_view,A3,0
443,mutable_view,A3,1
443,blocking_view,A3,1
443,nested_view,A4,0
443,mutable_view,A4,1
443,blocking_view,A4,0
443,nested_view,A5,0
443,mutable_view,A5,1
443,blocking_view,A5,0
443,nested_view,A6,0
443,mutable_view,A6,1
443,blocking_view,A6,0
444,nested_view,A1,1
444,mutable_view,A1,1
444,blocking_view,A1,1
444,nested_view,A2,1
444,mutable_view,A2,0
444,blocking_view,A2,0
444,nested_view,A3,1
444,mutable_view,A3,1
444,blocking_view,A3,1
444,nested_view,A4,0
444,mutable_view,A4,1
444,blocking_view,A4,0
444,nested_view,A5,0
444,mutable_view,A5,1
444,blocking_view,A5,0
444,nested_view,A6,1
444,mutable_view,A6,1
444,blocking_view,A6,1
445,nested_view,A1,1
445,mutable_view,A1,1
445,blocking_view,A1,1
445,nested_view,A2,0
445,mutable_view,A2,0
445,blocking_view,A2,0
445,nested_view,A3,0
445,mutable_view,A3,1
445,blocking_view,A3,0
445,nested_view,A4,0
445,mutable_view,A4,1
445,blocking_view,A4,0
445,nested_view,A5,0
445,mutable_view,A5,1
445,blocking_view,A5,0
445,nested_view,A6,0
445,mutable_view,A6,1
445,blocking_view,A6,1
446,nested_view,A1,0
446,mutable_view,A1,1
446,blocking_view,A1,1
446,nested_view,A2,0
446,mutable_view,A2,0
446,blocking_view,A2,0
446,nested_view,A3,0
446,mutable_view,A3,1
446,blocking_view,A3,1
446,nested_view,A4,0
446,mutable_view,A4,1
446,blocking_view,A4,0
446,nested_view,A5,0
446,mutable_view,A5,1
446,blocking_view,A5,0
446,nested_view,A6,0
446,mutable_view,A6,1
446,blocking_view,A6,0
447,nested_view,A1,0
447,mutable_view,A1,1
447,blocking_view,A1,0
447,nested_view,A2,0
447,mutable_view,A2,0
447,blocking_view,A2,0
447,nested_view,A3,0
447,mutable_view,A3,1
447,blocking_view,A3,0
447,nested_view,A4,0
447,mutable_view,A4,1
447,blocking_view,A4,0
447,nested_view,A5,0
447,mutable_view,A5,1
447,blocking_view,A5,0
447,nested_view,A6,0
447,mutable_view,A6,0
447,blocking_view,A6,0
448,nested_view,A1,1
448,mutable_view,A1,1
448,blocking_view,A1,1
448,nested_view,A2,1
448,mutable_view,A2,1
448,blocking_view,A2,0
448,nested_view,A3,1
448,mutable_view,A3,1
448,blocking_view,A3,1
448,nested_view,A4,0
448,mutable_view,A4,1
448,blocking_view,A4,0
448,nested_view,A5,1
448,mutable_view,A5,1
448,blocking_view,A5,0
448,nested_view,A6,1
448,mutable_view,A6,1
448,blocking_view,A6,1
449,nested_view,A1,0
449,mutable_view,A1,0
449,blocking_view,A1,0
449,nested_view,A2,0
449,mutable_view,A2,0
449,blocking_view,A2,0
449,nested_view,A3,0
449,mutable_view,A3,0
449,blocking_view,A3,0
449,nested_view,A4,0
449,mutable_view,A4,1
449,blocking_view,A4,0
449,nested_view,A5,0
449,mutable_view,A5,0
449,blocking_view,A5,0
449,nested_view,A6,0
449,mutable_view,A6,0
449,blocking_view,A6,1
450,nested_view,A1,0
450,mutable_view,A1,0
450,blocking_view,A1,0
450,nested_view,A2,0
450,mutable_view,A2,0
450,blocking_view,A2,0
450,nested_view,A3,0
450,mutable_view,A3,0
450,blocking_view,A3,0
450,nested_view,A4,0
450,mutable_view,A4,1
450,blocking_view,A4,0
450,nested_view,A5,0
450,mutable_view,A5,1
450,blocking_view,A5,0
450,nested_view,A6,0
450,mutable_view,A6,0
450,blocking_view,A6,0
451,nested_view,A1,1
451,mutable_view,A1,1
451,blocking_view,A1,1
451,nested_view,A2,1
451,mutable_view,A2,1
451,blocking_view,A2,0
451,nested_view,A3,1
451,mutable_view,A3,1
451,blocking_view,A3,1
451,nested_view,A4,1
451,mutable_view,A4,1
451,blocking_view,A4,0
451,nested_view,A5,1
451,mutable_view,A5,0
451,blocking_view,A5,0
451,nested_view,A6,1
451,mutable_view,A6,1
451,blocking_view,A6,1
452,nested_view,A1,1
452,mutable_view,A1,1
452,blocking_view,A1,1
452,nested_view,A2,1
452,mutable_view,A2,1
452,blocking_view,A2,0
452,nested_view,A3,1
452,mutable_view,A3,1
452,blocking_view,A3,1
452,nested_view,A4,1
452,mutable_view,A4,1
452,blocking_view,A4,0
452,nested_view,A5,1
452,mutable_view,A5,1
452,blocking_view,A5,0
452,nested_view,A6,0
452,mutable_view,A6,1
452,blocking_view,A6,1
453,nested_view,A1,1
453,mutable_view,A1,1
453,blocking_view,A1,1
453,nested_view,A2,1
453,mutable_view,A2,1
453,blocking_view,A2,0
453,nested_view,A3,1
453,mutable_view,A3,1
453,blocking_view,A3,1
453,nested_view,A4,1
453,mutable_view,A4,1
453,blocking_view,A4,0
453,nested_view,A5,1
453,mutable_view,A5,1
453,blocking_view,A5,0
453,nested_view,A6,0
453,mutable_view,A6,1
453,blocking_view,A6,1
454,nested_view,A1,1
454,mutable_view,A1,1
454,blocking_view,A1,1
454,nested_view,A2,1
454,mutable_view,A2,0
454,blocking_view,A2,0
454,nested_view,A3,1
454,mutable_view,A3,1
454,blocking_view,A3,1
454,nested_view,A4,1
454,mutable_view,A4,1
454,blocking_view,A4,0
454,nested_view,A5,1
454,mutable_view,A5,1
454,blocking_view,A5,0
454,nested_view,A6,1
454,mutable_view,A6,1
454,blocking_view,A6,1
455,nested_view,A1,1
455,mutable_view,A1,1
455,blocking_view,A1,1
455,nested_view,A2,0
455,mutable_view,A2,0
455,blocking_view,A2,0
455,nested_view,A3,0
455,mutable_view,A3,1
455,blocking_view,A3,0
455,nested_view,A4,0
455,mutable_view,A4,1
455,blocking_view,A4,0
455,nested_view,A5,0
455,mutable_view,A5,1
455,blocking_view,A5,0
455,nested_view,A6,0
455,mutable_view,A6,1
455,blocking_view,A6,1
456,nested_view,A1,0
456,mutable_view,A1,0
456,blocking_view,A1,0
456,nested_view,A2,0
456,mutable_view,A2,0
456,blocking_view,A2,0
456,nested_view,A3,0
456,mutable_view,A3,0
456,blocking_view,A3,0
456,nested_view,A4,0
456,mutable_view,A4,1
456,blocking_view,A4,0
456,nested_view,A5,0
456,mutable_view,A5,0
456,blocking_view,A5,0
456,nested_view,A6,0
456,mutable_view,A6,0
456,blocking_view,A6,0
457,nested_view,A1,1
457,mutable_view,A1,1
457,blocking_view,A1,1
457,nested_view,A2,1
457,mutable_view,A2,1
457,blocking_view,A2,0
457,nested_view,A3,1
457,mutable_view,A3,1
457,blocking_view,A3,1
457,nested_view,A4,0
457,mutable_view,A4,1
457,blocking_view,A4,0
457,nested_view,A5,1
457,mutable_view,A5,0
457,blocking_view,A5,0
457,nested_view,A6,0
457,mutable_view,A6,1
457,blocking_view,A6,1
458,nested_view,A1,0
458,mutable_view,A1,1
458,blocking_view,A1,1
458,nested_view,A2,0
458,mutable_view,A2,0
458,blocking_view,A2,0
458,nested_view,A3,0
458,mutable_view,A3,1
458,blocking_view,A3,1
458,nested_view,A4,0
458,mutable_view,A4,1
458,blocking_view,A4,0
458,nested_view,A5,0
458,mutable_view,A5,1
458,blocking_view,A5,0
458,nested_view,A6,0
458,mutable_view,A6,0
458,blocking_view,A6,0
459,nested_view,A1,1
459,mutable_view,A1,1
459,blocking_view,A1,1
459,nested_view,A2,1
459,mutable_view,A2,1
459,blocking_view,A2,0
459,nested_view,A3,1
459,mutable_view,A3,1
459,blocking_view,A3,1
459,nested_view,A4,0
459,mutable_view,A4,1
459,blocking_view,A4,0
459,nested_view,A5,1
459,mutable_view,A5,1
459,blocking_view,A5,0
459,nested_view,A6,0
459,mutable_view,A6,1
459,blocking_view,A6,1
460,nested_view,A1,0
460,mutable_view,A1,0
460,blocking_view,A1,0
460,nested_view,A2,0
460,mutable_view,A2,0
460,blocking_view,A2,0
460,nested_view,A3,0
460,mutable_view,A3,1
460,blocking_view,A3,0
460,nested_view,A4,0
460,mutable_view,A4,1
460,blocking_view,A4,0
460,nested_view,A5,1
460,mutable_view,A5,0
460,blocking_view,A5,0
460,nested_view,A6,0
460,mutable_view,A6,0
460,blocking_view,A6,0
461,nested_view,A1,1
461,mutable_view,A1,1
461,blocking_view,A1,1
461,nested_view,A2,1
461,mutable_view,A2,0
461,blocking_view,A2,1
461,nested_view,A3,1
461,mutable_view,A3,1
461,blocking_view,A3,1
461,nested_view,A4,1
461,mutable_view,A4,1
461,blocking_view,A4,0
461,nested_view,A5,1
461,mutable_view,A5,0
461,blocking_view,A5,1
461,nested_view,A6,1
461,mutable_view,A6,1
461,blocking_view,A6,1
462,nested_view,A1,1
462,mutable_view,A1,1
462,blocking_view,A1,1
462,nested_view,A2,1
462,mutable_view,A2,0
462,blocking_view,A2,1
462,nested_view,A3,1
462,mutable_view,A3,1
462,blocking_view,A3,1
462,nested_view,A4,1
462,mutable_view,A4,1
462,blocking_view,A4,0
462,nested_view,A5,1
462,mutable_view,A5,0
462,blocking_view,A5,1
462,nested_view,A6,0
462,mutable_view,A6,1
462,blocking_view,A6,1
463,nested_view,A1,1
463,mutable_view,A1,1
463,blocking_view,A1,1
463,nested_view,A2,1
463,mutable_view,A2,0
463,blocking_view,A2,1
463,nested_view,A3,1
463,mutable_view,A3,1
463,blocking_view,A3,1
463,nested_view,A4,1
463,mutable_view,A4,1
463,blocking_view,A4,0
463,nested_view,A5,1
463,mutable_view,A5,1
463,blocking_view,A5,0
463,nested_view,A6,1
463,mutable_view,A6,1
463,blocking_view,A6,1
464,nested_view,A1,1
464,mutable_view,A1,1
464,blocking_view,A1,1
464,nested_view,A2,1
464,mutable_view,A2,0
464,blocking_view,A2,1
464,nested_view,A3,1
464,mutable_view,A3,1
464,blocking_view,A3,1
464,nested_view,A4,1
464,mutable_view,A4,1
464,blocking_view,A4,1
464,nested_view,A5,1
464,mutable_view,A5,1
464,blocking_view,A5,1
464,nested_view,A6,1
464,mutable_view,A6,1
464,blocking_view,A6,1
465,nested_view,A1,1
465,mutable_view,A1,1
465,blocking_view,A1,1
465,nested_view,A2,0
465,mutable_view,A2,0
465,blocking_view,A2,1
465,nested_view,A3,0
465,mutable_view,A3,1
465,blocking_view,A3,0
465,nested_view,A4,0
465,mutable_view,A4,1
465,blocking_view,A4,0
465,nested_view,A5,0
465,mutable_view,A5,1
465,blocking_view,A5,0
465,nested_view,A6,0
465,mutable_view,A6,1
465,blocking_view,A6,1
466,nested_view,A1,1
466,mutable_view,A1,1
466,blocking_view,A1,0
466,nested_view,A2,1
466,mutable_view,A2,0
466,blocking_view,A2,0
466,nested_view,A3,1
466,mutable_view,A3,1
466,blocking_view,A3,0
466,nested_view,A4,0
466,mutable_view,A4,1
466,blocking_view,A4,0
466,nested_view,A5,1
466,mutable_view,A5,1
466,blocking_view,A5,0
466,nested_view,A6,1
466,mutable_view,A6,1
466,blocking_view,A6,1
467,nested_view,A1,0
467,mutable_view,A1,1
467,blocking_view,A1,1
467,nested_view,A2,0
467,mutable_view,A2,0
467,blocking_view,A2,0
467,nested_view,A3,0
467,mutable_view,A3,1
467,blocking_view,A3,1
467,nested_view,A4,0
467,mutable_view,A4,1
467,blocking_view,A4,1
467,nested_view,A5,0
467,mutable_view,A5,1
467,blocking_view,A5,1
467,nested_view,A6,0
467,mutable_view,A6,1
467,blocking_view,A6,1
468,nested_view,A1,1
468,mutable_view,A1,1
468,blocking_view,A1,1
468,nested_view,A2,1
468,mutable_view,A2,1
468,blocking_view,A2,1
468,nested_view,A3,1
468,mutable_view,A3,1
468,blocking_view,A3,1
468,nested_view,A4,1
468,mutable_view,A4,1
468,blocking_view,A4,0
468,nested_view,A5,1
468,mutable_view,A5,1
468,blocking_view,A5,1
468,nested_view,A6,1
468,mutable_view,A6,1
468,blocking_view,A6,1
469,nested_view,A1,1
469,mutable_view,A1,1
469,blocking_view,A1,1
469,nested_view,A2,1
469,mutable_view,A2,1
469,blocking_view,A2,1
469,nested_view,A3,1
469,mutable_view,A3,1
469,blocking_view,A3,1
469,nested_view,A4,1
469,mutable_view,A4,1
469,blocking_view,A4,0
469,nested_view,A5,1
469,mutable_view,A5,1
469,blocking_view,A5,1
469,nested_view,A6,1
469,mutable_view,A6,1
469,blocking_view,A6,1
470,nested_view,A1,0
470,mutable_view,A1,0
470,blocking_view,A1,0
470,nested_view,A2,0
470,mutable_view,A2,0
470,blocking_view,A2,0
470,nested_view,A3,0
470,mutable_view,A3,1
470,blocking_view,A3,0
470,nested_view,A4,0
470,mutable_view,A4,1
470,blocking_view,A4,0
470,nested_view,A5,0
470,mutable_view,A5,0
470,blocking_view,A5,0
470,nested_view,A6,0
470,mutable_view,A6,0
470,blocking_view,A6,0
471,nested_view,A1,1
471,mutable_view,A1,1
471,blocking_view,A1,1
471,nested_view,A2,1
471,mutable_view,A2,1
471,blocking_view,A2,1
471,nested_view,A3,1
471,mutable_view,A3,1
471,blocking_view,A3,1
471,nested_view,A4,0
471,mutable_view,A4,1
471,blocking_view,A4,0
471,nested_view,A5,0
471,mutable_view,A5,1
471,blocking_view,A5,1
471,nested_view,A6,1
471,mutable_view,A6,1
471,blocking_view,A6,1
472,nested_view,A1,0
472,mutable_view,A1,1
472,blocking_view,A1,1
472,nested_view,A2,0
472,mutable_view,A2,0
472,blocking_view,A2,1
472,nested_view,A3,0
472,mutable_view,A3,1
472,blocking_view,A3,1
472,nested_view,A4,0
472,mutable_view,A4,1
472,blocking_view,A4,0
472,nested_view,A5,1
472,mutable_view,A5,1
472,blocking_view,A5,1
472,nested_view,A6,0
472,mutable_view,A6,0
472,blocking_view,A6,0
473,nested_view,A1,0
473,mutable_view,A1,0
473,blocking_view,A1,0
473,nested_view,A2,0
473,mutable_view,A2,0
473,blocking_view,A2,0
473,nested_view,A3,0
473,mutable_view,A3,0
473,blocking_view,A3,0
473,nested_view,A4,0
473,mutable_view,A4,1
473,blocking_view,A4,0
473,nested_view,A5,0
473,mutable_view,A5,0
473,blocking_view,A5,0
473,nested_view,A6,0
473,mutable_view,A6,1
473,blocking_view,A6,0
474,nested_view,A1,1
474,mutable_view,A1,1
474,blocking_view,A1,0
474,nested_view,A2,1
474,mutable_view,A2,1
474,blocking_view,A2,1
474,nested_view,A3,1
474,mutable_view,A3,1
474,blocking_view,A3,0
474,nested_view,A4,0
474,mutable_view,A4,1
474,blocking_view,A4,0
474,nested_view,A5,1
474,mutable_view,A5,1
474,blocking_view,A5,1
474,nested_view,A6,1
474,mutable_view,A6,1
474,blocking_view,A6,1
475,nested_view,A1,0
475,mutable_view,A1,0
475,blocking_view,A1,0
475,nested_view,A2,0
475,mutable_view,A2,0
475,blocking_view,A2,0
475,nested_view,A3,0
475,mutable_view,A3,0
475,blocking_view,A3,0
475,nested_view,A4,0
475,mutable_view,A4,1
475,blocking_view,A4,0
475,nested_view,A5,0
475,mutable_view,A5,0
475,blocking_view,A5,0
475,nested_view,A6,0
475,mutable_view,A6,0
475,blocking_view,A6,0
476,nested_view,A1,0
476,mutable_view,A1,0
476,blocking_view,A1,0
476,nested_view,A2,0
476,mutable_view,A2,0
476,blocking_view,A2,0
476,nested_view,A3,0
476,mutable_view,A3,0
476,blocking_view,A3,0
476,nested_view,A4,0
476,mutable_view,A4,1
476,blocking_view,A4,0
476,nested_view,A5,0
476,mutable_view,A5,0
476,blocking_view,A5,0
476,nested_view,A6,0
476,mutable_view,A6,0
476,blocking_view,A6,0
477,nested_view,A1,0
477,mutable_view,A1,0
477,blocking_view,A1,0
477,nested_view,A2,0
477,mutable_view,A2,0
477,blocking_view,A2,0
477,nested_view,A3,0
477,mutable_view,A3,0
477,blocking_view,A3,0
477,nested_view,A4,0
477,mutable_view,A4,1
477,blocking_view,A4,0
477,nested_view,A5,0
477,mutable_view,A5,0
477,blocking_view,A5,0
477,nested_view,A6,0
477,mutable_view,A6,0
477,blocking_view,A6,0
478,nested_view,A1,0
478,mutable_view,A1,0
478,blocking_view,A1,0
478,nested_view,A2,0
478,mutable_view,A2,0
478,blocking_view,A2,0
478,nested_view,A3,0
478,mutable_view,A3,0
478,blocking_view,A3,0
478,nested_view,A4,0
478,mutable_view,A4,1
478,blocking_view,A4,0
478,nested_view,A5,0
478,mutable_view,A5,0
478,blocking_view,A5,0
478,nested_view,A6,0
478,mutable_view,A6,0
478,blocking_view,A6,0
479,nested_view,A1,1
479,mutable_view,A1,1
479,blocking_view,A1,1
479,nested_view,A2,1
479,mutable_view,A2,0
479,blocking_view,A2,0
479,nested_view,A3,1
479,mutable_view,A3,1
479,blocking_view,A3,1
479,nested_view,A4,1
479,mutable_view,A4,1
479,blocking_view,A4,0
479,nested_view,A5,1
479,mutable_view,A5,1
479,blocking_view,A5,0
479,nested_view,A6,1
479,mutable_view,A6,1
479,blocking_view,A6,1
480,nested_view,A1,1
480,mutable_view,A1,1
480,blocking_view,A1,1
480,nested_view,A2,1
480,mutable_view,A2,0
480,blocking_view,A2,0
480,nested_view,A3,1
480,mutable_view,A3,1
480,blocking_view,A3,0
480,nested_view,A4,1
480,mutable_view,A4,1
480,blocking_view,A4,0
480,nested_view,A5,1
480,mutable_view,A5,1
480,blocking_view,A5,0
480,nested_view,A6,1
480,mutable_view,A6,1
480,blocking_view,A6,1
481,nested_view,A1,1
481,mutable_view,A1,1
481,blocking_view,A1,1
481,nested_view,A2,1
481,mutable_view,A2,0
481,blocking_view,A2,0
481,nested_view,A3,1
481,mutable_view,A3,1
481,blocking_view,A3,1
481,nested_view,A4,1
481,mutable_view,A4,1
481,blocking_view,A4,0
481,nested_view,A5,1
481,mutable_view,A5,1
481,blocking_view,A5,0
481,nested_view,A6,0
481,mutable_view,A6,1
481,blocking_view,A6,0
482,nested_view,A1,0
482,mutable_view,A1,0
482,blocking_view,A1,0
482,nested_view,A2,0
482,mutable_view,A2,0
482,blocking_view,A2,0
482,nested_view,A3,0
482,mutable_view,A3,0
482,blocking_view,A3,0
482,nested_view,A4,0
482,mutable_view,A4,1
482,blocking_view,A4,0
482,nested_view,A5,0
482,mutable_view,A5,1
482,blocking_view,A5,0
482,nested_view,A6,0
482,mutable_view,A6,0
482,blocking_view,A6,0
483,nested_view,A1,1
483,mutable_view,A1,1
483,blocking_view,A1,1
483,nested_view,A2,0
483,mutable_view,A2,0
483,blocking_view,A2,0
483,nested_view,A3,1
483,mutable_view,A3,1
483,blocking_view,A3,1
483,nested_view,A4,1
483,mutable_view,A4,1
483,blocking_view,A4,0
483,nested_view,A5,1
483,mutable_view,A5,1
483,blocking_view,A5,0
483,nested_view,A6,1
483,mutable_view,A6,1
483,blocking_view,A6,1
484,nested_view,A1,0
484,mutable_view,A1,0
484,blocking_view,A1,0
484,nested_view,A2,0
484,mutable_view,A2,0
484,blocking_view,A2,0
484,nested_view,A3,0
484,mutable_view,A3,0
484,blocking_view,A3,0
484,nested_view,A4,0
484,mutable_view,A4,1
484,blocking_view,A4,0
484,nested_view,A5,0
484,mutable_view,A5,0
484,blocking_view,A5,1
484,nested_view,A6,0
484,mutable_view,A6,0
484,blocking_view,A6,0
485,nested_view,A1,0
485,mutable_view,A1,0
485,blocking_view,A1,1
485,nested_view,A2,0
485,mutable_view,A2,0
485,blocking_view,A2,0
485,nested_view,A3,0
485,mutable_view,A3,0
485,blocking_view,A3,0
485,nested_view,A4,0
485,mutable_view,A4,0
485,blocking_view,A4,0
485,nested_view,A5,0
485,mutable_view,A5,0
485,blocking_view,A5,0
485,nested_view,A6,0
485,mutable_view,A6,1
485,blocking_view,A6,0
486,nested_view,A1,1
486,mutable_view,A1,1
486,blocking_view,A1,1
486,nested_view,A2,0
486,mutable_view,A2,0
486,blocking_view,A2,0
486,nested_view,A3,1
486,mutable_view,A3,1
486,blocking_view,A3,1
486,nested_view,A4,1
486,mutable_view,A4,1
486,blocking_view,A4,0
486,nested_view,A5,1
486,mutable_view,A5,1
486,blocking_view,A5,0
486,nested_view,A6,0
486,mutable_view,A6,1
486,blocking_view,A6,1
487,nested_view,A1,0
487,mutable_view,A1,0
487,blocking_view,A1,0
487,nested_view,A2,0
487,mutable_view,A2,0
487,blocking_view,A2,0
487,nested_view,A3,0
487,mutable_view,A3,0
487,blocking_view,A3,0
487,nested_view,A4,0
487,mutable_view,A4,1
487,blocking_view,A4,0
487,nested_view,A5,0
487,mutable_view,A5,0
487,blocking_view,A5,0
487,nested_view,A6,0
487,mutable_view,A6,0
487,blocking_view,A6,0
488,nested_view,A1,0
488,mutable_view,A1,0
488,blocking_view,A1,0
488,nested_view,A2,0
488,mutable_view,A2,0
488,blocking_view,A2,0
488,nested_view,A3,0
488,mutable_view,A3,0
488,blocking_view,A3,0
488,nested_view,A4,0
488,mutable_view,A4,1
488,blocking_view,A4,0
488,nested_view,A5,0
488,mutable_view,A5,0
488,blocking_view,A5,0
488,nested_view,A6,0
488,mutable_view,A6,0
488,blocking_view,A6,0
489,nested_view,A1,1
489,mutable_view,A1,1
489,blocking_view,A1,1
489,nested_view,A2,1
489,mutable_view,A2,0
489,blocking_view,A2,0
489,nested_view,A3,1
489,mutable_view,A3,1
489,blocking_view,A3,1
489,nested_view,A4,0
489,mutable_view,A4,1
489,blocking_view,A4,0
489,nested_view,A5,1
489,mutable_view,A5,1
489,blocking_view,A5,0
489,nested_view,A6,1
489,mutable_view,A6,1
489,blocking_view,A6,1
490,nested_view,A1,0
490,mutable_view,A1,1
490,blocking_view,A1,1
490,nested_view,A2,0
490,mutable_view,A2,0
490,blocking_view,A2,0
490,nested_view,A3,0
490,mutable_view,A3,1
490,blocking_view,A3,0
490,nested_view,A4,0
490,mutable_view,A4,1
490,blocking_view,A4,0
490,nested_view,A5,0
490,mutable_view,A5,1
490,blocking_view,A5,0
490,nested_view,A6,0
490,mutable_view,A6,0
490,blocking_view,A6,0
491,nested_view,A1,1
491,mutable_view,A1,1
491,blocking_view,A1,1
491,nested_view,A2,1
491,mutable_view,A2,0
491,blocking_view,A2,0
491,nested_view,A3,1
491,mutable_view,A3,1
491,blocking_view,A3,1
491,nested_view,A4,0
491,mutable_view,A4,1
491,blocking_view,A4,0
491,nested_view,A5,1
491,mutable_view,A5,1
491,blocking_view,A5,0
491,nested_view,A6,1
491,mutable_view,A6,1
491,blocking_view,A6,1
492,nested_view,A1,0
492,mutable_view,A1,0
492,blocking_view,A1,0
492,nested_view,A2,0
492,mutable_view,A2,0
492,blocking_view,A2,0
492,nested_view,A3,0
492,mutable_view,A3,0
492,blocking_view,A3,0
492,nested_view,A4,0
492,mutable_view,A4,1
492,blocking_view,A4,0
492,nested_view,A5,0
492,mutable_view,A5,0
492,blocking_view,A5,0
492,nested_view,A6,0
492,mutable_view,A6,1
492,blocking_view,A6,1
493,nested_view,A1,1
493,mutable_view,A1,1
493,blocking_view,A1,1
493,nested_view,A2,1
493,mutable_view,A2,0
493,blocking_view,A2,0
493,nested_view,A3,1
493,mutable_view,A3,1
493,blocking_view,A3,1
493,nested_view,A4,1
493,mutable_view,A4,1
493,blocking_view,A4,0
493,nested_view,A5,1
493,mutable_view,A5,1
493,blocking_view,A5,0
493,nested_view,A6,0
493,mutable_view,A6,1
493,blocking_view,A6,1
494,nested_view,A1,1
494,mutable_view,A1,1
494,blocking_view,A1,1
494,nested_view,A2,1
494,mutable_view,A2,0
494,blocking_view,A2,0
494,nested_view,A3,1
494,mutable_view,A3,1
494,blocking_view,A3,1
494,nested_view,A4,1
494,mutable_view,A4,1
494,blocking_view,A4,0
494,nested_view,A5,1
494,mutable_view,A5,1
494,blocking_view,A5,0
494,nested_view,A6,0
494,mutable_view,A6,1
494,blocking_view,A6,1
495,nested_view,A1,0
495,mutable_view,A1,0
495,blocking_view,A1,0
495,nested_view,A2,0
495,mutable_view,A2,0
495,blocking_view,A2,0
495,nested_view,A3,0
495,mutable_view,A3,1
495,blocking_view,A3,0
495,nested_view,A4,0
495,mutable_view,A4,1
495,blocking_view,A4,0
495,nested_view,A5,0
495,mutable_view,A5,0
495,blocking_view,A5,0
495,nested_view,A6,0
495,mutable_view,A6,0
495,blocking_view,A6,0
496,nested_view,A1,1
496,mutable_view,A1,1
496,blocking_view,A1,0
496,nested_view,A2,0
496,mutable_view,A2,0
496,blocking_view,A2,0
496,nested_view,A3,1
496,mutable_view,A3,1
496,blocking_view,A3,0
496,nested_view,A4,1
496,mutable_view,A4,1
496,blocking_view,A4,0
496,nested_view,A5,1
496,mutable_view,A5,1
496,blocking_view,A5,0
496,nested_view,A6,0
496,mutable_view,A6,1
496,blocking_view,A6,0
497,nested_view,A1,1
497,mutable_view,A1,1
497,blocking_view,A1,0
497,nested_view,A2,0
497,mutable_view,A2,0
497,blocking_view,A2,0
497,nested_view,A3,1
497,mutable_view,A3,1
497,blocking_view,A3,0
497,nested_view,A4,1
497,mutable_view,A4,1
497,blocking_view,A4,0
497,nested_view,A5,1
497,mutable_view,A5,1
497,blocking_view,A5,0
497,nested_view,A6,0
497,mutable_view,A6,0
497,blocking_view,A6,0
498,nested_view,A1,0
498,mutable_view,A1,0
498,blocking_view,A1,0
498,nested_view,A2,0
498,mutable_view,A2,0
498,blocking_view,A2,0
498,nested_view,A3,0
498,mutable_view,A3,0
498,blocking_view,A3,0
498,nested_view,A4,0
498,mutable_view,A4,1
498,blocking_view,A4,0
498,nested_view,A5,0
498,mutable_view,A5,1
498,blocking_view,A5,0
498,nested_view,A6,0
498,mutable_view,A6,0
498,blocking_view,A6,0
499,nested_view,A1,1
499,mutable_view,A1,1
499,blocking_view,A1,1
499,nested_view,A2,1
499,mutable_view,A2,0
499,blocking_view,A2,0
499,nested_view,A3,1
499,mutable_view,A3,1
499,blocking_view,A3,1
499,nested_view,A4,0
499,mutable_view,A4,1
499,blocking_view,A4,0
499,nested_view,A5,1
499,mutable_view,A5,1
499,blocking_view,A5,0
499,nested_view,A6,0
499,mutable_view,A6,1
499,blocking_view,A6,1
500,nested_view,A1,0
500,mutable_view,A1,0
500,blocking_view,A1,0
500,nested_view,A2,0
500,mutable_view,A2,0
500,blocking_view,A2,0
500,nested_view,A3,0
500,mutable_view,A3,0
500,blocking_view,A3,0
500,nested_view,A4,0
500,mutable_view,A4,1
500,blocking_view,A4,0
500,nested_view,A5,1
500,mutable_view,A5,0
500,blocking_view,A5,0
500,nested_view,A6,0
500,mutable_view,A6,0
500,blocking_view,A6,0
501,nested_view,A1,0
501,mutable_view,A1,0
501,blocking_view,A1,1
501,nested_view,A2,0
501,mutable_view,A2,0
501,blocking_view,A2,0
501,nested_view,A3,0
501,mutable_view,A3,0
501,blocking_view,A3,1
501,nested_view,A4,0
501,mutable_view,A4,0
501,blocking_view,A4,0
501,nested_view,A5,0
501,mutable_view,A5,0
501,blocking_view,A5,0
501,nested_view,A6,0
501,mutable_view,A6,0
501,blocking_view,A6,0
502,nested_view,A1,0
502,mutable_view,A1,1
502,blocking_view,A1,1
502,nested_view,A2,0
502,mutable_view,A2,0
502,blocking_view,A2,0
502,nested_view,A3,1
502,mutable_view,A3,0
502,blocking_view,A3,1
502,nested_view,A4,0
502,mutable_view,A4,1
502,blocking_view,A4,0
502,nested_view,A5,0
502,mutable_view,A5,0
502,blocking_view,A5,0
502,nested_view,A6,0
502,mutable_view,A6,1
502,blocking_view,A6,0
503,nested_view,A1,1
503,mutable_view,A1,1
503,blocking_view,A1,1
503,nested_view,A2,1
503,mutable_view,A2,0
503,blocking_view,A2,0
503,nested_view,A3,1
503,mutable_view,A3,1
503,blocking_view,A3,1
503,nested_view,A4,0
503,mutable_view,A4,1
503,blocking_view,A4,0
503,nested_view,A5,1
503,mutable_view,A5,1
503,blocking_view,A5,0
503,nested_view,A6,0
503,mutable_view,A6,1
503,blocking_view,A6,0
504,nested_view,A1,0
504,mutable_view,A1,0
504,blocking_view,A1,0
504,nested_view,A2,0
504,mutable_view,A2,0
504,blocking_view,A2,0
504,nested_view,A3,0
504,mutable_view,A3,0
504,blocking_view,A3,0
504,nested_view,A4,0
504,mutable_view,A4,1
504,blocking_view,A4,0
504,nested_view,A5,1
504,mutable_view,A5,0
504,blocking_view,A5,0
504,nested_view,A6,0
504,mutable_view,A6,0
504,blocking_view,A6,0
505,nested_view,A1,0
505,mutable_view,A1,0
505,blocking_view,A1,0
505,nested_view,A2,0
505,mutable_view,A2,0
505,blocking_view,A2,0
505,nested_view,A3,0
505,mutable_view,A3,1
505,blocking_view,A3,0
505,nested_view,A4,0
505,mutable_view,A4,1
505,blocking_view,A4,0
505,nested_view,A5,0
505,mutable_view,A5,0
505,blocking_view,A5,0
505,nested_view,A6,0
505,mutable_view,A6,0
505,blocking_view,A6,0
506,nested_view,A1,1
506,mutable_view,A1,1
506,blocking_view,A1,1
506,nested_view,A2,1
506,mutable_view,A2,0
506,blocking_view,A2,0
506,nested_view,A3,1
506,mutable_view,A3,1
506,blocking_view,A3,1
506,nested_view,A4,1
506,mutable_view,A4,1
506,blocking_view,A4,0
506,nested_view,A5,1
506,mutable_view,A5,1
506,blocking_view,A5,0
506,nested_view,A6,0
506,mutable_view,A6,0
506,blocking_view,A6,0
507,nested_view,A1,1
507,mutable_view,A1,1
507,blocking_view,A1,0
507,nested_view,A2,1
507,mutable_view,A2,0
507,blocking_view,A2,0
507,nested_view,A3,1
507,mutable_view,A3,1
507,blocking_view,A3,0
507,nested_view,A4,1
507,mutable_view,A4,1
507,blocking_view,A4,0
507,nested_view,A5,1
507,mutable_view,A5,0
507,blocking_view,A5,0
507,nested_view,A6,0
507,mutable_view,A6,0
507,blocking_view,A6,0
508,nested_view,A1,0
508,mutable_view,A1,0
508,blocking_view,A1,0
508,nested_view,A2,0
508,mutable_view,A2,0
508,blocking_view,A2,0
508,nested_view,A3,0
508,mutable_view,A3,0
508,blocking_view,A3,0
508,nested_view,A4,0
508,mutable_view,A4,1
508,blocking_view,A4,0
508,nested_view,A5,0
508,mutable_view,A5,0
508,blocking_view,A5,0
508,nested_view,A6,0
508,mutable_view,A6,0
508,blocking_view,A6,0
509,nested_view,A1,1
509,mutable_view,A1,1
509,blocking_view,A1,1
509,nested_view,A2,1
509,mutable_view,A2,0
509,blocking_view,A2,1
509,nested_view,A3,1
509,mutable_view,A3,1
509,blocking_view,A3,1
509,nested_view,A4,1
509,mutable_view,A4,1
509,blocking_view,A4,0
509,nested_view,A5,1
509,mutable_view,A5,1
509,blocking_view,A5,1
509,nested_view,A6,0
509,mutable_view,A6,1
509,blocking_view,A6,1
510,nested_view,A1,1
510,mutable_view,A1,1
510,blocking_view,A1,1
510,nested_view,A2,1
510,mutable_view,A2,0
510,blocking_view,A2,1
510,nested_view,A3,1
510,mutable_view,A3,1
510,blocking_view,A3,0
510,nested_view,A4,1
510,mutable_view,A4,1
510,blocking_view,A4,0
510,nested_view,A5,1
510,mutable_view,A5,1
510,blocking_view,A5,0
510,nested_view,A6,0
510,mutable_view,A6,1
510,blocking_view,A6,1
511,nested_view,A1,1
511,mutable_view,A1,1
511,blocking_view,A1,1
511,nested_view,A2,0
511,mutable_view,A2,0
511,blocking_view,A2,0
511,nested_view,A3,1
511,mutable_view,A3,1
511,blocking_view,A3,1
511,nested_view,A4,1
511,mutable_view,A4,1
511,blocking_view,A4,1
511,nested_view,A5,1
511,mutable_view,A5,1
511,blocking_view,A5,1
511,nested_view,A6,0
511,mutable_view,A6,1
511,blocking_view,A6,1
512,nested_view,A1,0
512,mutable_view,A1,1
512,blocking_view,A1,1
512,nested_view,A2,1
512,mutable_view,A2,0
512,blocking_view,A2,1
512,nested_view,A3,0
512,mutable_view,A3,1
512,blocking_view,A3,1
512,nested_view,A4,0
512,mutable_view,A4,1
512,blocking_view,A4,0
512,nested_view,A5,0
512,mutable_view,A5,1
512,blocking_view,A5,1
512,nested_view,A6,0
512,mutable_view,A6,0
512,blocking_view,A6,0
513,nested_view,A1,1
513,mutable_view,A1,1
513,blocking_view,A1,1
513,nested_view,A2,1
513,mutable_view,A2,0
513,blocking_view,A2,1
513,nested_view,A3,1
513,mutable_view,A3,1
513,blocking_view,A3,1
513,nested_view,A4,1
513,mutable_view,A4,1
513,blocking_view,A4,1
513,nested_view,A5,1
513,mutable_view,A5,1
513,blocking_view,A5,0
513,nested_view,A6,0
513,mutable_view,A6,1
513,blocking_view,A6,1
514,nested_view,A1,1
514,mutable_view,A1,1
514,blocking_view,A1,1
514,nested_view,A2,0
514,mutable_view,A2,0
514,blocking_view,A2,0
514,nested_view,A3,1
514,mutable_view,A3,1
514,blocking_view,A3,1
514,nested_view,A4,1
514,mutable_view,A4,1
514,blocking_view,A4,0
514,nested_view,A5,1
514,mutable_view,A5,1
514,blocking_view,A5,0
514,nested_view,A6,0
514,mutable_view,A6,1
514,blocking_view,A6,1
515,nested_view,A1,1
515,mutable_view,A1,1
515,blocking_view,A1,1
515,nested_view,A2,0
515,mutable_view,A2,0
515,blocking_view,A2,0
515,nested_view,A3,1
515,mutable_view,A3,1
515,blocking_view,A3,0
515,nested_view,A4,1
515,mutable_view,A4,1
515,blocking_view,A4,0
515,nested_view,A5,1
515,mutable_view,A5,1
515,blocking_view,A5,0
515,nested_view,A6,0
515,mutable_view,A6,1
515,blocking_view,A6,0
516,nested_view,A1,0
516,mutable_view,A1,0
516,blocking_view,A1,0
516,nested_view,A2,0
516,mutable_view,A2,0
516,blocking_view,A2,0
516,nested_view,A3,0
516,mutable_view,A3,0
516,blocking_view,A3,0
516,nested_view,A4,0
516,mutable_view,A4,1
516,blocking_view,A4,0
516,nested_view,A5,1
516,mutable_view,A5,0
516,blocking_view,A5,0
516,nested_view,A6,0
516,mutable_view,A6,0
516,blocking_view,A6,0
517,nested_view,A1,1
517,mutable_view,A1,1
517,blocking_view,A1,1
517,nested_view,A2,0
517,mutable_view,A2,0
517,blocking_view,A2,0
517,nested_view,A3,1
517,mutable_view,A3,1
517,blocking_view,A3,1
517,nested_view,A4,1
517,mutable_view,A4,1
517,blocking_view,A4,0
517,nested_view,A5,1
517,mutable_view,A5,1
517,blocking_view,A5,0
517,nested_view,A6,0
517,mutable_view,A6,1
517,blocking_view,A6,1
518,nested_view,A1,1
518,mutable_view,A1,1
518,blocking_view,A1,1
518,nested_view,A2,0
518,mutable_view,A2,0
518,blocking_view,A2,0
518,nested_view,A3,1
518,mutable_view,A3,1
518,blocking_view,A3,1
518,nested_view,A4,1
518,mutable_view,A4,1
518,blocking_view,A4,0
518,nested_view,A5,1
518,mutable_view,A5,1
518,blocking_view,A5,0
518,nested_view,A6,0
518,mutable_view,A6,1
518,blocking_view,A6,0
519,nested_view,A1,1
519,mutable_view,A1,1
519,blocking_view,A1,1
519,nested_view,A2,0
519,mutable_view,A2,0
519,blocking_view,A2,0
519,nested_view,A3,1
519,mutable_view,A3,1
519,blocking_view,A3,1
519,nested_view,A4,1
519,mutable_view,A4,1
519,blocking_view,A4,0
519,nested_view,A5,1
519,mutable_view,A5,1
519,blocking_view,A5,0
519,nested_view,A6,1
519,mutable_view,A6,1
519,blocking_view,A6,1
520,nested_view,A1,1
520,mutable_view,A1,1
520,blocking_view,A1,1
520,nested_view,A2,0
520,mutable_view,A2,0
520,blocking_view,A2,0
520,nested_view,A3,1
520,mutable_view,A3,1
520,blocking_view,A3,0
520,nested_view,A4,1
520,mutable_view,A4,1
520,blocking_view,A4,0
520,nested_view,A5,1
520,mutable_view,A5,1
520,blocking_view,A5,0
520,nested_view,A6,1
520,mutable_view,A6,1
520,blocking_view,A6,1
521,nested_view,A1,1
521,mutable_view,A1,1
521,blocking_view,A1,1
521,nested_view,A2,1
521,mutable_view,A2,0
521,blocking_view,A2,0
521,nested_view,A3,1
521,mutable_view,A3,1
521,blocking_view,A3,1
521,nested_view,A4,1
521,mutable_view,A4,1
521,blocking_view,A4,0
521,nested_view,A5,1
521,mutable_view,A5,1
521,blocking_view,A5,0
521,nested_view,A6,0
521,mutable_view,A6,1
521,blocking_view,A6,1
522,nested_view,A1,0
522,mutable_view,A1,0
522,blocking_view,A1,0
522,nested_view,A2,0
522,mutable_view,A2,0
522,blocking_view,A2,0
522,nested_view,A3,0
522,mutable_view,A3,0
522,blocking_view,A3,0
522,nested_view,A4,0
522,mutable_view,A4,0
522,blocking_view,A4,0
522,nested_view,A5,0
522,mutable_view,A5,0
522,blocking_view,A5,0
522,nested_view,A6,0
522,mutable_view,A6,0
522,blocking_view,A6,0
523,nested_view,A1,0
523,mutable_view,A1,1
523,blocking_view,A1,1
523,nested_view,A2,0
523,mutable_view,A2,0
523,blocking_view,A2,0
523,nested_view,A3,0
523,mutable_view,A3,1
523,blocking_view,A3,1
523,nested_view,A4,0
523,mutable_view,A4,1
523,blocking_view,A4,0
523,nested_view,A5,0
523,mutable_view,A5,0
523,blocking_view,A5,0
523,nested_view,A6,0
523,mutable_view,A6,0
523,blocking_view,A6,0
524,nested_view,A1,1
524,mutable_view,A1,1
524,blocking_view,A1,1
524,nested_view,A2,1
524,mutable_view,A2,0
524,blocking_view,A2,0
524,nested_view,A3,1
524,mutable_view,A3,1
524,blocking_view,A3,1
524,nested_view,A4,0
524,mutable_view,A4,1
524,blocking_view,A4,0
524,nested_view,A5,1
524,mutable_view,A5,1
524,blocking_view,A5,0
524,nested_view,A6,0
524,mutable_view,A6,0
524,blocking_view,A6,0
525,nested_view,A1,0
525,mutable_view,A1,0
525,blocking_view,A1,0
525,nested_view,A2,0
525,mutable_view,A2,0
525,blocking_view,A2,0
525,nested_view,A3,0
525,mutable_view,A3,0
525,blocking_view,A3,0
525,nested_view,A4,0
525,mutable_view,A4,1
525,blocking_view,A4,0
525,nested_view,A5,0
525,mutable_view,A5,0
525,blocking_view,A5,1
525,nested_view,A6,0
525,mutable_view,A6,0
525,blocking_view,A6,0
526,nested_view,A1,1
526,mutable_view,A1,1
526,blocking_view,A1,1
526,nested_view,A2,1
526,mutable_view,A2,0
526,blocking_view,A2,0
526,nested_view,A3,1
526,mutable_view,A3,1
526,blocking_view,A3,1
526,nested_view,A4,0
526,mutable_view,A4,1
526,blocking_view,A4,0
526,nested_view,A5,1
526,mutable_view,A5,1
526,blocking_view,A5,0
526,nested_view,A6,0
526,mutable_view,A6,1
526,blocking_view,A6,1
527,nested_view,A1,0
527,mutable_view,A1,0
527,blocking_view,A1,0
527,nested_view,A2,0
527,mutable_view,A2,0
527,blocking_view,A2,0
527,nested_view,A3,0
527,mutable_view,A3,0
527,blocking_view,A3,0
527,nested_view,A4,0
527,mutable_view,A4,1
527,blocking_view,A4,0
527,nested_view,A5,0
527,mutable_view,A5,0
527,blocking_view,A5,0
527,nested_view,A6,0
527,mutable_view,A6,0
527,blocking_view,A6,0
528,nested_view,A1,0
528,mutable_view,A1,0
528,blocking_view,A1,1
528,nested_view,A2,0
528,mutable_view,A2,0
528,blocking_view,A2,0
528,nested_view,A3,0
528,mutable_view,A3,0
528,blocking_view,A3,1
528,nested_view,A4,0
528,mutable_view,A4,0
528,blocking_view,A4,0
528,nested_view,A5,0
528,mutable_view,A5,0
528,blocking_view,A5,0
528,nested_view,A6,0
528,mutable_view,A6,1
528,blocking_view,A6,1
529,nested_view,A1,1
529,mutable_view,A1,1
529,blocking_view,A1,1
529,nested_view,A2,1
529,mutable_view,A2,0
529,blocking_view,A2,0
529,nested_view,A3,1
529,mutable_view,A3,1
529,blocking_view,A3,1
529,nested_view,A4,0
529,mutable_view,A4,1
529,blocking_view,A4,0
529,nested_view,A5,1
529,mutable_view,A5,1
529,blocking_view,A5,0
529,nested_view,A6,0
529,mutable_view,A6,1
529,blocking_view,A6,1
530,nested_view,A1,0
530,mutable_view,A1,0
530,blocking_view,A1,0
530,nested_view,A2,0
530,mutable_view,A2,0
530,blocking_view,A2,0
530,nested_view,A3,0
530,mutable_view,A3,1
530,blocking_view,A3,0
530,nested_view,A4,0
530,mutable_view,A4,1
530,blocking_view,A4,0
530,nested_view,A5,0
530,mutable_view,A5,0
530,blocking_view,A5,0
530,nested_view,A6,0
530,mutable_view,A6,0
530,blocking_view,A6,0
531,nested_view,A1,1
531,mutable_view,A1,1
531,blocking_view,A1,1
531,nested_view,A2,0
531,mutable_view,A2,0
531,blocking_view,A2,0
531,nested_view,A3,1
531,mutable_view,A3,1
531,blocking_view,A3,1
531,nested_view,A4,1
531,mutable_view,A4,1
531,blocking_view,A4,0
531,nested_view,A5,1
531,mutable_view,A5,1
531,blocking_view,A5,0
531,nested_view,A6,0
531,mutable_view,A6,1
531,blocking_view,A6,1
532,nested_view,A1,1
532,mutable_view,A1,1
532,blocking_view,A1,1
532,nested_view,A2,0
532,mutable_view,A2,0
532,blocking_view,A2,0
532,nested_view,A3,1
532,mutable_view,A3,1
532,blocking_view,A3,1
532,nested_view,A4,1
532,mutable_view,A4,1
532,blocking_view,A4,0
532,nested_view,A5,1
532,mutable_view,A5,1
532,blocking_view,A5,0
532,nested_view,A6,0
532,mutable_view,A6,1
532,blocking_view,A6,1
533,nested_view,A1,1
533,mutable_view,A1,1
533,blocking_view,A1,1
533,nested_view,A2,0
533,mutable_view,A2,0
533,blocking_view,A2,0
533,nested_view,A3,1
533,mutable_view,A3,1
533,blocking_view,A3,1
533,nested_view,A4,1
533,mutable_view,A4,1
533,blocking_view,A4,0
533,nested_view,A5,1
533,mutable_view,A5,1
533,blocking_view,A5,0
533,nested_view,A6,1
533,mutable_view,A6,1
533,blocking_view,A6,1
534,nested_view,A1,1
534,mutable_view,A1,1
534,blocking_view,A1,1
534,nested_view,A2,0
534,mutable_view,A2,0
534,blocking_view,A2,0
534,nested_view,A3,1
534,mutable_view,A3,1
534,blocking_view,A3,1
534,nested_view,A4,1
534,mutable_view,A4,1
534,blocking_view,A4,0
534,nested_view,A5,1
534,mutable_view,A5,1
534,blocking_view,A5,0
534,nested_view,A6,1
534,mutable_view,A6,1
534,blocking_view,A6,1
535,nested_view,A1,1
535,mutable_view,A1,1
535,blocking_view,A1,1
535,nested_view,A2,0
535,mutable_view,A2,0
535,blocking_view,A2,0
535,nested_view,A3,0
535,mutable_view,A3,1
535,blocking_view,A3,0
535,nested_view,A4,0
535,mutable_view,A4,1
535,blocking_view,A4,0
535,nested_view,A5,0
535,mutable_view,A5,1
535,blocking_view,A5,0
535,nested_view,A6,1
535,mutable_view,A6,1
535,blocking_view,A6,1
536,nested_view,A1,1
536,mutable_view,A1,1
536,blocking_view,A1,1
536,nested_view,A2,1
536,mutable_view,A2,0
536,blocking_view,A2,0
536,nested_view,A3,1
536,mutable_view,A3,1
536,blocking_view,A3,1
536,nested_view,A4,0
536,mutable_view,A4,1
536,blocking_view,A4,0
536,nested_view,A5,1
536,mutable_view,A5,1
536,blocking_view,A5,0
536,nested_view,A6,1
536,mutable_view,A6,1
536,blocking_view,A6,1
537,nested_view,A1,0
537,mutable_view,A1,0
537,blocking_view,A1,0
537,nested_view,A2,0
537,mutable_view,A2,0
537,blocking_view,A2,0
537,nested_view,A3,0
537,mutable_view,A3,0
537,blocking_view,A3,0
537,nested_view,A4,0
537,mutable_view,A4,0
537,blocking_view,A4,0
537,nested_view,A5,1
537,mutable_view,A5,0
537,blocking_view,A5,0
537,nested_view,A6,0
537,mutable_view,A6,0
537,blocking_view,A6,0
538,nested_view,A1,0
538,mutable_view,A1,0
538,blocking_view,A1,0
538,nested_view,A2,0
538,mutable_view,A2,0
538,blocking_view,A2,0
538,nested_view,A3,0
538,mutable_view,A3,0
538,blocking_view,A3,0
538,nested_view,A4,0
538,mutable_view,A4,0
538,blocking_view,A4,0
538,nested_view,A5,0
538,mutable_view,A5,0
538,blocking_view,A5,0
538,nested_view,A6,0
538,mutable_view,A6,0
538,blocking_view,A6,0
539,nested_view,A1,0
539,mutable_view,A1,0
539,blocking_view,A1,0
539,nested_view,A2,0
539,mutable_view,A2,0
539,blocking_view,A2,0
539,nested_view,A3,0
539,mutable_view,A3,0
539,blocking_view,A3,0
539,nested_view,A4,0
539,mutable_view,A4,1
539,blocking_view,A4,0
539,nested_view,A5,0
539,mutable_view,A5,0
539,blocking_view,A5,0
539,nested_view,A6,0
539,mutable_view,A6,0
539,blocking_view,A6,0
540,nested_view,A1,0
540,mutable_view,A1,0
540,blocking_view,A1,0
540,nested_view,A2,0
540,mutable_view,A2,0
540,blocking_view,A2,0
540,nested_view,A3,0
540,mutable_view,A3,1
540,blocking_view,A3,0
540,nested_view,A4,0
540,mutable_view,A4,1
540,blocking_view,A4,0
540,nested_view,A5,0
540,mutable_view,A5,0
540,blocking_view,A5,1
540,nested_view,A6,0
540,mutable_view,A6,0
540,blocking_view,A6,0
541,nested_view,A1,0
541,mutable_view,A1,0
541,blocking_view,A1,0
541,nested_view,A2,0
541,mutable_view,A2,0
541,blocking_view,A2,0
541,nested_view,A3,0
541,mutable_view,A3,0
541,blocking_view,A3,0
541,nested_view,A4,0
541,mutable_view,A4,1
541,blocking_view,A4,0
541,nested_view,A5,0
541,mutable_view,A5,0
541,blocking_view,A5,0
541,nested_view,A6,0
541,mutable_view,A6,0
541,blocking_view,A6,0
542,nested_view,A1,1
542,mutable_view,A1,1
542,blocking_view,A1,1
542,nested_view,A2,0
542,mutable_view,A2,1
542,blocking_view,A2,0
542,nested_view,A3,1
542,mutable_view,A3,1
542,blocking_view,A3,1
542,nested_view,A4,1
542,mutable_view,A4,1
542,blocking_view,A4,0
542,nested_view,A5,1
542,mutable_view,A5,1
542,blocking_view,A5,0
542,nested_view,A6,1
542,mutable_view,A6,1
542,blocking_view,A6,1
543,nested_view,A1,1
543,mutable_view,A1,1
543,blocking_view,A1,1
543,nested_view,A2,0
543,mutable_view,A2,1
543,blocking_view,A2,0
543,nested_view,A3,1
543,mutable_view,A3,1
543,blocking_view,A3,1
543,nested_view,A4,1
543,mutable_view,A4,1
543,blocking_view,A4,0
543,nested_view,A5,0
543,mutable_view,A5,0
543,blocking_view,A5,0
543,nested_view,A6,1
543,mutable_view,A6,1
543,blocking_view,A6,1
544,nested_view,A1,0
544,mutable_view,A1,0
544,blocking_view,A1,0
544,nested_view,A2,0
544,mutable_view,A2,0
544,blocking_view,A2,0
544,nested_view,A3,0
544,mutable_view,A3,0
544,blocking_view,A3,0
544,nested_view,A4,0
544,mutable_view,A4,0
544,blocking_view,A4,0
544,nested_view,A5,0
544,mutable_view,A5,0
544,blocking_view,A5,0
544,nested_view,A6,0
544,mutable_view,A6,0
544,blocking_view,A6,0
545,nested_view,A1,1
545,mutable_view,A1,0
545,blocking_view,A1,1
545,nested_view,A2,0
545,mutable_view,A2,0
545,blocking_view,A2,0
545,nested_view,A3,1
545,mutable_view,A3,1
545,blocking_view,A3,0
545,nested_view,A4,1
545,mutable_view,A4,1
545,blocking_view,A4,0
545,nested_view,A5,1
545,mutable_view,A5,0
545,blocking_view,A5,0
545,nested_view,A6,0
545,mutable_view,A6,0
545,blocking_view,A6,1
546,nested_view,A1,1
546,mutable_view,A1,0
546,blocking_view,A1,1
546,nested_view,A2,0
546,mutable_view,A2,0
546,blocking_view,A2,0
546,nested_view,A3,1
546,mutable_view,A3,0
546,blocking_view,A3,1
546,nested_view,A4,1
546,mutable_view,A4,1
546,blocking_view,A4,0
546,nested_view,A5,1
546,mutable_view,A5,0
546,blocking_view,A5,0
546,nested_view,A6,0
546,mutable_view,A6,0
546,blocking_view,A6,0
547,nested_view,A1,0
547,mutable_view,A1,0
547,blocking_view,A1,0
547,nested_view,A2,0
547,mutable_view,A2,0
547,blocking_view,A2,0
547,nested_view,A3,0
547,mutable_view,A3,0
547,blocking_view,A3,0
547,nested_view,A4,0
547,mutable_view,A4,1
547,blocking_view,A4,0
547,nested_view,A5,0
547,mutable_view,A5,0
547,blocking_view,A5,1
547,nested_view,A6,0
547,mutable_view,A6,0
547,blocking_view,A6,0
548,nested_view,A1,1
548,mutable_view,A1,1
548,blocking_view,A1,1
548,nested_view,A2,0
548,mutable_view,A2,0
548,blocking_view,A2,0
548,nested_view,A3,1
548,mutable_view,A3,1
548,blocking_view,A3,1
548,nested_view,A4,1
548,mutable_view,A4,1
548,blocking_view,A4,0
548,nested_view,A5,1
548,mutable_view,A5,1
548,blocking_view,A5,0
548,nested_view,A6,0
548,mutable_view,A6,1
548,blocking_view,A6,1
549,nested_view,A1,0
549,mutable_view,A1,0
549,blocking_view,A1,0
549,nested_view,A2,0
549,mutable_view,A2,0
549,blocking_view,A2,0
549,nested_view,A3,0
549,mutable_view,A3,0
549,blocking_view,A3,0
549,nested_view,A4,0
549,mutable_view,A4,1
549,blocking_view,A4,0
549,nested_view,A5,0
549,mutable_view,A5,0
549,blocking_view,A5,0
549,nested_view,A6,0
549,mutable_view,A6,0
549,blocking_view,A6,0
550,nested_view,A1,1
550,mutable_view,A1,1
550,blocking_view,A1,1
550,nested_view,A2,1
550,mutable_view,A2,0
550,blocking_view,A2,0
550,nested_view,A3,1
550,mutable_view,A3,1
550,blocking_view,A3,0
550,nested_view,A4,0
550,mutable_view,A4,1
550,blocking_view,A4,0
550,nested_view,A5,1
550,mutable_view,A5,1
550,blocking_view,A5,0
550,nested_view,A6,0
550,mutable_view,A6,1
550,blocking_view,A6,1
551,nested_view,A1,0
551,mutable_view,A1,0
551,blocking_view,A1,1
551,nested_view,A2,0
551,mutable_view,A2,0
551,blocking_view,A2,0
551,nested_view,A3,0
551,mutable_view,A3,0
551,blocking_view,A3,1
551,nested_view,A4,0
551,mutable_view,A4,0
551,blocking_view,A4,0
551,nested_view,A5,0
551,mutable_view,A5,0
551,blocking_view,A5,0
551,nested_view,A6,0
551,mutable_view,A6,1
551,blocking_view,A6,1
552,nested_view,A1,0
552,mutable_view,A1,0
552,blocking_view,A1,0
552,nested_view,A2,0
552,mutable_view,A2,0
552,blocking_view,A2,0
552,nested_view,A3,0
552,mutable_view,A3,0
552,blocking_view,A3,0
552,nested_view,A4,0
552,mutable_view,A4,1
552,blocking_view,A4,0
552,nested_view,A5,0
552,mutable_view,A5,0
552,blocking_view,A5,0
552,nested_view,A6,0
552,mutable_view,A6,0
552,blocking_view,A6,0
553,nested_view,A1,1
553,mutable_view,A1,1
553,blocking_view,A1,1
553,nested_view,A2,1
553,mutable_view,A2,0
553,blocking_view,A2,0
553,nested_view,A3,1
553,mutable_view,A3,1
553,blocking_view,A3,1
553,nested_view,A4,0
553,mutable_view,A4,1
553,blocking_view,A4,0
553,nested_view,A5,1
553,mutable_view,A5,1
553,blocking_view,A5,0
553,nested_view,A6,0
553,mutable_view,A6,1
553,blocking_view,A6,1
554,nested_view,A1,0
554,mutable_view,A1,0
554,blocking_view,A1,0
554,nested_view,A2,0
554,mutable_view,A2,0
554,blocking_view,A2,0
554,nested_view,A3,0
554,mutable_view,A3,0
554,blocking_view,A3,0
554,nested_view,A4,0
554,mutable_view,A4,1
554,blocking_view,A4,0
554,nested_view,A5,1
554,mutable_view,A5,0
554,blocking_view,A5,0
554,nested_view,A6,0
554,mutable_view,A6,0
554,blocking_view,A6,0
555,nested_view,A1,1
555,mutable_view,A1,1
555,blocking_view,A1,0
555,nested_view,A2,1
555,mutable_view,A2,0
555,blocking_view,A2,0
555,nested_view,A3,1
555,mutable_view,A3,1
555,blocking_view,A3,0
555,nested_view,A4,0
555,mutable_view,A4,1
555,blocking_view,A4,0
555,nested_view,A5,1
555,mutable_view,A5,1
555,blocking_view,A5,0
555,nested_view,A6,0
555,mutable_view,A6,1
555,blocking_view,A6,1
556,nested_view,A1,0
556,mutable_view,A1,0
556,blocking_view,A1,1
556,nested_view,A2,0
556,mutable_view,A2,0
556,blocking_view,A2,0
556,nested_view,A3,0
556,mutable_view,A3,0
556,blocking_view,A3,1
556,nested_view,A4,0
556,mutable_view,A4,0
556,blocking_view,A4,0
556,nested_view,A5,0
556,mutable_view,A5,0
556,blocking_view,A5,0
556,nested_view,A6,0
556,mutable_view,A6,1
556,blocking_view,A6,1
557,nested_view,A1,0
557,mutable_view,A1,0
557,blocking_view,A1,0
557,nested_view,A2,0
557,mutable_view,A2,0
557,blocking_view,A2,0
557,nested_view,A3,0
557,mutable_view,A3,0
557,blocking_view,A3,0
557,nested_view,A4,0
557,mutable_view,A4,1
557,blocking_view,A4,0
557,nested_view,A5,0
557,mutable_view,A5,0
557,blocking_view,A5,0
557,nested_view,A6,0
557,mutable_view,A6,0
557,blocking_view,A6,0
558,nested_view,A1,1
558,mutable_view,A1,1
558,blocking_view,A1,1
558,nested_view,A2,1
558,mutable_view,A2,0
558,blocking_view,A2,0
558,nested_view,A3,1
558,mutable_view,A3,1
558,blocking_view,A3,1
558,nested_view,A4,0
558,mutable_view,A4,1
558,blocking_view,A4,0
558,nested_view,A5,1
558,mutable_view,A5,0
558,blocking_view,A5,0
558,nested_view,A6,0
558,mutable_view,A6,1
558,blocking_view,A6,1
559,nested_view,A1,0
559,mutable_view,A1,0
559,blocking_view,A1,0
559,nested_view,A2,0
559,mutable_view,A2,0
559,blocking_view,A2,0
559,nested_view,A3,0
559,mutable_view,A3,0
559,blocking_view,A3,0
559,nested_view,A4,0
559,mutable_view,A4,1
559,blocking_view,A4,0
559,nested_view,A5,0
559,mutable_view,A5,0
559,blocking_view,A5,0
559,nested_view,A6,0
559,mutable_view,A6,0
559,blocking_view,A6,0
560,nested_view,A1,1
560,mutable_view,A1,1
560,blocking_view,A1,0
560,nested_view,A2,1
560,mutable_view,A2,0
560,blocking_view,A2,0
560,nested_view,A3,1
560,mutable_view,A3,1
560,blocking_view,A3,0
560,nested_view,A4,0
560,mutable_view,A4,1
560,blocking_view,A4,0
560,nested_view,A5,1
560,mutable_view,A5,1
560,blocking_view,A5,0
560,nested_view,A6,0
560,mutable_view,A6,1
560,blocking_view,A6,1
561,nested_view,A1,0
561,mutable_view,A1,0
561,blocking_view,A1,1
561,nested_view,A2,0
561,mutable_view,A2,0
561,blocking_view,A2,0
561,nested_view,A3,0
561,mutable_view,A3,0
561,blocking_view,A3,1
561,nested_view,A4,0
561,mutable_view,A4,0
561,blocking_view,A4,0
561,nested_view,A5,0
561,mutable_view,A5,0
561,blocking_view,A5,0
561,nested_view,A6,0
561,mutable_view,A6,1
561,blocking_view,A6,1
562,nested_view,A1,0
562,mutable_view,A1,1
562,blocking_view,A1,1
562,nested_view,A2,0
562,mutable_view,A2,0
562,blocking_view,A2,0
562,nested_view,A3,0
562,mutable_view,A3,1
562,blocking_view,A3,1
562,nested_view,A4,0
562,mutable_view,A4,1
562,blocking_view,A4,0
562,nested_view,A5,0
562,mutable_view,A5,1
562,blocking_view,A5,0
562,nested_view,A6,0
562,mutable_view,A6,1
562,blocking_view,A6,0
563,nested_view,A1,0
563,mutable_view,A1,0
563,blocking_view,A1,0
563,nested_view,A2,0
563,mutable_view,A2,0
563,blocking_view,A2,0
563,nested_view,A3,0
563,mutable_view,A3,0
563,blocking_view,A3,0
563,nested_view,A4,0
563,mutable_view,A4,1
563,blocking_view,A4,0
563,nested_view,A5,0
563,mutable_view,A5,0
563,blocking_view,A5,0
563,nested_view,A6,0
563,mutable_view,A6,0
563,blocking_view,A6,0
564,nested_view,A1,0
564,mutable_view,A1,1
564,blocking_view,A1,1
564,nested_view,A2,0
564,mutable_view,A2,0
564,blocking_view,A2,0
564,nested_view,A3,0
564,mutable_view,A3,1
564,blocking_view,A3,1
564,nested_view,A4,0
564,mutable_view,A4,1
564,blocking_view,A4,0
564,nested_view,A5,0
564,mutable_view,A5,1
564,blocking_view,A5,0
564,nested_view,A6,0
564,mutable_view,A6,0
564,blocking_view,A6,0
565,nested_view,A1,1
565,mutable_view,A1,1
565,blocking_view,A1,1
565,nested_view,A2,1
565,mutable_view,A2,0
565,blocking_view,A2,0
565,nested_view,A3,1
565,mutable_view,A3,1
565,blocking_view,A3,0
565,nested_view,A4,0
565,mutable_view,A4,1
565,blocking_view,A4,0
565,nested_view,A5,1
565,mutable_view,A5,1
565,blocking_view,A5,0
565,nested_view,A6,0
565,mutable_view,A6,0
565,blocking_view,A6,0
566,nested_view,A1,0
566,mutable_view,A1,1
566,blocking_view,A1,1
566,nested_view,A2,0
566,mutable_view,A2,0
566,blocking_view,A2,0
566,nested_view,A3,0
566,mutable_view,A3,1
566,blocking_view,A3,1
566,nested_view,A4,0
566,mutable_view,A4,1
566,blocking_view,A4,0
566,nested_view,A5,0
566,mutable_view,A5,1
566,blocking_view,A5,0
566,nested_view,A6,0
566,mutable_view,A6,0
566,blocking_view,A6,0
567,nested_view,A1,1
567,mutable_view,A1,1
567,blocking_view,A1,1
567,nested_view,A2,1
567,mutable_view,A2,0
567,blocking_view,A2,0
567,nested_view,A3,1
567,mutable_view,A3,1
567,blocking_view,A3,1
567,nested_view,A4,1
567,mutable_view,A4,1
567,blocking_view,A4,0
567,nested_view,A5,1
567,mutable_view,A5,1
567,blocking_view,A5,0
567,nested_view,A6,0
567,mutable_view,A6,1
567,blocking_view,A6,1
568,nested_view,A1,1
568,mutable_view,A1,1
568,blocking_view,A1,1
568,nested_view,A2,1
568,mutable_view,A2,0
568,blocking_view,A2,0
568,nested_view,A3,1
568,mutable_view,A3,1
568,blocking_view,A3,1
568,nested_view,A4,1
568,mutable_view,A4,1
568,blocking_view,A4,0
568,nested_view,A5,0
568,mutable_view,A5,1
568,blocking_view,A5,0
568,nested_view,A6,0
568,mutable_view,A6,1
568,blocking_view,A6,1
569,nested_view,A1,0
569,mutable_view,A1,0
569,blocking_view,A1,0
569,nested_view,A2,0
569,mutable_view,A2,0
569,blocking_view,A2,0
569,nested_view,A3,0
569,mutable_view,A3,0
569,blocking_view,A3,0
569,nested_view,A4,0
569,mutable_view,A4,1
569,blocking_view,A4,0
569,nested_view,A5,0
569,mutable_view,A5,0
569,blocking_view,A5,0
569,nested_view,A6,0
569,mutable_view,A6,0
569,blocking_view,A6,0
570,nested_view,A1,0
570,mutable_view,A1,0
570,blocking_view,A1,0
570,nested_view,A2,0
570,mutable_view,A2,0
570,blocking_view,A2,0
570,nested_view,A3,0
570,mutable_view,A3,1
570,blocking_view,A3,0
570,nested_view,A4,0
570,mutable_view,A4,1
570,blocking_view,A4,0
570,nested_view,A5,0
570,mutable_view,A5,0
570,blocking_view,A5,0
570,nested_view,A6,0
570,mutable_view,A6,0
570,blocking_view,A6,0
571,nested_view,A1,0
571,mutable_view,A1,0
571,blocking_view,A1,0
571,nested_view,A2,0
571,mutable_view,A2,0
571,blocking_view,A2,0
571,nested_view,A3,0
571,mutable_view,A3,0
571,blocking_view,A3,0
571,nested_view,A4,0
571,mutable_view,A4,1
571,blocking_view,A4,0
571,nested_view,A5,0
571,mutable_view,A5,0
571,blocking_view,A5,0
571,nested_view,A6,0
571,mutable_view,A6,0
571,blocking_view,A6,0
572,nested_view,A1,1
572,mutable_view,A1,1
572,blocking_view,A1,1
572,nested_view,A2,1
572,mutable_view,A2,0
572,blocking_view,A2,1
572,nested_view,A3,1
572,mutable_view,A3,1
572,blocking_view,A3,1
572,nested_view,A4,0
572,mutable_view,A4,1
572,blocking_view,A4,0
572,nested_view,A5,1
572,mutable_view,A5,1
572,blocking_view,A5,1
572,nested_view,A6,0
572,mutable_view,A6,1
572,blocking_view,A6,1
573,nested_view,A1,0
573,mutable_view,A1,0
573,blocking_view,A1,0
573,nested_view,A2,0
573,mutable_view,A2,0
573,blocking_view,A2,0
573,nested_view,A3,0
573,mutable_view,A3,0
573,blocking_view,A3,0
573,nested_view,A4,0
573,mutable_view,A4,1
573,blocking_view,A4,0
573,nested_view,A5,0
573,mutable_view,A5,0
573,blocking_view,A5,0
573,nested_view,A6,0
573,mutable_view,A6,0
573,blocking_view,A6,0
574,nested_view,A1,0
574,mutable_view,A1,0
574,blocking_view,A1,1
574,nested_view,A2,0
574,mutable_view,A2,0
574,blocking_view,A2,0
574,nested_view,A3,0
574,mutable_view,A3,0
574,blocking_view,A3,1
574,nested_view,A4,0
574,mutable_view,A4,0
574,blocking_view,A4,0
574,nested_view,A5,0
574,mutable_view,A5,1
574,blocking_view,A5,0
574,nested_view,A6,0
574,mutable_view,A6,0
574,blocking_view,A6,0
575,nested_view,A1,1
575,mutable_view,A1,1
575,blocking_view,A1,1
575,nested_view,A2,1
575,mutable_view,A2,0
575,blocking_view,A2,1
575,nested_view,A3,1
575,mutable_view,A3,1
575,blocking_view,A3,1
575,nested_view,A4,0
575,mutable_view,A4,1
575,blocking_view,A4,0
575,nested_view,A5,1
575,mutable_view,A5,1
575,blocking_view,A5,1
575,nested_view,A6,0
575,mutable_view,A6,1
575,blocking_view,A6,1
576,nested_view,A1,0
576,mutable_view,A1,0
576,blocking_view,A1,0
576,nested_view,A2,0
576,mutable_view,A2,0
576,blocking_view,A2,0
576,nested_view,A3,0
576,mutable_view,A3,0
576,blocking_view,A3,0
576,nested_view,A4,0
576,mutable_view,A4,1
576,blocking_view,A4,0
576,nested_view,A5,0
576,mutable_view,A5,0
576,blocking_view,A5,0
576,nested_view,A6,0
576,mutable_view,A6,0
576,blocking_view,A6,0
577,nested_view,A1,1
577,mutable_view,A1,1
577,blocking_view,A1,1
577,nested_view,A2,1
577,mutable_view,A2,0
577,blocking_view,A2,0
577,nested_view,A3,1
577,mutable_view,A3,1
577,blocking_view,A3,1
577,nested_view,A4,0
577,mutable_view,A4,1
577,blocking_view,A4,0
577,nested_view,A5,1
577,mutable_view,A5,0
577,blocking_view,A5,0
577,nested_view,A6,0
577,mutable_view,A6,1
577,blocking_view,A6,1
578,nested_view,A1,0
578,mutable_view,A1,0
578,blocking_view,A1,0
578,nested_view,A2,0
578,mutable_view,A2,0
578,blocking_view,A2,0
578,nested_view,A3,0
578,mutable_view,A3,0
578,blocking_view,A3,0
578,nested_view,A4,0
578,mutable_view,A4,1
578,blocking_view,A4,0
578,nested_view,A5,0
578,mutable_view,A5,0
578,blocking_view,A5,0
578,nested_view,A6,0
578,mutable_view,A6,0
578,blocking_view,A6,0
579,nested_view,A1,0
579,mutable_view,A1,0
579,blocking_view,A1,1
579,nested_view,A2,0
579,mutable_view,A2,0
579,blocking_view,A2,0
579,nested_view,A3,0
579,mutable_view,A3,0
579,blocking_view,A3,1
579,nested_view,A4,0
579,mutable_view,A4,0
579,blocking_view,A4,0
579,nested_view,A5,0
579,mutable_view,A5,0
579,blocking_view,A5,0
579,nested_view,A6,0
579,mutable_view,A6,1
579,blocking_view,A6,1
580,nested_view,A1,1
580,mutable_view,A1,1
580,blocking_view,A1,1
580,nested_view,A2,0
580,mutable_view,A2,0
580,blocking_view,A2,0
580,nested_view,A3,0
580,mutable_view,A3,1
580,blocking_view,A3,0
580,nested_view,A4,0
580,mutable_view,A4,1
580,blocking_view,A4,0
580,nested_view,A5,1
580,mutable_view,A5,1
580,blocking_view,A5,1
580,nested_view,A6,0
580,mutable_view,A6,1
580,blocking_view,A6,1
581,nested_view,A1,0
581,mutable_view,A1,0
581,blocking_view,A1,0
581,nested_view,A2,0
581,mutable_view,A2,0
581,blocking_view,A2,0
581,nested_view,A3,0
581,mutable_view,A3,0
581,blocking_view,A3,0
581,nested_view,A4,0
581,mutable_view,A4,1
581,blocking_view,A4,0
581,nested_view,A5,1
581,mutable_view,A5,0
581,blocking_view,A5,0
581,nested_view,A6,0
581,mutable_view,A6,0
581,blocking_view,A6,0
582,nested_view,A1,0
582,mutable_view,A1,0
582,blocking_view,A1,0
582,nested_view,A2,0
582,mutable_view,A2,0
582,blocking_view,A2,0
582,nested_view,A3,0
582,mutable_view,A3,0
582,blocking_view,A3,0
582,nested_view,A4,0
582,mutable_view,A4,1
582,blocking_view,A4,0
582,nested_view,A5,0
582,mutable_view,A5,0
582,blocking_view,A5,0
582,nested_view,A6,0
582,mutable_view,A6,0
582,blocking_view,A6,0
583,nested_view,A1,0
583,mutable_view,A1,0
583,blocking_view,A1,0
583,nested_view,A2,0
583,mutable_view,A2,0
583,blocking_view,A2,0
583,nested_view,A3,0
583,mutable_view,A3,0
583,blocking_view,A3,0
583,nested_view,A4,0
583,mutable_view,A4,1
583,blocking_view,A4,0
583,nested_view,A5,0
583,mutable_view,A5,0
583,blocking_view,A5,0
583,nested_view,A6,0
583,mutable_view,A6,0
583,blocking_view,A6,0
584,nested_view,A1,0
584,mutable_view,A1,0
584,blocking_view,A1,0
584,nested_view,A2,0
584,mutable_view,A2,0
584,blocking_view,A2,0
584,nested_view,A3,0
584,mutable_view,A3,0
584,blocking_view,A3,0
584,nested_view,A4,0
584,mutable_view,A4,1
584,blocking_view,A4,0
584,nested_view,A5,0
584,mutable_view,A5,0
584,blocking_view,A5,0
584,nested_view,A6,0
584,mutable_view,A6,0
584,blocking_view,A6,0
585,nested_view,A1,0
585,mutable_view,A1,0
585,blocking_view,A1,0
585,nested_view,A2,0
585,mutable_view,A2,0
585,blocking_view,A2,0
585,nested_view,A3,0
585,mutable_view,A3,1
585,blocking_view,A3,0
585,nested_view,A4,0
585,mutable_view,A4,1
585,blocking_view,A4,0
585,nested_view,A5,0
585,mutable_view,A5,0
585,blocking_view,A5,0
585,nested_view,A6,0
585,mutable_view,A6,0
585,blocking_view,A6,0
586,nested_view,A1,0
586,mutable_view,A1,0
586,blocking_view,A1,0
586,nested_view,A2,0
586,mutable_view,A2,0
586,blocking_view,A2,0
586,nested_view,A3,0
586,mutable_view,A3,0
586,blocking_view,A3,0
586,nested_view,A4,0
586,mutable_view,A4,1
586,blocking_view,A4,0
586,nested_view,A5,1
586,mutable_view,A5,0
586,blocking_view,A5,0
586,nested_view,A6,0
586,mutable_view,A6,0
586,blocking_view,A6,0
587,nested_view,A1,0
587,mutable_view,A1,0
587,blocking_view,A1,0
587,nested_view,A2,0
587,mutable_view,A2,0
587,blocking_view,A2,0
587,nested_view,A3,0
587,mutable_view,A3,0
587,blocking_view,A3,0
587,nested_view,A4,0
587,mutable_view,A4,1
587,blocking_view,A4,0
587,nested_view,A5,0
587,mutable_view,A5,0
587,blocking_view,A5,0
587,nested_view,A6,0
587,mutable_view,A6,0
587,blocking_view,A6,0
588,nested_view,A1,0
588,mutable_view,A1,0
588,blocking_view,A1,0
588,nested_view,A2,0
588,mutable_view,A2,0
588,blocking_view,A2,0
588,nested_view,A3,0
588,mutable_view,A3,0
588,blocking_view,A3,0
588,nested_view,A4,0
588,mutable_view,A4,1
588,blocking_view,A4,0
588,nested_view,A5,0
588,mutable_view,A5,0
588,blocking_view,A5,0
588,nested_view,A6,0
588,mutable_view,A6,0
588,blocking_view,A6,0
589,nested_view,A1,0
589,mutable_view,A1,0
589,blocking_view,A1,0
589,nested_view,A2,0
589,mutable_view,A2,0
589,blocking_view,A2,0
589,nested_view,A3,0
589,mutable_view,A3,0
589,blocking_view,A3,0
589,nested_view,A4,0
589,mutable_view,A4,1
589,blocking_view,A4,0
589,nested_view,A5,0
589,mutable_view,A5,0
589,blocking_view,A5,0
589,nested_view,A6,0
589,mutable_view,A6,0
589,blocking_view,A6,0
590,nested_view,A1,0
590,mutable_view,A1,1
590,blocking_view,A1,1
590,nested_view,A2,0
590,mutable_view,A2,0
590,blocking_view,A2,0
590,nested_view,A3,0
590,mutable_view,A3,1
590,blocking_view,A3,0
590,nested_view,A4,0
590,mutable_view,A4,1
590,blocking_view,A4,0
590,nested_view,A5,0
590,mutable_view,A5,1
590,blocking_view,A5,0
590,nested_view,A6,0
590,mutable_view,A6,1
590,blocking_view,A6,1
591,nested_view,A1,1
591,mutable_view,A1,1
591,blocking_view,A1,0
591,nested_view,A2,1
591,mutable_view,A2,0
591,blocking_view,A2,0
591,nested_view,A3,1
591,mutable_view,A3,1
591,blocking_view,A3,0
591,nested_view,A4,0
591,mutable_view,A4,1
591,blocking_view,A4,0
591,nested_view,A5,1
591,mutable_view,A5,1
591,blocking_view,A5,0
591,nested_view,A6,0
591,mutable_view,A6,1
591,blocking_view,A6,1
592,nested_view,A1,0
592,mutable_view,A1,0
592,blocking_view,A1,0
592,nested_view,A2,0
592,mutable_view,A2,0
592,blocking_view,A2,0
592,nested_view,A3,0
592,mutable_view,A3,0
592,blocking_view,A3,0
592,nested_view,A4,0
592,mutable_view,A4,1
592,blocking_view,A4,0
592,nested_view,A5,0
592,mutable_view,A5,0
592,blocking_view,A5,0
592,nested_view,A6,0
592,mutable_view,A6,1
592,blocking_view,A6,0
593,nested_view,A1,1
593,mutable_view,A1,1
593,blocking_view,A1,1
593,nested_view,A2,1
593,mutable_view,A2,0
593,blocking_view,A2,0
593,nested_view,A3,1
593,mutable_view,A3,1
593,blocking_view,A3,1
593,nested_view,A4,0
593,mutable_view,A4,1
593,blocking_view,A4,0
593,nested_view,A5,1
593,mutable_view,A5,1
593,blocking_view,A5,0
593,nested_view,A6,0
593,mutable_view,A6,0
593,blocking_view,A6,1
594,nested_view,A1,0
594,mutable_view,A1,0
594,blocking_view,A1,0
594,nested_view,A2,0
594,mutable_view,A2,0
594,blocking_view,A2,0
594,nested_view,A3,0
594,mutable_view,A3,0
594,blocking_view,A3,0
594,nested_view,A4,0
594,mutable_view,A4,0
594,blocking_view,A4,0
594,nested_view,A5,0
594,mutable_view,A5,0
594,blocking_view,A5,0
594,nested_view,A6,0
594,mutable_view,A6,0
594,blocking_view,A6,0
595,nested_view,A1,0
595,mutable_view,A1,0
595,blocking_view,A1,0
595,nested_view,A2,0
595,mutable_view,A2,0
595,blocking_view,A2,0
595,nested_view,A3,0
595,mutable_view,A3,1
595,blocking_view,A3,0
595,nested_view,A4,0
595,mutable_view,A4,1
595,blocking_view,A4,0
595,nested_view,A5,0
595,mutable_view,A5,0
595,blocking_view,A5,0
595,nested_view,A6,0
595,mutable_view,A6,0
595,blocking_view,A6,0
596,nested_view,A1,0
596,mutable_view,A1,0
596,blocking_view,A1,0
596,nested_view,A2,0
596,mutable_view,A2,0
596,blocking_view,A2,0
596,nested_view,A3,0
596,mutable_view,A3,0
596,blocking_view,A3,0
596,nested_view,A4,0
596,mutable_view,A4,1
596,blocking_view,A4,0
596,nested_view,A5,0
596,mutable_view,A5,0
596,blocking_view,A5,0
596,nested_view,A6,0
596,mutable_view,A6,0
596,blocking_view,A6,0
597,nested_view,A1,0
597,mutable_view,A1,0
597,blocking_view,A1,0
597,nested_view,A2,0
597,mutable_view,A2,0
597,blocking_view,A2,0
597,nested_view,A3,0
597,mutable_view,A3,0
597,blocking_view,A3,0
597,nested_view,A4,0
597,mutable_view,A4,1
597,blocking_view,A4,0
597,nested_view,A5,0
597,mutable_view,A5,0
597,blocking_view,A5,0
597,nested_view,A6,0
597,mutable_view,A6,0
597,blocking_view,A6,0
598,nested_view,A1,0
598,mutable_view,A1,0
598,blocking_view,A1,0
598,nested_view,A2,0
598,mutable_view,A2,0
598,blocking_view,A2,0
598,nested_view,A3,0
598,mutable_view,A3,0
598,blocking_view,A3,0
598,nested_view,A4,0
598,mutable_view,A4,1
598,blocking_view,A4,0
598,nested_view,A5,0
598,mutable_view,A5,0
598,blocking_view,A5,0
598,nested_view,A6,0
598,mutable_view,A6,0
598,blocking_view,A6,0
599,nested_view,A1,0
599,mutable_view,A1,0
599,blocking_view,A1,0
599,nested_view,A2,0
599,mutable_view,A2,0
599,blocking_view,A2,0
599,nested_view,A3,0
599,mutable_view,A3,0
599,blocking_view,A3,0
599,nested_view,A4,0
599,mutable_view,A4,0
599,blocking_view,A4,0
599,nested_view,A5,0
599,mutable_view,A5,0
599,blocking_view,A5,0
599,nested_view,A6,0
599,mutable_view,A6,0
599,blocking_view,A6,0
600,nested_view,A1,1
600,mutable_view,A1,1
600,blocking_view,A1,1
600,nested_view,A2,0
600,mutable_view,A2,0
600,blocking_view,A2,0
600,nested_view,A3,0
600,mutable_view,A3,1
600,blocking_view,A3,0
600,nested_view,A4,0
600,mutable_view,A4,1
600,blocking_view,A4,0
600,nested_view,A5,0
600,mutable_view,A5,1
600,blocking_view,A5,0
600,nested_view,A6,0
600,mutable_view,A6,1
600,blocking_view,A6,1
601,nested_view,A1,0
601,mutable_view,A1,0
601,blocking_view,A1,0
601,nested_view,A2,0
601,mutable_view,A2,0
601,blocking_view,A2,0
601,nested_view,A3,0
601,mutable_view,A3,0
601,blocking_view,A3,0
601,nested_view,A4,0
601,mutable_view,A4,1
601,blocking_view,A4,0
601,nested_view,A5,0
601,mutable_view,A5,0
601,blocking_view,A5,0
601,nested_view,A6,0
601,mutable_view,A6,0
601,blocking_view,A6,0
602,nested_view,A1,0
602,mutable_view,A1,1
602,blocking_view,A1,1
602,nested_view,A2,0
602,mutable_view,A2,0
602,blocking_view,A2,0
602,nested_view,A3,0
602,mutable_view,A3,1
602,blocking_view,A3,1
602,nested_view,A4,0
602,mutable_view,A4,1
602,blocking_view,A4,0
602,nested_view,A5,0
602,mutable_view,A5,1
602,blocking_view,A5,0
602,nested_view,A6,0
602,mutable_view,A6,0
602,blocking_view,A6,0
603,nested_view,A1,0
603,mutable_view,A1,0
603,blocking_view,A1,0
603,nested_view,A2,0
603,mutable_view,A2,0
603,blocking_view,A2,0
603,nested_view,A3,0
603,mutable_view,A3,0
603,blocking_view,A3,0
603,nested_view,A4,0
603,mutable_view,A4,1
603,blocking_view,A4,0
603,nested_view,A5,0
603,mutable_view,A5,0
603,blocking_view,A5,0
603,nested_view,A6,0
603,mutable_view,A6,0
603,blocking_view,A6,0
604,nested_view,A1,0
604,mutable_view,A1,1
604,blocking_view,A1,1
604,nested_view,A2,0
604,mutable_view,A2,0
604,blocking_view,A2,0
604,nested_view,A3,0
604,mutable_view,A3,1
604,blocking_view,A3,1
604,nested_view,A4,0
604,mutable_view,A4,1
604,blocking_view,A4,0
604,nested_view,A5,0
604,mutable_view,A5,1
604,blocking_view,A5,0
604,nested_view,A6,0
604,mutable_view,A6,0
604,blocking_view,A6,1
605,nested_view,A1,0
605,mutable_view,A1,0
605,blocking_view,A1,0
605,nested_view,A2,0
605,mutable_view,A2,0
605,blocking_view,A2,0
605,nested_view,A3,0
605,mutable_view,A3,0
605,blocking_view,A3,0
605,nested_view,A4,0
605,mutable_view,A4,0
605,blocking_view,A4,0
605,nested_view,A5,0
605,mutable_view,A5,0
605,blocking_view,A5,0
605,nested_view,A6,0
605,mutable_view,A6,0
605,blocking_view,A6,0
606,nested_view,A1,0
606,mutable_view,A1,1
606,blocking_view,A1,0
606,nested_view,A2,0
606,mutable_view,A2,0
606,blocking_view,A2,0
606,nested_view,A3,0
606,mutable_view,A3,1
606,blocking_view,A3,0
606,nested_view,A4,0
606,mutable_view,A4,1
606,blocking_view,A4,0
606,nested_view,A5,0
606,mutable_view,A5,1
606,blocking_view,A5,1
606,nested_view,A6,0
606,mutable_view,A6,1
606,blocking_view,A6,0
607,nested_view,A1,0
607,mutable_view,A1,1
607,blocking_view,A1,1
607,nested_view,A2,0
607,mutable_view,A2,0
607,blocking_view,A2,0
607,nested_view,A3,0
607,mutable_view,A3,1
607,blocking_view,A3,1
607,nested_view,A4,0
607,mutable_view,A4,1
607,blocking_view,A4,0
607,nested_view,A5,0
607,mutable_view,A5,1
607,blocking_view,A5,0
607,nested_view,A6,0
607,mutable_view,A6,1
607,blocking_view,A6,1
608,nested_view,A1,0
608,mutable_view,A1,0
608,blocking_view,A1,0
608,nested_view,A2,0
608,mutable_view,A2,0
608,blocking_view,A2,0
608,nested_view,A3,0
608,mutable_view,A3,0
608,blocking_view,A3,0
608,nested_view,A4,0
608,mutable_view,A4,1
608,blocking_view,A4,0
608,nested_view,A5,0
608,mutable_view,A5,0
608,blocking_view,A5,0
608,nested_view,A6,0
608,mutable_view,A6,1
608,blocking_view,A6,1
609,nested_view,A1,0
609,mutable_view,A1,0
609,blocking_view,A1,0
609,nested_view,A2,0
609,mutable_view,A2,0
609,blocking_view,A2,0
609,nested_view,A3,0
609,mutable_view,A3,0
609,blocking_view,A3,0
609,nested_view,A4,0
609,mutable_view,A4,1
609,blocking_view,A4,0
609,nested_view,A5,0
609,mutable_view,A5,0
609,blocking_view,A5,0
609,nested_view,A6,0
609,mutable_view,A6,0
609,blocking_view,A6,1
610,nested_view,A1,0
610,mutable_view,A1,1
610,blocking_view,A1,1
610,nested_view,A2,0
610,mutable_view,A2,0
610,blocking_view,A2,0
610,nested_view,A3,0
610,mutable_view,A3,1
610,blocking_view,A3,0
610,nested_view,A4,0
610,mutable_view,A4,1
610,blocking_view,A4,0
610,nested_view,A5,0
610,mutable_view,A5,1
610,blocking_view,A5,1
610,nested_view,A6,0
610,mutable_view,A6,1
610,blocking_view,A6,1
611,nested_view,A1,0
611,mutable_view,A1,1
611,blocking_view,A1,1
611,nested_view,A2,0
611,mutable_view,A2,0
611,blocking_view,A2,0
611,nested_view,A3,0
611,mutable_view,A3,1
611,blocking_view,A3,1
611,nested_view,A4,0
611,mutable_view,A4,1
611,blocking_view,A4,0
611,nested_view,A5,0
611,mutable_view,A5,1
611,blocking_view,A5,0
611,nested_view,A6,0
611,mutable_view,A6,1
611,blocking_view,A6,1
612,nested_view,A1,0
612,mutable_view,A1,0
612,blocking_view,A1,0
612,nested_view,A2,0
612,mutable_view,A2,0
612,blocking_view,A2,0
612,nested_view,A3,0
612,mutable_view,A3,0
612,blocking_view,A3,0
612,nested_view,A4,0
612,mutable_view,A4,0
612,blocking_view,A4,0
612,nested_view,A5,1
612,mutable_view,A5,0
612,blocking_view,A5,0
612,nested_view,A6,0
612,mutable_view,A6,1
612,blocking_view,A6,0
613,nested_view,A1,1
613,mutable_view,A1,1
613,blocking_view,A1,1
613,nested_view,A2,1
613,mutable_view,A2,0
613,blocking_view,A2,0
613,nested_view,A3,1
613,mutable_view,A3,1
613,blocking_view,A3,1
613,nested_view,A4,0
613,mutable_view,A4,1
613,blocking_view,A4,0
613,nested_view,A5,0
613,mutable_view,A5,0
613,blocking_view,A5,0
613,nested_view,A6,0
613,mutable_view,A6,1
613,blocking_view,A6,1
614,nested_view,A1,0
614,mutable_view,A1,1
614,blocking_view,A1,1
614,nested_view,A2,0
614,mutable_view,A2,0
614,blocking_view,A2,0
614,nested_view,A3,0
614,mutable_view,A3,1
614,blocking_view,A3,1
614,nested_view,A4,0
614,mutable_view,A4,1
614,blocking_view,A4,0
614,nested_view,A5,0
614,mutable_view,A5,1
614,blocking_view,A5,0
614,nested_view,A6,0
614,mutable_view,A6,1
614,blocking_view,A6,1
615,nested_view,A1,1
615,mutable_view,A1,0
615,blocking_view,A1,1
615,nested_view,A2,0
615,mutable_view,A2,0
615,blocking_view,A2,0
615,nested_view,A3,0
615,mutable_view,A3,0
615,blocking_view,A3,0
615,nested_view,A4,0
615,mutable_view,A4,0
615,blocking_view,A4,0
615,nested_view,A5,0
615,mutable_view,A5,0
615,blocking_view,A5,0
615,nested_view,A6,0
615,mutable_view,A6,0
615,blocking_view,A6,1
616,nested_view,A1,1
616,mutable_view,A1,1
616,blocking_view,A1,1
616,nested_view,A2,1
616,mutable_view,A2,0
616,blocking_view,A2,0
616,nested_view,A3,1
616,mutable_view,A3,1
616,blocking_view,A3,1
616,nested_view,A4,0
616,mutable_view,A4,1
616,blocking_view,A4,0
616,nested_view,A5,1
616,mutable_view,A5,0
616,blocking_view,A5,0
616,nested_view,A6,0
616,mutable_view,A6,1
616,blocking_view,A6,1
617,nested_view,A1,0
617,mutable_view,A1,0
617,blocking_view,A1,0
617,nested_view,A2,0
617,mutable_view,A2,0
617,blocking_view,A2,0
617,nested_view,A3,0
617,mutable_view,A3,0
617,blocking_view,A3,0
617,nested_view,A4,0
617,mutable_view,A4,0
617,blocking_view,A4,0
617,nested_view,A5,0
617,mutable_view,A5,0
617,blocking_view,A5,0
617,nested_view,A6,0
617,mutable_view,A6,0
617,blocking_view,A6,0
618,nested_view,A1,1
618,mutable_view,A1,1
618,blocking_view,A1,1
618,nested_view,A2,1
618,mutable_view,A2,0
618,blocking_view,A2,0
618,nested_view,A3,1
618,mutable_view,A3,1
618,blocking_view,A3,1
618,nested_view,A4,0
618,mutable_view,A4,1
618,blocking_view,A4,0
618,nested_view,A5,1
618,mutable_view,A5,1
618,blocking_view,A5,0
618,nested_view,A6,0
618,mutable_view,A6,1
618,blocking_view,A6,1
619,nested_view,A1,0
619,mutable_view,A1,0
619,blocking_view,A1,0
619,nested_view,A2,0
619,mutable_view,A2,0
619,blocking_view,A2,0
619,nested_view,A3,0
619,mutable_view,A3,0
619,blocking_view,A3,0
619,nested_view,A4,0
619,mutable_view,A4,0
619,blocking_view,A4,0
619,nested_view,A5,0
619,mutable_view,A5,0
619,blocking_view,A5,0
619,nested_view,A6,0
619,mutable_view,A6,0
619,blocking_view,A6,0
620,nested_view,A1,0
620,mutable_view,A1,0
620,blocking_view,A1,0
620,nested_view,A2,0
620,mutable_view,A2,0
620,blocking_view,A2,0
620,nested_view,A3,0
620,mutable_view,A3,1
620,blocking_view,A3,0
620,nested_view,A4,0
620,mutable_view,A4,1
620,blocking_view,A4,0
620,nested_view,A5,0
620,mutable_view,A5,0
620,blocking_view,A5,0
620,nested_view,A6,0
620,mutable_view,A6,0
620,blocking_view,A6,0
621,nested_view,A1,1
621,mutable_view,A1,1
621,blocking_view,A1,1
621,nested_view,A2,1
621,mutable_view,A2,0
621,blocking_view,A2,0
621,nested_view,A3,1
621,mutable_view,A3,1
621,blocking_view,A3,1
621,nested_view,A4,0
621,mutable_view,A4,1
621,blocking_view,A4,0
621,nested_view,A5,1
621,mutable_view,A5,1
621,blocking_view,A5,0
621,nested_view,A6,0
621,mutable_view,A6,1
621,blocking_view,A6,1
622,nested_view,A1,0
622,mutable_view,A1,0
622,blocking_view,A1,0
622,nested_view,A2,0
622,mutable_view,A2,0
622,blocking_view,A2,0
622,nested_view,A3,0
622,mutable_view,A3,0
622,blocking_view,A3,0
622,nested_view,A4,0
622,mutable_view,A4,0
622,blocking_view,A4,0
622,nested_view,A5,0
622,mutable_view,A5,0
622,blocking_view,A5,0
622,nested_view,A6,0
622,mutable_view,A6,1
622,blocking_view,A6,1
623,nested_view,A1,0
623,mutable_view,A1,0
623,blocking_view,A1,0
623,nested_view,A2,0
623,mutable_view,A2,0
623,blocking_view,A2,0
623,nested_view,A3,0
623,mutable_view,A3,0
623,blocking_view,A3,0
623,nested_view,A4,0
623,mutable_view,A4,1
623,blocking_view,A4,0
623,nested_view,A5,0
623,mutable_view,A5,0
623,blocking_view,A5,0
623,nested_view,A6,0
623,mutable_view,A6,0
623,blocking_view,A6,0
624,nested_view,A1,0
624,mutable_view,A1,0
624,blocking_view,A1,0
624,nested_view,A2,0
624,mutable_view,A2,0
624,blocking_view,A2,0
624,nested_view,A3,0
624,mutable_view,A3,0
624,blocking_view,A3,0
624,nested_view,A4,0
624,mutable_view,A4,0
624,blocking_view,A4,0
624,nested_view,A5,1
624,mutable_view,A5,0
624,blocking_view,A5,0
624,nested_view,A6,0
624,mutable_view,A6,0
624,blocking_view,A6,0
625,nested_view,A1,0
625,mutable_view,A1,0
625,blocking_view,A1,0
625,nested_view,A2,0
625,mutable_view,A2,0
625,blocking_view,A2,0
625,nested_view,A3,0
625,mutable_view,A3,0
625,blocking_view,A3,0
625,nested_view,A4,0
625,mutable_view,A4,1
625,blocking_view,A4,0
625,nested_view,A5,0
625,mutable_view,A5,0
625,blocking_view,A5,1
625,nested_view,A6,0
625,mutable_view,A6,0
625,blocking_view,A6,1
626,nested_view,A1,0
626,mutable_view,A1,0
626,blocking_view,A1,0
626,nested_view,A2,0
626,mutable_view,A2,0
626,blocking_view,A2,0
626,nested_view,A3,0
626,mutable_view,A3,0
626,blocking_view,A3,0
626,nested_view,A4,0
626,mutable_view,A4,1
626,blocking_view,A4,0
626,nested_view,A5,0
626,mutable_view,A5,0
626,blocking_view,A5,0
626,nested_view,A6,0
626,mutable_view,A6,0
626,blocking_view,A6,0
627,nested_view,A1,0
627,mutable_view,A1,0
627,blocking_view,A1,0
627,nested_view,A2,0
627,mutable_view,A2,0
627,blocking_view,A2,0
627,nested_view,A3,0
627,mutable_view,A3,0
627,blocking_view,A3,0
627,nested_view,A4,0
627,mutable_view,A4,1
627,blocking_view,A4,0
627,nested_view,A5,1
627,mutable_view,A5,0
627,blocking_view,A5,0
627,nested_view,A6,0
627,mutable_view,A6,0
627,blocking_view,A6,0
628,nested_view,A1,0
628,mutable_view,A1,0
628,blocking_view,A1,0
628,nested_view,A2,0
628,mutable_view,A2,0
628,blocking_view,A2,0
628,nested_view,A3,0
628,mutable_view,A3,0
628,blocking_view,A3,0
628,nested_view,A4,0
628,mutable_view,A4,1
628,blocking_view,A4,0
628,nested_view,A5,0
628,mutable_view,A5,0
628,blocking_view,A5,0
628,nested_view,A6,0
628,mutable_view,A6,0
628,blocking_view,A6,0
629,nested_view,A1,0
629,mutable_view,A1,0
629,blocking_view,A1,0
629,nested_view,A2,0
629,mutable_view,A2,0
629,blocking_view,A2,0
629,nested_view,A3,0
629,mutable_view,A3,0
629,blocking_view,A3,0
629,nested_view,A4,0
629,mutable_view,A4,1
629,blocking_view,A4,0
629,nested_view,A5,0
629,mutable_view,A5,0
629,blocking_view,A5,0
629,nested_view,A6,0
629,mutable_view,A6,1
629,blocking_view,A6,1
630,nested_view,A1,0
630,mutable_view,A1,0
630,blocking_view,A1,0
630,nested_view,A2,0
630,mutable_view,A2,0
630,blocking_view,A2,0
630,nested_view,A3,0
630,mutable_view,A3,1
630,blocking_view,A3,0
630,nested_view,A4,0
630,mutable_view,A4,1
630,blocking_view,A4,0
630,nested_view,A5,1
630,mutable_view,A5,0
630,blocking_view,A5,0
630,nested_view,A6,0
630,mutable_view,A6,0
630,blocking_view,A6,0
631,nested_view,A1,0
631,mutable_view,A1,0
631,blocking_view,A1,0
631,nested_view,A2,0
631,mutable_view,A2,0
631,blocking_view,A2,0
631,nested_view,A3,0
631,mutable_view,A3,0
631,blocking_view,A3,0
631,nested_view,A4,0
631,mutable_view,A4,1
631,blocking_view,A4,0
631,nested_view,A5,0
631,mutable_view,A5,0
631,blocking_view,A5,0
631,nested_view,A6,0
631,mutable_view,A6,0
631,blocking_view,A6,1
632,nested_view,A1,0
632,mutable_view,A1,0
632,blocking_view,A1,0
632,nested_view,A2,0
632,mutable_view,A2,0
632,blocking_view,A2,0
632,nested_view,A3,0
632,mutable_view,A3,0
632,blocking_view,A3,0
632,nested_view,A4,0
632,mutable_view,A4,1
632,blocking_view,A4,0
632,nested_view,A5,0
632,mutable_view,A5,0
632,blocking_view,A5,0
632,nested_view,A6,0
632,mutable_view,A6,0
632,blocking_view,A6,0
633,nested_view,A1,0
633,mutable_view,A1,1
633,blocking_view,A1,1
633,nested_view,A2,0
633,mutable_view,A2,0
633,blocking_view,A2,0
633,nested_view,A3,0
633,mutable_view,A3,1
633,blocking_view,A3,1
633,nested_view,A4,0
633,mutable_view,A4,1
633,blocking_view,A4,0
633,nested_view,A5,0
633,mutable_view,A5,1
633,blocking_view,A5,0
633,nested_view,A6,0
633,mutable_view,A6,0
633,blocking_view,A6,1
634,nested_view,A1,0
634,mutable_view,A1,0
634,blocking_view,A1,0
634,nested_view,A2,0
634,mutable_view,A2,0
634,blocking_view,A2,0
634,nested_view,A3,0
634,mutable_view,A3,0
634,blocking_view,A3,0
634,nested_view,A4,0
634,mutable_view,A4,1
634,blocking_view,A4,0
634,nested_view,A5,0
634,mutable_view,A5,0
634,blocking_view,A5,0
634,nested_view,A6,0
634,mutable_view,A6,0
634,blocking_view,A6,0
635,nested_view,A1,0
635,mutable_view,A1,0
635,blocking_view,A1,0
635,nested_view,A2,0
635,mutable_view,A2,0
635,blocking_view,A2,0
635,nested_view,A3,0
635,mutable_view,A3,1
635,blocking_view,A3,0
635,nested_view,A4,0
635,mutable_view,A4,1
635,blocking_view,A4,0
635,nested_view,A5,0
635,mutable_view,A5,0
635,blocking_view,A5,0
635,nested_view,A6,0
635,mutable_view,A6,0
635,blocking_view,A6,0
636,nested_view,A1,1
636,mutable_view,A1,1
636,blocking_view,A1,1
636,nested_view,A2,1
636,mutable_view,A2,0
636,blocking_view,A2,1
636,nested_view,A3,1
636,mutable_view,A3,1
636,blocking_view,A3,1
636,nested_view,A4,0
636,mutable_view,A4,1
636,blocking_view,A4,0
636,nested_view,A5,1
636,mutable_view,A5,1
636,blocking_view,A5,1
636,nested_view,A6,0
636,mutable_view,A6,1
636,blocking_view,A6,1
637,nested_view,A1,0
637,mutable_view,A1,1
637,blocking_view,A1,1
637,nested_view,A2,0
637,mutable_view,A2,0
637,blocking_view,A2,1
637,nested_view,A3,0
637,mutable_view,A3,1
637,blocking_view,A3,1
637,nested_view,A4,0
637,mutable_view,A4,1
637,blocking_view,A4,0
637,nested_view,A5,0
637,mutable_view,A5,1
637,blocking_view,A5,1
637,nested_view,A6,0
637,mutable_view,A6,1
637,blocking_view,A6,1
638,nested_view,A1,0
638,mutable_view,A1,0
638,blocking_view,A1,0
638,nested_view,A2,0
638,mutable_view,A2,0
638,blocking_view,A2,0
638,nested_view,A3,0
638,mutable_view,A3,0
638,blocking_view,A3,0
638,nested_view,A4,0
638,mutable_view,A4,1
638,blocking_view,A4,0
638,nested_view,A5,1
638,mutable_view,A5,0
638,blocking_view,A5,0
638,nested_view,A6,0
638,mutable_view,A6,0
638,blocking_view,A6,0
639,nested_view,A1,0
639,mutable_view,A1,0
639,blocking_view,A1,0
639,nested_view,A2,0
639,mutable_view,A2,0
639,blocking_view,A2,0
639,nested_view,A3,0
639,mutable_view,A3,0
639,blocking_view,A3,0
639,nested_view,A4,0
639,mutable_view,A4,1
639,blocking_view,A4,0
639,nested_view,A5,0
639,mutable_view,A5,0
639,blocking_view,A5,0
639,nested_view,A6,0
639,mutable_view,A6,0
639,blocking_view,A6,0
640,nested_view,A1,0
640,mutable_view,A1,0
640,blocking_view,A1,0
640,nested_view,A2,0
640,mutable_view,A2,0
640,blocking_view,A2,0
640,nested_view,A3,0
640,mutable_view,A3,1
640,blocking_view,A3,0
640,nested_view,A4,0
640,mutable_view,A4,1
640,blocking_view,A4,0
640,nested_view,A5,0
640,mutable_view,A5,0
640,blocking_view,A5,0
640,nested_view,A6,0
640,mutable_view,A6,0
640,blocking_view,A6,0
641,nested_view,A1,0
641,mutable_view,A1,0
641,blocking_view,A1,0
641,nested_view,A2,0
641,mutable_view,A2,0
641,blocking_view,A2,0
641,nested_view,A3,0
641,mutable_view,A3,0
641,blocking_view,A3,0
641,nested_view,A4,0
641,mutable_view,A4,1
641,blocking_view,A4,0
641,nested_view,A5,0
641,mutable_view,A5,0
641,blocking_view,A5,0
641,nested_view,A6,0
641,mutable_view,A6,0
641,blocking_view,A6,0
642,nested_view,A1,1
642,mutable_view,A1,1
642,blocking_view,A1,1
642,nested_view,A2,0
642,mutable_view,A2,1
642,blocking_view,A2,1
642,nested_view,A3,1
642,mutable_view,A3,1
642,blocking_view,A3,1
642,nested_view,A4,1
642,mutable_view,A4,1
642,blocking_view,A4,0
642,nested_view,A5,1
642,mutable_view,A5,1
642,blocking_view,A5,1
642,nested_view,A6,1
642,mutable_view,A6,1
642,blocking_view,A6,1
643,nested_view,A1,1
643,mutable_view,A1,1
643,blocking_view,A1,1
643,nested_view,A2,0
643,mutable_view,A2,1
643,blocking_view,A2,1
643,nested_view,A3,1
643,mutable_view,A3,1
643,blocking_view,A3,1
643,nested_view,A4,1
643,mutable_view,A4,1
643,blocking_view,A4,0
643,nested_view,A5,1
643,mutable_view,A5,1
643,blocking_view,A5,1
643,nested_view,A6,1
643,mutable_view,A6,1
643,blocking_view,A6,1
644,nested_view,A1,0
644,mutable_view,A1,0
644,blocking_view,A1,0
644,nested_view,A2,0
644,mutable_view,A2,0
644,blocking_view,A2,0
644,nested_view,A3,0
644,mutable_view,A3,0
644,blocking_view,A3,0
644,nested_view,A4,0
644,mutable_view,A4,1
644,blocking_view,A4,0
644,nested_view,A5,0
644,mutable_view,A5,1
644,blocking_view,A5,0
644,nested_view,A6,0
644,mutable_view,A6,0
644,blocking_view,A6,0
645,nested_view,A1,0
645,mutable_view,A1,0
645,blocking_view,A1,0
645,nested_view,A2,0
645,mutable_view,A2,0
645,blocking_view,A2,0
645,nested_view,A3,0
645,mutable_view,A3,1
645,blocking_view,A3,0
645,nested_view,A4,0
645,mutable_view,A4,1
645,blocking_view,A4,0
645,nested_view,A5,0
645,mutable_view,A5,0
645,blocking_view,A5,0
645,nested_view,A6,0
645,mutable_view,A6,0
645,blocking_view,A6,0
646,nested_view,A1,0
646,mutable_view,A1,0
646,blocking_view,A1,0
646,nested_view,A2,0
646,mutable_view,A2,0
646,blocking_view,A2,0
646,nested_view,A3,0
646,mutable_view,A3,0
646,blocking_view,A3,0
646,nested_view,A4,0
646,mutable_view,A4,1
646,blocking_view,A4,0
646,nested_view,A5,0
646,mutable_view,A5,0
646,blocking_view,A5,0
646,nested_view,A6,0
646,mutable_view,A6,0
646,blocking_view,A6,0
647,nested_view,A1,0
647,mutable_view,A1,0
647,blocking_view,A1,0
647,nested_view,A2,0
647,mutable_view,A2,0
647,blocking_view,A2,0
647,nested_view,A3,0
647,mutable_view,A3,0
647,blocking_view,A3,0
647,nested_view,A4,0
647,mutable_view,A4,1
647,blocking_view,A4,0
647,nested_view,A5,0
647,mutable_view,A5,1
647,blocking_view,A5,0
647,nested_view,A6,0
647,mutable_view,A6,0
647,blocking_view,A6,0
648,nested_view,A1,0
648,mutable_view,A1,0
648,blocking_view,A1,0
648,nested_view,A2,0
648,mutable_view,A2,0
648,blocking_view,A2,0
648,nested_view,A3,0
648,mutable_view,A3,0
648,blocking_view,A3,0
648,nested_view,A4,0
648,mutable_view,A4,1
648,blocking_view,A4,0
648,nested_view,A5,0
648,mutable_view,A5,0
648,blocking_view,A5,0
648,nested_view,A6,0
648,mutable_view,A6,0
648,blocking_view,A6,0
649,nested_view,A1,0
649,mutable_view,A1,0
649,blocking_view,A1,0
649,nested_view,A2,0
649,mutable_view,A2,0
649,blocking_view,A2,0
649,nested_view,A3,0
649,mutable_view,A3,0
649,blocking_view,A3,0
649,nested_view,A4,0
649,mutable_view,A4,1
649,blocking_view,A4,0
649,nested_view,A5,0
649,mutable_view,A5,0
649,blocking_view,A5,1
649,nested_view,A6,0
649,mutable_view,A6,0
649,blocking_view,A6,0
650,nested_view,A1,0
650,mutable_view,A1,0
650,blocking_view,A1,0
650,nested_view,A2,0
650,mutable_view,A2,0
650,blocking_view,A2,0
650,nested_view,A3,0
650,mutable_view,A3,0
650,blocking_view,A3,0
650,nested_view,A4,0
650,mutable_view,A4,1
650,blocking_view,A4,0
650,nested_view,A5,1
650,mutable_view,A5,0
650,blocking_view,A5,0
650,nested_view,A6,0
650,mutable_view,A6,0
650,blocking_view,A6,0
651,nested_view,A1,0
651,mutable_view,A1,0
651,blocking_view,A1,0
651,nested_view,A2,0
651,mutable_view,A2,0
651,blocking_view,A2,0
651,nested_view,A3,0
651,mutable_view,A3,0
651,blocking_view,A3,0
651,nested_view,A4,0
651,mutable_view,A4,1
651,blocking_view,A4,0
651,nested_view,A5,1
651,mutable_view,A5,0
651,blocking_view,A5,0
651,nested_view,A6,0
651,mutable_view,A6,0
651,blocking_view,A6,0
652,nested_view,A1,1
652,mutable_view,A1,1
652,blocking_view,A1,1
652,nested_view,A2,1
652,mutable_view,A2,0
652,blocking_view,A2,0
652,nested_view,A3,1
652,mutable_view,A3,1
652,blocking_view,A3,1
652,nested_view,A4,0
652,mutable_view,A4,1
652,blocking_view,A4,1
652,nested_view,A5,1
652,mutable_view,A5,1
652,blocking_view,A5,0
652,nested_view,A6,0
652,mutable_view,A6,1
652,blocking_view,A6,1
653,nested_view,A1,0
653,mutable_view,A1,0
653,blocking_view,A1,0
653,nested_view,A2,0
653,mutable_view,A2,0
653,blocking_view,A2,0
653,nested_view,A3,0
653,mutable_view,A3,0
653,blocking_view,A3,0
653,nested_view,A4,0
653,mutable_view,A4,1
653,blocking_view,A4,0
653,nested_view,A5,0
653,mutable_view,A5,0
653,blocking_view,A5,0
653,nested_view,A6,0
653,mutable_view,A6,0
653,blocking_view,A6,0
654,nested_view,A1,0
654,mutable_view,A1,0
654,blocking_view,A1,0
654,nested_view,A2,0
654,mutable_view,A2,0
654,blocking_view,A2,0
654,nested_view,A3,0
654,mutable_view,A3,0
654,blocking_view,A3,0
654,nested_view,A4,0
654,mutable_view,A4,1
654,blocking_view,A4,0
654,nested_view,A5,0
654,mutable_view,A5,0
654,blocking_view,A5,1
654,nested_view,A6,0
654,mutable_view,A6,0
654,blocking_view,A6,0
655,nested_view,A1,0
655,mutable_view,A1,0
655,blocking_view,A1,0
655,nested_view,A2,0
655,mutable_view,A2,0
655,blocking_view,A2,0
655,nested_view,A3,0
655,mutable_view,A3,1
655,blocking_view,A3,0
655,nested_view,A4,0
655,mutable_view,A4,1
655,blocking_view,A4,0
655,nested_view,A5,0
655,mutable_view,A5,0
655,blocking_view,A5,1
655,nested_view,A6,0
655,mutable_view,A6,0
655,blocking_view,A6,0
656,nested_view,A1,0
656,mutable_view,A1,0
656,blocking_view,A1,0
656,nested_view,A2,0
656,mutable_view,A2,0
656,blocking_view,A2,0
656,nested_view,A3,0
656,mutable_view,A3,0
656,blocking_view,A3,0
656,nested_view,A4,0
656,mutable_view,A4,0
656,blocking_view,A4,0
656,nested_view,A5,0
656,mutable_view,A5,0
656,blocking_view,A5,0
656,nested_view,A6,0
656,mutable_view,A6,0
656,blocking_view,A6,0
657,nested_view,A1,1
657,mutable_view,A1,1
657,blocking_view,A1,1
657,nested_view,A2,0
657,mutable_view,A2,0
657,blocking_view,A2,0
657,nested_view,A3,1
657,mutable_view,A3,1
657,blocking_view,A3,1
657,nested_view,A4,1
657,mutable_view,A4,1
657,blocking_view,A4,0
657,nested_view,A5,1
657,mutable_view,A5,1
657,blocking_view,A5,0
657,nested_view,A6,0
657,mutable_view,A6,1
657,blocking_view,A6,1
658,nested_view,A1,0
658,mutable_view,A1,0
658,blocking_view,A1,0
658,nested_view,A2,0
658,mutable_view,A2,0
658,blocking_view,A2,0
658,nested_view,A3,0
658,mutable_view,A3,0
658,blocking_view,A3,0
658,nested_view,A4,0
658,mutable_view,A4,1
658,blocking_view,A4,0
658,nested_view,A5,0
658,mutable_view,A5,0
658,blocking_view,A5,0
658,nested_view,A6,0
658,mutable_view,A6,1
658,blocking_view,A6,0
659,nested_view,A1,0
659,mutable_view,A1,0
659,blocking_view,A1,0
659,nested_view,A2,0
659,mutable_view,A2,0
659,blocking_view,A2,0
659,nested_view,A3,0
659,mutable_view,A3,0
659,blocking_view,A3,0
659,nested_view,A4,0
659,mutable_view,A4,0
659,blocking_view,A4,0
659,nested_view,A5,0
659,mutable_view,A5,0
659,blocking_view,A5,0
659,nested_view,A6,0
659,mutable_view,A6,0
659,blocking_view,A6,0
660,nested_view,A1,0
660,mutable_view,A1,0
660,blocking_view,A1,0
660,nested_view,A2,0
660,mutable_view,A2,0
660,blocking_view,A2,0
660,nested_view,A3,0
660,mutable_view,A3,1
660,blocking_view,A3,0
660,nested_view,A4,0
660,mutable_view,A4,1
660,blocking_view,A4,0
660,nested_view,A5,1
660,mutable_view,A5,0
660,blocking_view,A5,0
660,nested_view,A6,0
660,mutable_view,A6,0
660,blocking_view,A6,0
661,nested_view,A1,0
661,mutable_view,A1,0
661,blocking_view,A1,0
661,nested_view,A2,0
661,mutable_view,A2,0
661,blocking_view,A2,0
661,nested_view,A3,0
661,mutable_view,A3,0
661,blocking_view,A3,0
661,nested_view,A4,0
661,mutable_view,A4,0
661,blocking_view,A4,0
661,nested_view,A5,0
661,mutable_view,A5,0
661,blocking_view,A5,0
661,nested_view,A6,0
661,mutable_view,A6,1
661,blocking_view,A6,0
662,nested_view,A1,0
662,mutable_view,A1,0
662,blocking_view,A1,0
662,nested_view,A2,0
662,mutable_view,A2,0
662,blocking_view,A2,0
662,nested_view,A3,0
662,mutable_view,A3,0
662,blocking_view,A3,0
662,nested_view,A4,0
662,mutable_view,A4,1
662,blocking_view,A4,0
662,nested_view,A5,0
662,mutable_view,A5,0
662,blocking_view,A5,0
662,nested_view,A6,0
662,mutable_view,A6,0
662,blocking_view,A6,0
663,nested_view,A1,0
663,mutable_view,A1,0
663,blocking_view,A1,0
663,nested_view,A2,0
663,mutable_view,A2,0
663,blocking_view,A2,0
663,nested_view,A3,0
663,mutable_view,A3,0
663,blocking_view,A3,0
663,nested_view,A4,0
663,mutable_view,A4,1
663,blocking_view,A4,0
663,nested_view,A5,0
663,mutable_view,A5,0
663,blocking_view,A5,1
663,nested_view,A6,0
663,mutable_view,A6,0
663,blocking_view,A6,0
664,nested_view,A1,0
664,mutable_view,A1,0
664,blocking_view,A1,0
664,nested_view,A2,0
664,mutable_view,A2,0
664,blocking_view,A2,0
664,nested_view,A3,0
664,mutable_view,A3,0
664,blocking_view,A3,0
664,nested_view,A4,0
664,mutable_view,A4,1
664,blocking_view,A4,0
664,nested_view,A5,0
664,mutable_view,A5,0
664,blocking_view,A5,0
664,nested_view,A6,0
664,mutable_view,A6,0
664,blocking_view,A6,0
665,nested_view,A1,0
665,mutable_view,A1,0
665,blocking_view,A1,0
665,nested_view,A2,0
665,mutable_view,A2,0
665,blocking_view,A2,0
665,nested_view,A3,0
665,mutable_view,A3,1
665,blocking_view,A3,0
665,nested_view,A4,0
665,mutable_view,A4,1
665,blocking_view,A4,0
665,nested_view,A5,0
665,mutable_view,A5,0
665,blocking_view,A5,0
665,nested_view,A6,0
665,mutable_view,A6,0
665,blocking_view,A6,0
666,nested_view,A1,1
666,mutable_view,A1,1
666,blocking_view,A1,1
666,nested_view,A2,1
666,mutable_view,A2,0
666,blocking_view,A2,1
666,nested_view,A3,1
666,mutable_view,A3,1
666,blocking_view,A3,1
666,nested_view,A4,0
666,mutable_view,A4,1
666,blocking_view,A4,1
666,nested_view,A5,1
666,mutable_view,A5,1
666,blocking_view,A5,0
666,nested_view,A6,0
666,mutable_view,A6,1
666,blocking_view,A6,1
667,nested_view,A1,0
667,mutable_view,A1,0
667,blocking_view,A1,0
667,nested_view,A2,0
667,mutable_view,A2,0
667,blocking_view,A2,1
667,nested_view,A3,0
667,mutable_view,A3,0
667,blocking_view,A3,0
667,nested_view,A4,0
667,mutable_view,A4,0
667,blocking_view,A4,0
667,nested_view,A5,0
667,mutable_view,A5,0
667,blocking_view,A5,1
667,nested_view,A6,0
667,mutable_view,A6,0
667,blocking_view,A6,0
668,nested_view,A1,0
668,mutable_view,A1,0
668,blocking_view,A1,0
668,nested_view,A2,0
668,mutable_view,A2,0
668,blocking_view,A2,0
668,nested_view,A3,0
668,mutable_view,A3,0
668,blocking_view,A3,0
668,nested_view,A4,0
668,mutable_view,A4,1
668,blocking_view,A4,0
668,nested_view,A5,0
668,mutable_view,A5,0
668,blocking_view,A5,0
668,nested_view,A6,0
668,mutable_view,A6,0
668,blocking_view,A6,0
669,nested_view,A1,0
669,mutable_view,A1,0
669,blocking_view,A1,0
669,nested_view,A2,0
669,mutable_view,A2,0
669,blocking_view,A2,0
669,nested_view,A3,0
669,mutable_view,A3,0
669,blocking_view,A3,0
669,nested_view,A4,0
669,mutable_view,A4,1
669,blocking_view,A4,0
669,nested_view,A5,0
669,mutable_view,A5,0
669,blocking_view,A5,0
669,nested_view,A6,0
669,mutable_view,A6,0
669,blocking_view,A6,0
670,nested_view,A1,0
670,mutable_view,A1,0
670,blocking_view,A1,0
670,nested_view,A2,0
670,mutable_view,A2,0
670,blocking_view,A2,0
670,nested_view,A3,0
670,mutable_view,A3,1
670,blocking_view,A3,0
670,nested_view,A4,0
670,mutable_view,A4,1
670,blocking_view,A4,0
670,nested_view,A5,0
670,mutable_view,A5,0
670,blocking_view,A5,0
670,nested_view,A6,0
670,mutable_view,A6,0
670,blocking_view,A6,0
671,nested_view,A1,0
671,mutable_view,A1,0
671,blocking_view,A1,0
671,nested_view,A2,0
671,mutable_view,A2,0
671,blocking_view,A2,0
671,nested_view,A3,0
671,mutable_view,A3,0
671,blocking_view,A3,0
671,nested_view,A4,0
671,mutable_view,A4,1
671,blocking_view,A4,0
671,nested_view,A5,0
671,mutable_view,A5,1
671,blocking_view,A5,0
671,nested_view,A6,0
671,mutable_view,A6,0
671,blocking_view,A6,0
672,nested_view,A1,0
672,mutable_view,A1,0
672,blocking_view,A1,0
672,nested_view,A2,0
672,mutable_view,A2,0
672,blocking_view,A2,0
672,nested_view,A3,0
672,mutable_view,A3,0
672,blocking_view,A3,0
672,nested_view,A4,0
672,mutable_view,A4,0
672,blocking_view,A4,0
672,nested_view,A5,0
672,mutable_view,A5,0
672,blocking_view,A5,0
672,nested_view,A6,0
672,mutable_view,A6,0
672,blocking_view,A6,1
673,nested_view,A1,0
673,mutable_view,A1,0
673,blocking_view,A1,0
673,nested_view,A2,0
673,mutable_view,A2,0
673,blocking_view,A2,0
673,nested_view,A3,0
673,mutable_view,A3,0
673,blocking_view,A3,0
673,nested_view,A4,0
673,mutable_view,A4,1
673,blocking_view,A4,0
673,nested_view,A5,0
673,mutable_view,A5,0
673,blocking_view,A5,0
673,nested_view,A6,0
673,mutable_view,A6,0
673,blocking_view,A6,0
674,nested_view,A1,0
674,mutable_view,A1,0
674,blocking_view,A1,0
674,nested_view,A2,0
674,mutable_view,A2,0
674,blocking_view,A2,0
674,nested_view,A3,0
674,mutable_view,A3,0
674,blocking_view,A3,0
674,nested_view,A4,0
674,mutable_view,A4,1
674,blocking_view,A4,0
674,nested_view,A5,0
674,mutable_view,A5,0
674,blocking_view,A5,0
674,nested_view,A6,0
674,mutable_view,A6,0
674,blocking_view,A6,0
675,nested_view,A1,0
675,mutable_view,A1,0
675,blocking_view,A1,0
675,nested_view,A2,0
675,mutable_view,A2,0
675,blocking_view,A2,0
675,nested_view,A3,0
675,mutable_view,A3,0
675,blocking_view,A3,0
675,nested_view,A4,0
675,mutable_view,A4,1
675,blocking_view,A4,0
675,nested_view,A5,0
675,mutable_view,A5,0
675,blocking_view,A5,0
675,nested_view,A6,0
675,mutable_view,A6,0
675,blocking_view,A6,0
676,nested_view,A1,0
676,mutable_view,A1,0
676,blocking_view,A1,0
676,nested_view,A2,0
676,mutable_view,A2,0
676,blocking_view,A2,0
676,nested_view,A3,0
676,mutable_view,A3,0
676,blocking_view,A3,0
676,nested_view,A4,0
676,mutable_view,A4,0
676,blocking_view,A4,0
676,nested_view,A5,1
676,mutable_view,A5,0
676,blocking_view,A5,0
676,nested_view,A6,0
676,mutable_view,A6,0
676,blocking_view,A6,0
677,nested_view,A1,1
677,mutable_view,A1,1
677,blocking_view,A1,1
677,nested_view,A2,1
677,mutable_view,A2,1
677,blocking_view,A2,1
677,nested_view,A3,1
677,mutable_view,A3,1
677,blocking_view,A3,1
677,nested_view,A4,1
677,mutable_view,A4,1
677,blocking_view,A4,0
677,nested_view,A5,1
677,mutable_view,A5,1
677,blocking_view,A5,0
677,nested_view,A6,0
677,mutable_view,A6,1
677,blocking_view,A6,1
678,nested_view,A1,1
678,mutable_view,A1,1
678,blocking_view,A1,1
678,nested_view,A2,1
678,mutable_view,A2,1
678,blocking_view,A2,1
678,nested_view,A3,1
678,mutable_view,A3,1
678,blocking_view,A3,1
678,nested_view,A4,1
678,mutable_view,A4,1
678,blocking_view,A4,0
678,nested_view,A5,1
678,mutable_view,A5,1
678,blocking_view,A5,1
678,nested_view,A6,0
678,mutable_view,A6,1
678,blocking_view,A6,1
679,nested_view,A1,0
679,mutable_view,A1,0
679,blocking_view,A1,0
679,nested_view,A2,0
679,mutable_view,A2,0
679,blocking_view,A2,0
679,nested_view,A3,0
679,mutable_view,A3,0
679,blocking_view,A3,0
679,nested_view,A4,0
679,mutable_view,A4,0
679,blocking_view,A4,0
679,nested_view,A5,0
679,mutable_view,A5,1
679,blocking_view,A5,0
679,nested_view,A6,0
679,mutable_view,A6,0
679,blocking_view,A6,1
680,nested_view,A1,0
680,mutable_view,A1,0
680,blocking_view,A1,0
680,nested_view,A2,0
680,mutable_view,A2,0
680,blocking_view,A2,0
680,nested_view,A3,0
680,mutable_view,A3,0
680,blocking_view,A3,0
680,nested_view,A4,0
680,mutable_view,A4,0
680,blocking_view,A4,0
680,nested_view,A5,0
680,mutable_view,A5,0
680,blocking_view,A5,0
680,nested_view,A6,0
680,mutable_view,A6,0
680,blocking_view,A6,0
681,nested_view,A1,0
681,mutable_view,A1,0
681,blocking_view,A1,0
681,nested_view,A2,0
681,mutable_view,A2,0
681,blocking_view,A2,0
681,nested_view,A3,0
681,mutable_view,A3,0
681,blocking_view,A3,0
681,nested_view,A4,0
681,mutable_view,A4,0
681,blocking_view,A4,0
681,nested_view,A5,0
681,mutable_view,A5,0
681,blocking_view,A5,0
681,nested_view,A6,0
681,mutable_view,A6,0
681,blocking_view,A6,0
682,nested_view,A1,1
682,mutable_view,A1,1
682,blocking_view,A1,0
682,nested_view,A2,1
682,mutable_view,A2,1
682,blocking_view,A2,0
682,nested_view,A3,1
682,mutable_view,A3,1
682,blocking_view,A3,0
682,nested_view,A4,1
682,mutable_view,A4,1
682,blocking_view,A4,0
682,nested_view,A5,1
682,mutable_view,A5,1
682,blocking_view,A5,0
682,nested_view,A6,0
682,mutable_view,A6,0
682,blocking_view,A6,0
683,nested_view,A1,1
683,mutable_view,A1,1
683,blocking_view,A1,0
683,nested_view,A2,1
683,mutable_view,A2,1
683,blocking_view,A2,0
683,nested_view,A3,1
683,mutable_view,A3,1
683,blocking_view,A3,0
683,nested_view,A4,1
683,mutable_view,A4,1
683,blocking_view,A4,0
683,nested_view,A5,1
683,mutable_view,A5,1
683,blocking_view,A5,0
683,nested_view,A6,0
683,mutable_view,A6,1
683,blocking_view,A6,0
684,nested_view,A1,1
684,mutable_view,A1,1
684,blocking_view,A1,0
684,nested_view,A2,1
684,mutable_view,A2,1
684,blocking_view,A2,0
684,nested_view,A3,1
684,mutable_view,A3,1
684,blocking_view,A3,0
684,nested_view,A4,1
684,mutable_view,A4,1
684,blocking_view,A4,0
684,nested_view,A5,1
684,mutable_view,A5,1
684,blocking_view,A5,0
684,nested_view,A6,0
684,mutable_view,A6,0
684,blocking_view,A6,0
685,nested_view,A1,1
685,mutable_view,A1,1
685,blocking_view,A1,0
685,nested_view,A2,1
685,mutable_view,A2,1
685,blocking_view,A2,0
685,nested_view,A3,1
685,mutable_view,A3,1
685,blocking_view,A3,0
685,nested_view,A4,1
685,mutable_view,A4,1
685,blocking_view,A4,0
685,nested_view,A5,1
685,mutable_view,A5,1
685,blocking_view,A5,0
685,nested_view,A6,0
685,mutable_view,A6,0
685,blocking_view,A6,0
686,nested_view,A1,1
686,mutable_view,A1,1
686,blocking_view,A1,1
686,nested_view,A2,1
686,mutable_view,A2,1
686,blocking_view,A2,1
686,nested_view,A3,1
686,mutable_view,A3,1
686,blocking_view,A3,1
686,nested_view,A4,1
686,mutable_view,A4,1
686,blocking_view,A4,0
686,nested_view,A5,1
686,mutable_view,A5,1
686,blocking_view,A5,1
686,nested_view,A6,0
686,mutable_view,A6,0
686,blocking_view,A6,0
687,nested_view,A1,1
687,mutable_view,A1,0
687,blocking_view,A1,1
687,nested_view,A2,1
687,mutable_view,A2,0
687,blocking_view,A2,1
687,nested_view,A3,1
687,mutable_view,A3,0
687,blocking_view,A3,1
687,nested_view,A4,1
687,mutable_view,A4,0
687,blocking_view,A4,0
687,nested_view,A5,1
687,mutable_view,A5,0
687,blocking_view,A5,1
687,nested_view,A6,0
687,mutable_view,A6,1
687,blocking_view,A6,1
688,nested_view,A1,1
688,mutable_view,A1,1
688,blocking_view,A1,1
688,nested_view,A2,1
688,mutable_view,A2,1
688,blocking_view,A2,1
688,nested_view,A3,1
688,mutable_view,A3,1
688,blocking_view,A3,1
688,nested_view,A4,1
688,mutable_view,A4,1
688,blocking_view,A4,0
688,nested_view,A5,1
688,mutable_view,A5,1
688,blocking_view,A5,1
688,nested_view,A6,0
688,mutable_view,A6,1
688,blocking_view,A6,1
689,nested_view,A1,1
689,mutable_view,A1,1
689,blocking_view,A1,1
689,nested_view,A2,1
689,mutable_view,A2,1
689,blocking_view,A2,1
689,nested_view,A3,1
689,mutable_view,A3,1
689,blocking_view,A3,1
689,nested_view,A4,1
689,mutable_view,A4,1
689,blocking_view,A4,0
689,nested_view,A5,1
689,mutable_view,A5,1
689,blocking_view,A5,1
689,nested_view,A6,0
689,mutable_view,A6,0
689,blocking_view,A6,0
690,nested_view,A1,1
690,mutable_view,A1,1
690,blocking_view,A1,0
690,nested_view,A2,1
690,mutable_view,A2,1
690,blocking_view,A2,0
690,nested_view,A3,1
690,mutable_view,A3,1
690,blocking_view,A3,0
690,nested_view,A4,1
690,mutable_view,A4,1
690,blocking_view,A4,0
690,nested_view,A5,1
690,mutable_view,A5,1
690,blocking_view,A5,0
690,nested_view,A6,0
690,mutable_view,A6,1
690,blocking_view,A6,1
691,nested_view,A1,0
691,mutable_view,A1,0
691,blocking_view,A1,0
691,nested_view,A2,0
691,mutable_view,A2,0
691,blocking_view,A2,0
691,nested_view,A3,0
691,mutable_view,A3,0
691,blocking_view,A3,0
691,nested_view,A4,0
691,mutable_view,A4,0
691,blocking_view,A4,0
691,nested_view,A5,0
691,mutable_view,A5,0
691,blocking_view,A5,0
691,nested_view,A6,0
691,mutable_view,A6,0
691,blocking_view,A6,0
692,nested_view,A1,0
692,mutable_view,A1,0
692,blocking_view,A1,0
692,nested_view,A2,0
692,mutable_view,A2,0
692,blocking_view,A2,0
692,nested_view,A3,0
692,mutable_view,A3,0
692,blocking_view,A3,0
692,nested_view,A4,0
692,mutable_view,A4,0
692,blocking_view,A4,0
692,nested_view,A5,0
692,mutable_view,A5,0
692,blocking_view,A5,0
692,nested_view,A6,0
692,mutable_view,A6,0
692,blocking_view,A6,0
693,nested_view,A1,0
693,mutable_view,A1,0
693,blocking_view,A1,0
693,nested_view,A2,0
693,mutable_view,A2,0
693,blocking_view,A2,0
693,nested_view,A3,0
693,mutable_view,A3,0
693,blocking_view,A3,0
693,nested_view,A4,0
693,mutable_view,A4,0
693,blocking_view,A4,0
693,nested_view,A5,0
693,mutable_view,A5,1
693,blocking_view,A5,0
693,nested_view,A6,0
693,mutable_view,A6,0
693,blocking_view,A6,0
694,nested_view,A1,0
694,mutable_view,A1,0
694,blocking_view,A1,0
694,nested_view,A2,0
694,mutable_view,A2,0
694,blocking_view,A2,0
694,nested_view,A3,0
694,mutable_view,A3,0
694,blocking_view,A3,0
694,nested_view,A4,0
694,mutable_view,A4,0
694,blocking_view,A4,0
694,nested_view,A5,0
694,mutable_view,A5,1
694,blocking_view,A5,0
694,nested_view,A6,0
694,mutable_view,A6,0
694,blocking_view,A6,0
695,nested_view,A1,1
695,mutable_view,A1,1
695,blocking_view,A1,1
695,nested_view,A2,1
695,mutable_view,A2,1
695,blocking_view,A2,1
695,nested_view,A3,1
695,mutable_view,A3,1
695,blocking_view,A3,0
695,nested_view,A4,0
695,mutable_view,A4,1
695,blocking_view,A4,0
695,nested_view,A5,1
695,mutable_view,A5,0
695,blocking_view,A5,0
695,nested_view,A6,0
695,mutable_view,A6,0
695,blocking_view,A6,0
696,nested_view,A1,0
696,mutable_view,A1,0
696,blocking_view,A1,0
696,nested_view,A2,0
696,mutable_view,A2,0
696,blocking_view,A2,0
696,nested_view,A3,0
696,mutable_view,A3,0
696,blocking_view,A3,0
696,nested_view,A4,0
696,mutable_view,A4,0
696,blocking_view,A4,0
696,nested_view,A5,0
696,mutable_view,A5,1
696,blocking_view,A5,0
696,nested_view,A6,0
696,mutable_view,A6,0
696,blocking_view,A6,0
697,nested_view,A1,1
697,mutable_view,A1,1
697,blocking_view,A1,0
697,nested_view,A2,1
697,mutable_view,A2,1
697,blocking_view,A2,0
697,nested_view,A3,1
697,mutable_view,A3,1
697,blocking_view,A3,0
697,nested_view,A4,0
697,mutable_view,A4,1
697,blocking_view,A4,0
697,nested_view,A5,1
697,mutable_view,A5,1
697,blocking_view,A5,0
697,nested_view,A6,0
697,mutable_view,A6,1
697,blocking_view,A6,1
698,nested_view,A1,0
698,mutable_view,A1,0
698,blocking_view,A1,0
698,nested_view,A2,0
698,mutable_view,A2,0
698,blocking_view,A2,0
698,nested_view,A3,0
698,mutable_view,A3,0
698,blocking_view,A3,0
698,nested_view,A4,0
698,mutable_view,A4,0
698,blocking_view,A4,0
698,nested_view,A5,0
698,mutable_view,A5,0
698,blocking_view,A5,0
698,nested_view,A6,0
698,mutable_view,A6,0
698,blocking_view,A6,0
699,nested_view,A1,1
699,mutable_view,A1,1
699,blocking_view,A1,0
699,nested_view,A2,1
699,mutable_view,A2,1
699,blocking_view,A2,0
699,nested_view,A3,1
699,mutable_view,A3,1
699,blocking_view,A3,0
699,nested_view,A4,1
699,mutable_view,A4,1
699,blocking_view,A4,0
699,nested_view,A5,1
699,mutable_view,A5,1
699,blocking_view,A5,1
699,nested_view,A6,0
699,mutable_view,A6,0
699,blocking_view,A6,0
700,nested_view,A1,1
700,mutable_view,A1,1
700,blocking_view,A1,1
700,nested_view,A2,1
700,mutable_view,A2,1
700,blocking_view,A2,1
700,nested_view,A3,1
700,mutable_view,A3,1
700,blocking_view,A3,1
700,nested_view,A4,1
700,mutable_view,A4,1
700,blocking_view,A4,0
700,nested_view,A5,1
700,mutable_view,A5,1
700,blocking_view,A5,1
700,nested_view,A6,0
700,mutable_view,A6,0
700,blocking_view,A6,0
701,nested_view,A1,1
701,mutable_view,A1,1
701,blocking_view,A1,0
701,nested_view,A2,1
701,mutable_view,A2,1
701,blocking_view,A2,0
701,nested_view,A3,1
701,mutable_view,A3,1
701,blocking_view,A3,0
701,nested_view,A4,1
701,mutable_view,A4,1
701,blocking_view,A4,0
701,nested_view,A5,0
701,mutable_view,A5,1
701,blocking_view,A5,0
701,nested_view,A6,0
701,mutable_view,A6,0
701,blocking_view,A6,0
702,nested_view,A1,0
702,mutable_view,A1,0
702,blocking_view,A1,0
702,nested_view,A2,0
702,mutable_view,A2,0
702,blocking_view,A2,0
702,nested_view,A3,0
702,mutable_view,A3,0
702,blocking_view,A3,0
702,nested_view,A4,0
702,mutable_view,A4,0
702,blocking_view,A4,0
702,nested_view,A5,0
702,mutable_view,A5,1
702,blocking_view,A5,0
702,nested_view,A6,0
702,mutable_view,A6,0
702,blocking_view,A6,0
703,nested_view,A1,0
703,mutable_view,A1,0
703,blocking_view,A1,0
703,nested_view,A2,0
703,mutable_view,A2,0
703,blocking_view,A2,0
703,nested_view,A3,0
703,mutable_view,A3,0
703,blocking_view,A3,0
703,nested_view,A4,0
703,mutable_view,A4,0
703,blocking_view,A4,0
703,nested_view,A5,0
703,mutable_view,A5,0
703,blocking_view,A5,1
703,nested_view,A6,0
703,mutable_view,A6,0
703,blocking_view,A6,0
704,nested_view,A1,1
704,mutable_view,A1,1
704,blocking_view,A1,1
704,nested_view,A2,1
704,mutable_view,A2,1
704,blocking_view,A2,1
704,nested_view,A3,1
704,mutable_view,A3,1
704,blocking_view,A3,1
704,nested_view,A4,0
704,mutable_view,A4,1
704,blocking_view,A4,0
704,nested_view,A5,1
704,mutable_view,A5,0
704,blocking_view,A5,1
704,nested_view,A6,0
704,mutable_view,A6,1
704,blocking_view,A6,1
705,nested_view,A1,0
705,mutable_view,A1,0
705,blocking_view,A1,0
705,nested_view,A2,0
705,mutable_view,A2,0
705,blocking_view,A2,0
705,nested_view,A3,0
705,mutable_view,A3,0
705,blocking_view,A3,0
705,nested_view,A4,0
705,mutable_view,A4,0
705,blocking_view,A4,0
705,nested_view,A5,0
705,mutable_view,A5,0
705,blocking_view,A5,0
705,nested_view,A6,0
705,mutable_view,A6,0
705,blocking_view,A6,0
706,nested_view,A1,0
706,mutable_view,A1,0
706,blocking_view,A1,0
706,nested_view,A2,0
706,mutable_view,A2,0
706,blocking_view,A2,0
706,nested_view,A3,0
706,mutable_view,A3,0
706,blocking_view,A3,0
706,nested_view,A4,0
706,mutable_view,A4,0
706,blocking_view,A4,0
706,nested_view,A5,0
706,mutable_view,A5,0
706,blocking_view,A5,0
706,nested_view,A6,0
706,mutable_view,A6,0
706,blocking_view,A6,0
707,nested_view,A1,1
707,mutable_view,A1,1
707,blocking_view,A1,1
707,nested_view,A2,1
707,mutable_view,A2,1
707,blocking_view,A2,1
707,nested_view,A3,1
707,mutable_view,A3,1
707,blocking_view,A3,1
707,nested_view,A4,1
707,mutable_view,A4,1
707,blocking_view,A4,0
707,nested_view,A5,1
707,mutable_view,A5,1
707,blocking_view,A5,0
707,nested_view,A6,0
707,mutable_view,A6,1
707,blocking_view,A6,1
708,nested_view,A1,1
708,mutable_view,A1,1
708,blocking_view,A1,1
708,nested_view,A2,1
708,mutable_view,A2,1
708,blocking_view,A2,1
708,nested_view,A3,1
708,mutable_view,A3,1
708,blocking_view,A3,1
708,nested_view,A4,1
708,mutable_view,A4,1
708,blocking_view,A4,0
708,nested_view,A5,1
708,mutable_view,A5,1
708,blocking_view,A5,1
708,nested_view,A6,0
708,mutable_view,A6,1
708,blocking_view,A6,1
709,nested_view,A1,1
709,mutable_view,A1,1
709,blocking_view,A1,1
709,nested_view,A2,1
709,mutable_view,A2,1
709,blocking_view,A2,1
709,nested_view,A3,1
709,mutable_view,A3,1
709,blocking_view,A3,1
709,nested_view,A4,1
709,mutable_view,A4,1
709,blocking_view,A4,0
709,nested_view,A5,1
709,mutable_view,A5,1
709,blocking_view,A5,1
709,nested_view,A6,0
709,mutable_view,A6,1
709,blocking_view,A6,1
710,nested_view,A1,1
710,mutable_view,A1,1
710,blocking_view,A1,0
710,nested_view,A2,1
710,mutable_view,A2,1
710,blocking_view,A2,0
710,nested_view,A3,1
710,mutable_view,A3,1
710,blocking_view,A3,0
710,nested_view,A4,1
710,mutable_view,A4,1
710,blocking_view,A4,0
710,nested_view,A5,1
710,mutable_view,A5,1
710,blocking_view,A5,0
710,nested_view,A6,0
710,mutable_view,A6,0
710,blocking_view,A6,0
711,nested_view,A1,0
711,mutable_view,A1,0
711,blocking_view,A1,0
711,nested_view,A2,0
711,mutable_view,A2,0
711,blocking_view,A2,0
711,nested_view,A3,0
711,mutable_view,A3,0
711,blocking_view,A3,0
711,nested_view,A4,0
711,mutable_view,A4,0
711,blocking_view,A4,0
711,nested_view,A5,0
711,mutable_view,A5,0
711,blocking_view,A5,0
711,nested_view,A6,0
711,mutable_view,A6,0
711,blocking_view,A6,0
712,nested_view,A1,1
712,mutable_view,A1,1
712,blocking_view,A1,0
712,nested_view,A2,1
712,mutable_view,A2,1
712,blocking_view,A2,0
712,nested_view,A3,1
712,mutable_view,A3,1
712,blocking_view,A3,0
712,nested_view,A4,1
712,mutable_view,A4,1
712,blocking_view,A4,0
712,nested_view,A5,1
712,mutable_view,A5,1
712,blocking_view,A5,0
712,nested_view,A6,0
712,mutable_view,A6,0
712,blocking_view,A6,0
713,nested_view,A1,1
713,mutable_view,A1,1
713,blocking_view,A1,0
713,nested_view,A2,1
713,mutable_view,A2,1
713,blocking_view,A2,0
713,nested_view,A3,1
713,mutable_view,A3,1
713,blocking_view,A3,0
713,nested_view,A4,1
713,mutable_view,A4,1
713,blocking_view,A4,0
713,nested_view,A5,1
713,mutable_view,A5,0
713,blocking_view,A5,0
713,nested_view,A6,0
713,mutable_view,A6,0
713,blocking_view,A6,0
714,nested_view,A1,1
714,mutable_view,A1,1
714,blocking_view,A1,0
714,nested_view,A2,1
714,mutable_view,A2,1
714,blocking_view,A2,0
714,nested_view,A3,1
714,mutable_view,A3,1
714,blocking_view,A3,0
714,nested_view,A4,1
714,mutable_view,A4,1
714,blocking_view,A4,0
714,nested_view,A5,1
714,mutable_view,A5,1
714,blocking_view,A5,0
714,nested_view,A6,0
714,mutable_view,A6,0
714,blocking_view,A6,0
715,nested_view,A1,0
715,mutable_view,A1,0
715,blocking_view,A1,0
715,nested_view,A2,0
715,mutable_view,A2,0
715,blocking_view,A2,0
715,nested_view,A3,0
715,mutable_view,A3,0
715,blocking_view,A3,0
715,nested_view,A4,0
715,mutable_view,A4,0
715,blocking_view,A4,0
715,nested_view,A5,0
715,mutable_view,A5,0
715,blocking_view,A5,0
715,nested_view,A6,0
715,mutable_view,A6,0
715,blocking_view,A6,0
716,nested_view,A1,1
716,mutable_view,A1,1
716,blocking_view,A1,0
716,nested_view,A2,1
716,mutable_view,A2,1
716,blocking_view,A2,0
716,nested_view,A3,1
716,mutable_view,A3,1
716,blocking_view,A3,0
716,nested_view,A4,1
716,mutable_view,A4,1
716,blocking_view,A4,0
716,nested_view,A5,1
716,mutable_view,A5,1
716,blocking_view,A5,0
716,nested_view,A6,0
716,mutable_view,A6,0
716,blocking_view,A6,0
717,nested_view,A1,1
717,mutable_view,A1,1
717,blocking_view,A1,0
717,nested_view,A2,1
717,mutable_view,A2,1
717,blocking_view,A2,0
717,nested_view,A3,1
717,mutable_view,A3,1
717,blocking_view,A3,0
717,nested_view,A4,1
717,mutable_view,A4,1
717,blocking_view,A4,0
717,nested_view,A5,1
717,mutable_view,A5,1
717,blocking_view,A5,0
717,nested_view,A6,0
717,mutable_view,A6,0
717,blocking_view,A6,0
718,nested_view,A1,1
718,mutable_view,A1,1
718,blocking_view,A1,0
718,nested_view,A2,1
718,mutable_view,A2,1
718,blocking_view,A2,0
718,nested_view,A3,1
718,mutable_view,A3,1
718,blocking_view,A3,0
718,nested_view,A4,1
718,mutable_view,A4,1
718,blocking_view,A4,0
718,nested_view,A5,1
718,mutable_view,A5,1
718,blocking_view,A5,0
718,nested_view,A6,0
718,mutable_view,A6,0
718,blocking_view,A6,0
719,nested_view,A1,1
719,mutable_view,A1,1
719,blocking_view,A1,0
719,nested_view,A2,1
719,mutable_view,A2,1
719,blocking_view,A2,0
719,nested_view,A3,1
719,mutable_view,A3,1
719,blocking_view,A3,0
719,nested_view,A4,1
719,mutable_view,A4,1
719,blocking_view,A4,0
719,nested_view,A5,1
719,mutable_view,A5,1
719,blocking_view,A5,0
719,nested_view,A6,0
719,mutable_view,A6,0
719,blocking_view,A6,0
720,nested_view,A1,0
720,mutable_view,A1,0
720,blocking_view,A1,0
720,nested_view,A2,0
720,mutable_view,A2,0
720,blocking_view,A2,0
720,nested_view,A3,0
720,mutable_view,A3,0
720,blocking_view,A3,0
720,nested_view,A4,0
720,mutable_view,A4,0
720,blocking_view,A4,0
720,nested_view,A5,0
720,mutable_view,A5,1
720,blocking_view,A5,0
720,nested_view,A6,0
720,mutable_view,A6,0
720,blocking_view,A6,0
721,nested_view,A1,0
721,mutable_view,A1,0
721,blocking_view,A1,0
721,nested_view,A2,0
721,mutable_view,A2,0
721,blocking_view,A2,0
721,nested_view,A3,0
721,mutable_view,A3,0
721,blocking_view,A3,0
721,nested_view,A4,0
721,mutable_view,A4,0
721,blocking_view,A4,0
721,nested_view,A5,0
721,mutable_view,A5,0
721,blocking_view,A5,0
721,nested_view,A6,0
721,mutable_view,A6,0
721,blocking_view,A6,0
722,nested_view,A1,1
722,mutable_view,A1,1
722,blocking_view,A1,0
722,nested_view,A2,1
722,mutable_view,A2,1
722,blocking_view,A2,0
722,nested_view,A3,1
722,mutable_view,A3,1
722,blocking_view,A3,0
722,nested_view,A4,1
722,mutable_view,A4,1
722,blocking_view,A4,0
722,nested_view,A5,1
722,mutable_view,A5,1
722,blocking_view,A5,1
722,nested_view,A6,0
722,mutable_view,A6,0
722,blocking_view,A6,0
723,nested_view,A1,1
723,mutable_view,A1,1
723,blocking_view,A1,0
723,nested_view,A2,1
723,mutable_view,A2,1
723,blocking_view,A2,0
723,nested_view,A3,1
723,mutable_view,A3,1
723,blocking_view,A3,0
723,nested_view,A4,1
723,mutable_view,A4,1
723,blocking_view,A4,0
723,nested_view,A5,1
723,mutable_view,A5,1
723,blocking_view,A5,0
723,nested_view,A6,0
723,mutable_view,A6,0
723,blocking_view,A6,0
724,nested_view,A1,0
724,mutable_view,A1,0
724,blocking_view,A1,0
724,nested_view,A2,0
724,mutable_view,A2,0
724,blocking_view,A2,0
724,nested_view,A3,0
724,mutable_view,A3,0
724,blocking_view,A3,0
724,nested_view,A4,0
724,mutable_view,A4,0
724,blocking_view,A4,0
724,nested_view,A5,0
724,mutable_view,A5,0
724,blocking_view,A5,0
724,nested_view,A6,0
724,mutable_view,A6,0
724,blocking_view,A6,0
725,nested_view,A1,0
725,mutable_view,A1,0
725,blocking_view,A1,0
725,nested_view,A2,0
725,mutable_view,A2,0
725,blocking_view,A2,0
725,nested_view,A3,0
725,mutable_view,A3,0
725,blocking_view,A3,0
725,nested_view,A4,0
725,mutable_view,A4,0
725,blocking_view,A4,0
725,nested_view,A5,0
725,mutable_view,A5,0
725,blocking_view,A5,0
725,nested_view,A6,0
725,mutable_view,A6,0
725,blocking_view,A6,0
726,nested_view,A1,1
726,mutable_view,A1,1
726,blocking_view,A1,0
726,nested_view,A2,1
726,mutable_view,A2,1
726,blocking_view,A2,0
726,nested_view,A3,1
726,mutable_view,A3,1
726,blocking_view,A3,0
726,nested_view,A4,1
726,mutable_view,A4,1
726,blocking_view,A4,0
726,nested_view,A5,1
726,mutable_view,A5,0
726,blocking_view,A5,0
726,nested_view,A6,0
726,mutable_view,A6,0
726,blocking_view,A6,0
727,nested_view,A1,1
727,mutable_view,A1,1
727,blocking_view,A1,0
727,nested_view,A2,1
727,mutable_view,A2,1
727,blocking_view,A2,0
727,nested_view,A3,1
727,mutable_view,A3,1
727,blocking_view,A3,0
727,nested_view,A4,1
727,mutable_view,A4,1
727,blocking_view,A4,0
727,nested_view,A5,1
727,mutable_view,A5,1
727,blocking_view,A5,0
727,nested_view,A6,0
727,mutable_view,A6,0
727,blocking_view,A6,0
728,nested_view,A1,1
728,mutable_view,A1,1
728,blocking_view,A1,0
728,nested_view,A2,1
728,mutable_view,A2,1
728,blocking_view,A2,0
728,nested_view,A3,1
728,mutable_view,A3,1
728,blocking_view,A3,0
728,nested_view,A4,1
728,mutable_view,A4,1
728,blocking_view,A4,0
728,nested_view,A5,1
728,mutable_view,A5,1
728,blocking_view,A5,0
728,nested_view,A6,0
728,mutable_view,A6,0
728,blocking_view,A6,0
729,nested_view,A1,1
729,mutable_view,A1,1
729,blocking_view,A1,0
729,nested_view,A2,1
729,mutable_view,A2,1
729,blocking_view,A2,0
729,nested_view,A3,1
729,mutable_view,A3,1
729,blocking_view,A3,0
729,nested_view,A4,1
729,mutable_view,A4,1
729,blocking_view,A4,0
729,nested_view,A5,1
729,mutable_view,A5,1
729,blocking_view,A5,0
729,nested_view,A6,0
729,mutable_view,A6,0
729,blocking_view,A6,0
730,nested_view,A1,1
730,mutable_view,A1,1
730,blocking_view,A1,0
730,nested_view,A2,1
730,mutable_view,A2,1
730,blocking_view,A2,0
730,nested_view,A3,1
730,mutable_view,A3,1
730,blocking_view,A3,0
730,nested_view,A4,1
730,mutable_view,A4,1
730,blocking_view,A4,0
730,nested_view,A5,1
730,mutable_view,A5,1
730,blocking_view,A5,0
730,nested_view,A6,0
730,mutable_view,A6,0
730,blocking_view,A6,0
731,nested_view,A1,1
731,mutable_view,A1,1
731,blocking_view,A1,0
731,nested_view,A2,1
731,mutable_view,A2,1
731,blocking_view,A2,0
731,nested_view,A3,1
731,mutable_view,A3,1
731,blocking_view,A3,0
731,nested_view,A4,1
731,mutable_view,A4,1
731,blocking_view,A4,0
731,nested_view,A5,1
731,mutable_view,A5,0
731,blocking_view,A5,0
731,nested_view,A6,0
731,mutable_view,A6,0
731,blocking_view,A6,0
732,nested_view,A1,1
732,mutable_view,A1,1
732,blocking_view,A1,0
732,nested_view,A2,1
732,mutable_view,A2,1
732,blocking_view,A2,0
732,nested_view,A3,1
732,mutable_view,A3,1
732,blocking_view,A3,0
732,nested_view,A4,1
732,mutable_view,A4,1
732,blocking_view,A4,0
732,nested_view,A5,1
732,mutable_view,A5,1
732,blocking_view,A5,0
732,nested_view,A6,0
732,mutable_view,A6,0
732,blocking_view,A6,0
733,nested_view,A1,1
733,mutable_view,A1,1
733,blocking_view,A1,0
733,nested_view,A2,1
733,mutable_view,A2,1
733,blocking_view,A2,0
733,nested_view,A3,1
733,mutable_view,A3,1
733,blocking_view,A3,0
733,nested_view,A4,1
733,mutable_view,A4,1
733,blocking_view,A4,0
733,nested_view,A5,1
733,mutable_view,A5,1
733,blocking_view,A5,0
733,nested_view,A6,0
733,mutable_view,A6,0
733,blocking_view,A6,0
734,nested_view,A1,1
734,mutable_view,A1,1
734,blocking_view,A1,0
734,nested_view,A2,1
734,mutable_view,A2,1
734,blocking_view,A2,0
734,nested_view,A3,1
734,mutable_view,A3,1
734,blocking_view,A3,0
734,nested_view,A4,1
734,mutable_view,A4,1
734,blocking_view,A4,0
734,nested_view,A5,1
734,mutable_view,A5,1
734,blocking_view,A5,0
734,nested_view,A6,0
734,mutable_view,A6,0
734,blocking_view,A6,0
735,nested_view,A1,1
735,mutable_view,A1,1
735,blocking_view,A1,0
735,nested_view,A2,1
735,mutable_view,A2,1
735,blocking_view,A2,0
735,nested_view,A3,1
735,mutable_view,A3,1
735,blocking_view,A3,0
735,nested_view,A4,1
735,mutable_view,A4,1
735,blocking_view,A4,0
735,nested_view,A5,1
735,mutable_view,A5,1
735,blocking_view,A5,0
735,nested_view,A6,0
735,mutable_view,A6,0
735,blocking_view,A6,0
736,nested_view,A1,1
736,mutable_view,A1,1
736,blocking_view,A1,0
736,nested_view,A2,1
736,mutable_view,A2,1
736,blocking_view,A2,0
736,nested_view,A3,1
736,mutable_view,A3,1
736,blocking_view,A3,0
736,nested_view,A4,1
736,mutable_view,A4,1
736,blocking_view,A4,0
736,nested_view,A5,1
736,mutable_view,A5,1
736,blocking_view,A5,0
736,nested_view,A6,0
736,mutable_view,A6,0
736,blocking_view,A6,0
737,nested_view,A1,1
737,mutable_view,A1,1
737,blocking_view,A1,0
737,nested_view,A2,1
737,mutable_view,A2,1
737,blocking_view,A2,0
737,nested_view,A3,1
737,mutable_view,A3,1
737,blocking_view,A3,0
737,nested_view,A4,1
737,mutable_view,A4,1
737,blocking_view,A4,0
737,nested_view,A5,0
737,mutable_view,A5,1
737,blocking_view,A5,0
737,nested_view,A6,0
737,mutable_view,A6,0
737,blocking_view,A6,0
738,nested_view,A1,1
738,mutable_view,A1,1
738,blocking_view,A1,0
738,nested_view,A2,1
738,mutable_view,A2,1
738,blocking_view,A2,0
738,nested_view,A3,1
738,mutable_view,A3,1
738,blocking_view,A3,0
738,nested_view,A4,1
738,mutable_view,A4,1
738,blocking_view,A4,0
738,nested_view,A5,1
738,mutable_view,A5,0
738,blocking_view,A5,0
738,nested_view,A6,0
738,mutable_view,A6,1
738,blocking_view,A6,0
739,nested_view,A1,1
739,mutable_view,A1,1
739,blocking_view,A1,1
739,nested_view,A2,1
739,mutable_view,A2,1
739,blocking_view,A2,1
739,nested_view,A3,1
739,mutable_view,A3,1
739,blocking_view,A3,1
739,nested_view,A4,1
739,mutable_view,A4,1
739,blocking_view,A4,0
739,nested_view,A5,1
739,mutable_view,A5,1
739,blocking_view,A5,1
739,nested_view,A6,0
739,mutable_view,A6,0
739,blocking_view,A6,0
740,nested_view,A1,1
740,mutable_view,A1,1
740,blocking_view,A1,1
740,nested_view,A2,1
740,mutable_view,A2,1
740,blocking_view,A2,1
740,nested_view,A3,1
740,mutable_view,A3,1
740,blocking_view,A3,0
740,nested_view,A4,1
740,mutable_view,A4,1
740,blocking_view,A4,0
740,nested_view,A5,1
740,mutable_view,A5,1
740,blocking_view,A5,0
740,nested_view,A6,0
740,mutable_view,A6,0
740,blocking_view,A6,0
741,nested_view,A1,1
741,mutable_view,A1,1
741,blocking_view,A1,0
741,nested_view,A2,1
741,mutable_view,A2,1
741,blocking_view,A2,0
741,nested_view,A3,1
741,mutable_view,A3,1
741,blocking_view,A3,0
741,nested_view,A4,1
741,mutable_view,A4,1
741,blocking_view,A4,0
741,nested_view,A5,1
741,mutable_view,A5,1
741,blocking_view,A5,0
741,nested_view,A6,0
741,mutable_view,A6,0
741,blocking_view,A6,0
742,nested_view,A1,1
742,mutable_view,A1,1
742,blocking_view,A1,1
742,nested_view,A2,1
742,mutable_view,A2,1
742,blocking_view,A2,1
742,nested_view,A3,1
742,mutable_view,A3,1
742,blocking_view,A3,1
742,nested_view,A4,1
742,mutable_view,A4,1
742,blocking_view,A4,0
742,nested_view,A5,1
742,mutable_view,A5,1
742,blocking_view,A5,1
742,nested_view,A6,1
742,mutable_view,A6,1
742,blocking_view,A6,1
743,nested_view,A1,1
743,mutable_view,A1,1
743,blocking_view,A1,1
743,nested_view,A2,1
743,mutable_view,A2,1
743,blocking_view,A2,1
743,nested_view,A3,1
743,mutable_view,A3,1
743,blocking_view,A3,1
743,nested_view,A4,1
743,mutable_view,A4,1
743,blocking_view,A4,0
743,nested_view,A5,1
743,mutable_view,A5,1
743,blocking_view,A5,0
743,nested_view,A6,1
743,mutable_view,A6,1
743,blocking_view,A6,1
744,nested_view,A1,1
744,mutable_view,A1,1
744,blocking_view,A1,1
744,nested_view,A2,1
744,mutable_view,A2,1
744,blocking_view,A2,1
744,nested_view,A3,1
744,mutable_view,A3,1
744,blocking_view,A3,1
744,nested_view,A4,1
744,mutable_view,A4,1
744,blocking_view,A4,0
744,nested_view,A5,1
744,mutable_view,A5,1
744,blocking_view,A5,1
744,nested_view,A6,0
744,mutable_view,A6,1
744,blocking_view,A6,0
745,nested_view,A1,1
745,mutable_view,A1,1
745,blocking_view,A1,0
745,nested_view,A2,1
745,mutable_view,A2,1
745,blocking_view,A2,0
745,nested_view,A3,1
745,mutable_view,A3,0
745,blocking_view,A3,0
745,nested_view,A4,1
745,mutable_view,A4,0
745,blocking_view,A4,0
745,nested_view,A5,1
745,mutable_view,A5,0
745,blocking_view,A5,0
745,nested_view,A6,0
745,mutable_view,A6,0
745,blocking_view,A6,0
746,nested_view,A1,1
746,mutable_view,A1,1
746,blocking_view,A1,1
746,nested_view,A2,1
746,mutable_view,A2,1
746,blocking_view,A2,1
746,nested_view,A3,1
746,mutable_view,A3,1
746,blocking_view,A3,1
746,nested_view,A4,1
746,mutable_view,A4,1
746,blocking_view,A4,0
746,nested_view,A5,1
746,mutable_view,A5,1
746,blocking_view,A5,0
746,nested_view,A6,0
746,mutable_view,A6,1
746,blocking_view,A6,1
747,nested_view,A1,1
747,mutable_view,A1,1
747,blocking_view,A1,1
747,nested_view,A2,1
747,mutable_view,A2,1
747,blocking_view,A2,1
747,nested_view,A3,1
747,mutable_view,A3,1
747,blocking_view,A3,1
747,nested_view,A4,1
747,mutable_view,A4,1
747,blocking_view,A4,0
747,nested_view,A5,1
747,mutable_view,A5,1
747,blocking_view,A5,1
747,nested_view,A6,0
747,mutable_view,A6,1
747,blocking_view,A6,1
748,nested_view,A1,1
748,mutable_view,A1,1
748,blocking_view,A1,1
748,nested_view,A2,1
748,mutable_view,A2,1
748,blocking_view,A2,1
748,nested_view,A3,1
748,mutable_view,A3,1
748,blocking_view,A3,1
748,nested_view,A4,1
748,mutable_view,A4,1
748,blocking_view,A4,0
748,nested_view,A5,1
748,mutable_view,A5,1
748,blocking_view,A5,0
748,nested_view,A6,0
748,mutable_view,A6,0
748,blocking_view,A6,0
749,nested_view,A1,1
749,mutable_view,A1,1
749,blocking_view,A1,0
749,nested_view,A2,1
749,mutable_view,A2,1
749,blocking_view,A2,0
749,nested_view,A3,1
749,mutable_view,A3,1
749,blocking_view,A3,0
749,nested_view,A4,1
749,mutable_view,A4,1
749,blocking_view,A4,0
749,nested_view,A5,1
749,mutable_view,A5,1
749,blocking_view,A5,0
749,nested_view,A6,0
749,mutable_view,A6,0
749,blocking_view,A6,0
750,nested_view,A1,1
750,mutable_view,A1,1
750,blocking_view,A1,1
750,nested_view,A2,1
750,mutable_view,A2,1
750,blocking_view,A2,1
750,nested_view,A3,1
750,mutable_view,A3,1
750,blocking_view,A3,1
750,nested_view,A4,1
750,mutable_view,A4,1
750,blocking_view,A4,0
750,nested_view,A5,1
750,mutable_view,A5,1
750,blocking_view,A5,1
750,nested_view,A6,0
750,mutable_view,A6,0
750,blocking_view,A6,0
751,nested_view,A1,1
751,mutable_view,A1,1
751,blocking_view,A1,1
751,nested_view,A2,1
751,mutable_view,A2,1
751,blocking_view,A2,1
751,nested_view,A3,1
751,mutable_view,A3,1
751,blocking_view,A3,1
751,nested_view,A4,1
751,mutable_view,A4,1
751,blocking_view,A4,0
751,nested_view,A5,1
751,mutable_view,A5,0
751,blocking_view,A5,1
751,nested_view,A6,0
751,mutable_view,A6,0
751,blocking_view,A6,0
752,nested_view,A1,1
752,mutable_view,A1,1
752,blocking_view,A1,1
752,nested_view,A2,1
752,mutable_view,A2,1
752,blocking_view,A2,1
752,nested_view,A3,1
752,mutable_view,A3,1
752,blocking_view,A3,1
752,nested_view,A4,1
752,mutable_view,A4,1
752,blocking_view,A4,0
752,nested_view,A5,1
752,mutable_view,A5,1
752,blocking_view,A5,1
752,nested_view,A6,0
752,mutable_view,A6,1
752,blocking_view,A6,1
753,nested_view,A1,1
753,mutable_view,A1,1
753,blocking_view,A1,1
753,nested_view,A2,1
753,mutable_view,A2,1
753,blocking_view,A2,1
753,nested_view,A3,1
753,mutable_view,A3,0
753,blocking_view,A3,0
753,nested_view,A4,1
753,mutable_view,A4,1
753,blocking_view,A4,0
753,nested_view,A5,1
753,mutable_view,A5,1
753,blocking_view,A5,0
753,nested_view,A6,0
753,mutable_view,A6,1
753,blocking_view,A6,1
754,nested_view,A1,1
754,mutable_view,A1,1
754,blocking_view,A1,1
754,nested_view,A2,1
754,mutable_view,A2,1
754,blocking_view,A2,1
754,nested_view,A3,1
754,mutable_view,A3,1
754,blocking_view,A3,1
754,nested_view,A4,1
754,mutable_view,A4,1
754,blocking_view,A4,0
754,nested_view,A5,1
754,mutable_view,A5,1
754,blocking_view,A5,1
754,nested_view,A6,0
754,mutable_view,A6,0
754,blocking_view,A6,0
755,nested_view,A1,1
755,mutable_view,A1,1
755,blocking_view,A1,1
755,nested_view,A2,1
755,mutable_view,A2,1
755,blocking_view,A2,1
755,nested_view,A3,1
755,mutable_view,A3,1
755,blocking_view,A3,0
755,nested_view,A4,1
755,mutable_view,A4,1
755,blocking_view,A4,0
755,nested_view,A5,1
755,mutable_view,A5,1
755,blocking_view,A5,0
755,nested_view,A6,0
755,mutable_view,A6,0
755,blocking_view,A6,0
756,nested_view,A1,1
756,mutable_view,A1,1
756,blocking_view,A1,1
756,nested_view,A2,1
756,mutable_view,A2,1
756,blocking_view,A2,1
756,nested_view,A3,1
756,mutable_view,A3,1
756,blocking_view,A3,1
756,nested_view,A4,1
756,mutable_view,A4,1
756,blocking_view,A4,0
756,nested_view,A5,1
756,mutable_view,A5,1
756,blocking_view,A5,1
756,nested_view,A6,0
756,mutable_view,A6,0
756,blocking_view,A6,0
757,nested_view,A1,0
757,mutable_view,A1,0
757,blocking_view,A1,0
757,nested_view,A2,0
757,mutable_view,A2,0
757,blocking_view,A2,0
757,nested_view,A3,0
757,mutable_view,A3,0
757,blocking_view,A3,0
757,nested_view,A4,0
757,mutable_view,A4,0
757,blocking_view,A4,0
757,nested_view,A5,0
757,mutable_view,A5,0
757,blocking_view,A5,0
757,nested_view,A6,0
757,mutable_view,A6,0
757,blocking_view,A6,0
758,nested_view,A1,1
758,mutable_view,A1,1
758,blocking_view,A1,0
758,nested_view,A2,1
758,mutable_view,A2,1
758,blocking_view,A2,0
758,nested_view,A3,1
758,mutable_view,A3,1
758,blocking_view,A3,0
758,nested_view,A4,1
758,mutable_view,A4,1
758,blocking_view,A4,0
758,nested_view,A5,1
758,mutable_view,A5,1
758,blocking_view,A5,0
758,nested_view,A6,1
758,mutable_view,A6,1
758,blocking_view,A6,1
759,nested_view,A1,1
759,mutable_view,A1,1
759,blocking_view,A1,0
759,nested_view,A2,1
759,mutable_view,A2,1
759,blocking_view,A2,0
759,nested_view,A3,1
759,mutable_view,A3,1
759,blocking_view,A3,0
759,nested_view,A4,1
759,mutable_view,A4,1
759,blocking_view,A4,0
759,nested_view,A5,1
759,mutable_view,A5,1
759,blocking_view,A5,1
759,nested_view,A6,1
759,mutable_view,A6,1
759,blocking_view,A6,1
760,nested_view,A1,1
760,mutable_view,A1,1
760,blocking_view,A1,1
760,nested_view,A2,1
760,mutable_view,A2,1
760,blocking_view,A2,1
760,nested_view,A3,1
760,mutable_view,A3,1
760,blocking_view,A3,0
760,nested_view,A4,1
760,mutable_view,A4,1
760,blocking_view,A4,0
760,nested_view,A5,1
760,mutable_view,A5,1
760,blocking_view,A5,0
760,nested_view,A6,0
760,mutable_view,A6,1
760,blocking_view,A6,1
761,nested_view,A1,1
761,mutable_view,A1,1
761,blocking_view,A1,1
761,nested_view,A2,1
761,mutable_view,A2,1
761,blocking_view,A2,1
761,nested_view,A3,1
761,mutable_view,A3,1
761,blocking_view,A3,1
761,nested_view,A4,1
761,mutable_view,A4,1
761,blocking_view,A4,0
761,nested_view,A5,1
761,mutable_view,A5,1
761,blocking_view,A5,1
761,nested_view,A6,0
761,mutable_view,A6,0
761,blocking_view,A6,0
762,nested_view,A1,0
762,mutable_view,A1,0
762,blocking_view,A1,0
762,nested_view,A2,0
762,mutable_view,A2,0
762,blocking_view,A2,0
762,nested_view,A3,0
762,mutable_view,A3,0
762,blocking_view,A3,0
762,nested_view,A4,0
762,mutable_view,A4,0
762,blocking_view,A4,0
762,nested_view,A5,0
762,mutable_view,A5,0
762,blocking_view,A5,0
762,nested_view,A6,0
762,mutable_view,A6,0
762,blocking_view,A6,0
763,nested_view,A1,0
763,mutable_view,A1,0
763,blocking_view,A1,0
763,nested_view,A2,0
763,mutable_view,A2,0
763,blocking_view,A2,0
763,nested_view,A3,0
763,mutable_view,A3,0
763,blocking_view,A3,0
763,nested_view,A4,0
763,mutable_view,A4,0
763,blocking_view,A4,0
763,nested_view,A5,0
763,mutable_view,A5,0
763,blocking_view,A5,0
763,nested_view,A6,0
763,mutable_view,A6,0
763,blocking_view,A6,0
764,nested_view,A1,1
764,mutable_view,A1,1
764,blocking_view,A1,0
764,nested_view,A2,1
764,mutable_view,A2,1
764,blocking_view,A2,0
764,nested_view,A3,1
764,mutable_view,A3,1
764,blocking_view,A3,0
764,nested_view,A4,0
764,mutable_view,A4,1
764,blocking_view,A4,0
764,nested_view,A5,1
764,mutable_view,A5,1
764,blocking_view,A5,1
764,nested_view,A6,0
764,mutable_view,A6,1
764,blocking_view,A6,1
765,nested_view,A1,0
765,mutable_view,A1,0
765,blocking_view,A1,0
765,nested_view,A2,0
765,mutable_view,A2,0
765,blocking_view,A2,0
765,nested_view,A3,0
765,mutable_view,A3,0
765,blocking_view,A3,0
765,nested_view,A4,0
765,mutable_view,A4,0
765,blocking_view,A4,0
765,nested_view,A5,0
765,mutable_view,A5,0
765,blocking_view,A5,0
765,nested_view,A6,0
765,mutable_view,A6,0
765,blocking_view,A6,0
766,nested_view,A1,0
766,mutable_view,A1,0
766,blocking_view,A1,0
766,nested_view,A2,0
766,mutable_view,A2,0
766,blocking_view,A2,0
766,nested_view,A3,0
766,mutable_view,A3,0
766,blocking_view,A3,0
766,nested_view,A4,0
766,mutable_view,A4,0
766,blocking_view,A4,0
766,nested_view,A5,0
766,mutable_view,A5,0
766,blocking_view,A5,0
766,nested_view,A6,0
766,mutable_view,A6,0
766,blocking_view,A6,0
767,nested_view,A1,1
767,mutable_view,A1,1
767,blocking_view,A1,0
767,nested_view,A2,1
767,mutable_view,A2,1
767,blocking_view,A2,0
767,nested_view,A3,1
767,mutable_view,A3,1
767,blocking_view,A3,0
767,nested_view,A4,1
767,mutable_view,A4,1
767,blocking_view,A4,0
767,nested_view,A5,1
767,mutable_view,A5,1
767,blocking_view,A5,0
767,nested_view,A6,0
767,mutable_view,A6,0
767,blocking_view,A6,0
768,nested_view,A1,1
768,mutable_view,A1,1
768,blocking_view,A1,1
768,nested_view,A2,1
768,mutable_view,A2,1
768,blocking_view,A2,1
768,nested_view,A3,1
768,mutable_view,A3,1
768,blocking_view,A3,1
768,nested_view,A4,1
768,mutable_view,A4,1
768,blocking_view,A4,0
768,nested_view,A5,1
768,mutable_view,A5,1
768,blocking_view,A5,1
768,nested_view,A6,0
768,mutable_view,A6,0
768,blocking_view,A6,0
769,nested_view,A1,0
769,mutable_view,A1,0
769,blocking_view,A1,0
769,nested_view,A2,0
769,mutable_view,A2,0
769,blocking_view,A2,0
769,nested_view,A3,0
769,mutable_view,A3,0
769,blocking_view,A3,0
769,nested_view,A4,0
769,mutable_view,A4,0
769,blocking_view,A4,0
769,nested_view,A5,0
769,mutable_view,A5,0
769,blocking_view,A5,0
769,nested_view,A6,0
769,mutable_view,A6,0
769,blocking_view,A6,0
770,nested_view,A1,0
770,mutable_view,A1,0
770,blocking_view,A1,0
770,nested_view,A2,0
770,mutable_view,A2,0
770,blocking_view,A2,0
770,nested_view,A3,0
770,mutable_view,A3,0
770,blocking_view,A3,0
770,nested_view,A4,0
770,mutable_view,A4,0
770,blocking_view,A4,0
770,nested_view,A5,0
770,mutable_view,A5,0
770,blocking_view,A5,0
770,nested_view,A6,0
770,mutable_view,A6,0
770,blocking_view,A6,0
771,nested_view,A1,0
771,mutable_view,A1,0
771,blocking_view,A1,0
771,nested_view,A2,0
771,mutable_view,A2,0
771,blocking_view,A2,0
771,nested_view,A3,0
771,mutable_view,A3,0
771,blocking_view,A3,0
771,nested_view,A4,0
771,mutable_view,A4,0
771,blocking_view,A4,0
771,nested_view,A5,0
771,mutable_view,A5,0
771,blocking_view,A5,0
771,nested_view,A6,0
771,mutable_view,A6,0
771,blocking_view,A6,0
772,nested_view,A1,0
772,mutable_view,A1,0
772,blocking_view,A1,0
772,nested_view,A2,0
772,mutable_view,A2,0
772,blocking_view,A2,0
772,nested_view,A3,0
772,mutable_view,A3,0
772,blocking_view,A3,0
772,nested_view,A4,0
772,mutable_view,A4,0
772,blocking_view,A4,0
772,nested_view,A5,0
772,mutable_view,A5,0
772,blocking_view,A5,0
772,nested_view,A6,0
772,mutable_view,A6,0
772,blocking_view,A6,0
773,nested_view,A1,1
773,mutable_view,A1,1
773,blocking_view,A1,0
773,nested_view,A2,1
773,mutable_view,A2,1
773,blocking_view,A2,0
773,nested_view,A3,1
773,mutable_view,A3,1
773,blocking_view,A3,0
773,nested_view,A4,1
773,mutable_view,A4,1
773,blocking_view,A4,0
773,nested_view,A5,1
773,mutable_view,A5,1
773,blocking_view,A5,0
773,nested_view,A6,0
773,mutable_view,A6,0
773,blocking_view,A6,1
774,nested_view,A1,1
774,mutable_view,A1,1
774,blocking_view,A1,1
774,nested_view,A2,1
774,mutable_view,A2,1
774,blocking_view,A2,1
774,nested_view,A3,1
774,mutable_view,A3,1
774,blocking_view,A3,1
774,nested_view,A4,1
774,mutable_view,A4,1
774,blocking_view,A4,0
774,nested_view,A5,1
774,mutable_view,A5,0
774,blocking_view,A5,1
774,nested_view,A6,0
774,mutable_view,A6,1
774,blocking_view,A6,1
775,nested_view,A1,1
775,mutable_view,A1,1
775,blocking_view,A1,0
775,nested_view,A2,1
775,mutable_view,A2,1
775,blocking_view,A2,0
775,nested_view,A3,1
775,mutable_view,A3,1
775,blocking_view,A3,0
775,nested_view,A4,1
775,mutable_view,A4,1
775,blocking_view,A4,0
775,nested_view,A5,0
775,mutable_view,A5,1
775,blocking_view,A5,0
775,nested_view,A6,0
775,mutable_view,A6,0
775,blocking_view,A6,0
776,nested_view,A1,0
776,mutable_view,A1,0
776,blocking_view,A1,0
776,nested_view,A2,0
776,mutable_view,A2,0
776,blocking_view,A2,0
776,nested_view,A3,0
776,mutable_view,A3,0
776,blocking_view,A3,0
776,nested_view,A4,0
776,mutable_view,A4,0
776,blocking_view,A4,0
776,nested_view,A5,0
776,mutable_view,A5,0
776,blocking_view,A5,0
776,nested_view,A6,0
776,mutable_view,A6,0
776,blocking_view,A6,0
777,nested_view,A1,1
777,mutable_view,A1,1
777,blocking_view,A1,0
777,nested_view,A2,1
777,mutable_view,A2,1
777,blocking_view,A2,0
777,nested_view,A3,1
777,mutable_view,A3,1
777,blocking_view,A3,0
777,nested_view,A4,1
777,mutable_view,A4,1
777,blocking_view,A4,0
777,nested_view,A5,1
777,mutable_view,A5,1
777,blocking_view,A5,0
777,nested_view,A6,0
777,mutable_view,A6,0
777,blocking_view,A6,0
778,nested_view,A1,1
778,mutable_view,A1,1
778,blocking_view,A1,0
778,nested_view,A2,1
778,mutable_view,A2,1
778,blocking_view,A2,0
778,nested_view,A3,1
778,mutable_view,A3,1
778,blocking_view,A3,0
778,nested_view,A4,1
778,mutable_view,A4,1
778,blocking_view,A4,0
778,nested_view,A5,0
778,mutable_view,A5,1
778,blocking_view,A5,0
778,nested_view,A6,0
778,mutable_view,A6,0
778,blocking_view,A6,0
779,nested_view,A1,1
779,mutable_view,A1,1
779,blocking_view,A1,0
779,nested_view,A2,1
779,mutable_view,A2,1
779,blocking_view,A2,0
779,nested_view,A3,1
779,mutable_view,A3,1
779,blocking_view,A3,0
779,nested_view,A4,1
779,mutable_view,A4,1
779,blocking_view,A4,0
779,nested_view,A5,1
779,mutable_view,A5,1
779,blocking_view,A5,0
779,nested_view,A6,0
779,mutable_view,A6,0
779,blocking_view,A6,0
780,nested_view,A1,0
780,mutable_view,A1,0
780,blocking_view,A1,0
780,nested_view,A2,0
780,mutable_view,A2,0
780,blocking_view,A2,0
780,nested_view,A3,0
780,mutable_view,A3,0
780,blocking_view,A3,0
780,nested_view,A4,0
780,mutable_view,A4,0
780,blocking_view,A4,0
780,nested_view,A5,0
780,mutable_view,A5,1
780,blocking_view,A5,0
780,nested_view,A6,0
780,mutable_view,A6,0
780,blocking_view,A6,0
781,nested_view,A1,1
781,mutable_view,A1,1
781,blocking_view,A1,0
781,nested_view,A2,1
781,mutable_view,A2,1
781,blocking_view,A2,0
781,nested_view,A3,1
781,mutable_view,A3,1
781,blocking_view,A3,0
781,nested_view,A4,1
781,mutable_view,A4,1
781,blocking_view,A4,0
781,nested_view,A5,1
781,mutable_view,A5,1
781,blocking_view,A5,0
781,nested_view,A6,0
781,mutable_view,A6,0
781,blocking_view,A6,0
782,nested_view,A1,1
782,mutable_view,A1,1
782,blocking_view,A1,0
782,nested_view,A2,1
782,mutable_view,A2,1
782,blocking_view,A2,0
782,nested_view,A3,1
782,mutable_view,A3,1
782,blocking_view,A3,0
782,nested_view,A4,1
782,mutable_view,A4,1
782,blocking_view,A4,0
782,nested_view,A5,1
782,mutable_view,A5,1
782,blocking_view,A5,0
782,nested_view,A6,0
782,mutable_view,A6,0
782,blocking_view,A6,0
783,nested_view,A1,1
783,mutable_view,A1,1
783,blocking_view,A1,0
783,nested_view,A2,1
783,mutable_view,A2,1
783,blocking_view,A2,0
783,nested_view,A3,1
783,mutable_view,A3,1
783,blocking_view,A3,0
783,nested_view,A4,1
783,mutable_view,A4,1
783,blocking_view,A4,0
783,nested_view,A5,1
783,mutable_view,A5,0
783,blocking_view,A5,0
783,nested_view,A6,0
783,mutable_view,A6,0
783,blocking_view,A6,0
784,nested_view,A1,1
784,mutable_view,A1,1
784,blocking_view,A1,0
784,nested_view,A2,1
784,mutable_view,A2,1
784,blocking_view,A2,0
784,nested_view,A3,1
784,mutable_view,A3,1
784,blocking_view,A3,0
784,nested_view,A4,1
784,mutable_view,A4,1
784,blocking_view,A4,0
784,nested_view,A5,1
784,mutable_view,A5,1
784,blocking_view,A5,0
784,nested_view,A6,0
784,mutable_view,A6,0
784,blocking_view,A6,0
785,nested_view,A1,1
785,mutable_view,A1,1
785,blocking_view,A1,0
785,nested_view,A2,1
785,mutable_view,A2,1
785,blocking_view,A2,0
785,nested_view,A3,1
785,mutable_view,A3,1
785,blocking_view,A3,0
785,nested_view,A4,1
785,mutable_view,A4,1
785,blocking_view,A4,0
785,nested_view,A5,0
785,mutable_view,A5,1
785,blocking_view,A5,0
785,nested_view,A6,0
785,mutable_view,A6,0
785,blocking_view,A6,0
786,nested_view,A1,0
786,mutable_view,A1,0
786,blocking_view,A1,0
786,nested_view,A2,0
786,mutable_view,A2,0
786,blocking_view,A2,0
786,nested_view,A3,0
786,mutable_view,A3,0
786,blocking_view,A3,0
786,nested_view,A4,0
786,mutable_view,A4,0
786,blocking_view,A4,0
786,nested_view,A5,0
786,mutable_view,A5,0
786,blocking_view,A5,0
786,nested_view,A6,0
786,mutable_view,A6,0
786,blocking_view,A6,0
787,nested_view,A1,0
787,mutable_view,A1,0
787,blocking_view,A1,0
787,nested_view,A2,0
787,mutable_view,A2,0
787,blocking_view,A2,0
787,nested_view,A3,0
787,mutable_view,A3,0
787,blocking_view,A3,0
787,nested_view,A4,0
787,mutable_view,A4,0
787,blocking_view,A4,0
787,nested_view,A5,0
787,mutable_view,A5,0
787,blocking_view,A5,0
787,nested_view,A6,0
787,mutable_view,A6,0
787,blocking_view,A6,0
788,nested_view,A1,1
788,mutable_view,A1,1
788,blocking_view,A1,0
788,nested_view,A2,1
788,mutable_view,A2,1
788,blocking_view,A2,0
788,nested_view,A3,1
788,mutable_view,A3,1
788,blocking_view,A3,0
788,nested_view,A4,1
788,mutable_view,A4,1
788,blocking_view,A4,0
788,nested_view,A5,0
788,mutable_view,A5,1
788,blocking_view,A5,0
788,nested_view,A6,0
788,mutable_view,A6,0
788,blocking_view,A6,0
789,nested_view,A1,1
789,mutable_view,A1,1
789,blocking_view,A1,0
789,nested_view,A2,1
789,mutable_view,A2,1
789,blocking_view,A2,0
789,nested_view,A3,1
789,mutable_view,A3,1
789,blocking_view,A3,0
789,nested_view,A4,1
789,mutable_view,A4,1
789,blocking_view,A4,0
789,nested_view,A5,1
789,mutable_view,A5,0
789,blocking_view,A5,0
789,nested_view,A6,0
789,mutable_view,A6,0
789,blocking_view,A6,0
790,nested_view,A1,0
790,mutable_view,A1,0
790,blocking_view,A1,0
790,nested_view,A2,0
790,mutable_view,A2,0
790,blocking_view,A2,0
790,nested_view,A3,0
790,mutable_view,A3,0
790,blocking_view,A3,0
790,nested_view,A4,0
790,mutable_view,A4,0
790,blocking_view,A4,0
790,nested_view,A5,0
790,mutable_view,A5,0
790,blocking_view,A5,0
790,nested_view,A6,0
790,mutable_view,A6,0
790,blocking_view,A6,0
791,nested_view,A1,1
791,mutable_view,A1,1
791,blocking_view,A1,0
791,nested_view,A2,1
791,mutable_view,A2,1
791,blocking_view,A2,0
791,nested_view,A3,1
791,mutable_view,A3,1
791,blocking_view,A3,0
791,nested_view,A4,1
791,mutable_view,A4,1
791,blocking_view,A4,0
791,nested_view,A5,0
791,mutable_view,A5,1
791,blocking_view,A5,0
791,nested_view,A6,0
791,mutable_view,A6,1
791,blocking_view,A6,0
792,nested_view,A1,1
792,mutable_view,A1,1
792,blocking_view,A1,0
792,nested_view,A2,1
792,mutable_view,A2,1
792,blocking_view,A2,0
792,nested_view,A3,1
792,mutable_view,A3,1
792,blocking_view,A3,0
792,nested_view,A4,1
792,mutable_view,A4,1
792,blocking_view,A4,0
792,nested_view,A5,1
792,mutable_view,A5,1
792,blocking_view,A5,0
792,nested_view,A6,0
792,mutable_view,A6,0
792,blocking_view,A6,0
793,nested_view,A1,1
793,mutable_view,A1,1
793,blocking_view,A1,0
793,nested_view,A2,1
793,mutable_view,A2,1
793,blocking_view,A2,0
793,nested_view,A3,1
793,mutable_view,A3,1
793,blocking_view,A3,0
793,nested_view,A4,1
793,mutable_view,A4,1
793,blocking_view,A4,0
793,nested_view,A5,1
793,mutable_view,A5,1
793,blocking_view,A5,0
793,nested_view,A6,0
793,mutable_view,A6,0
793,blocking_view,A6,0
794,nested_view,A1,1
794,mutable_view,A1,1
794,blocking_view,A1,0
794,nested_view,A2,1
794,mutable_view,A2,1
794,blocking_view,A2,0
794,nested_view,A3,1
794,mutable_view,A3,1
794,blocking_view,A3,0
794,nested_view,A4,1
794,mutable_view,A4,1
794,blocking_view,A4,0
794,nested_view,A5,1
794,mutable_view,A5,1
794,blocking_view,A5,0
794,nested_view,A6,0
794,mutable_view,A6,0
794,blocking_view,A6,0
795,nested_view,A1,1
795,mutable_view,A1,1
795,blocking_view,A1,0
795,nested_view,A2,1
795,mutable_view,A2,1
795,blocking_view,A2,0
795,nested_view,A3,1
795,mutable_view,A3,1
795,blocking_view,A3,0
795,nested_view,A4,1
795,mutable_view,A4,1
795,blocking_view,A4,0
795,nested_view,A5,1
795,mutable_view,A5,1
795,blocking_view,A5,0
795,nested_view,A6,0
795,mutable_view,A6,0
795,blocking_view,A6,0
796,nested_view,A1,1
796,mutable_view,A1,1
796,blocking_view,A1,0
796,nested_view,A2,1
796,mutable_view,A2,1
796,blocking_view,A2,0
796,nested_view,A3,1
796,mutable_view,A3,1
796,blocking_view,A3,0
796,nested_view,A4,1
796,mutable_view,A4,1
796,blocking_view,A4,0
796,nested_view,A5,0
796,mutable_view,A5,1
796,blocking_view,A5,0
796,nested_view,A6,0
796,mutable_view,A6,0
796,blocking_view,A6,0
797,nested_view,A1,1
797,mutable_view,A1,1
797,blocking_view,A1,1
797,nested_view,A2,1
797,mutable_view,A2,1
797,blocking_view,A2,1
797,nested_view,A3,1
797,mutable_view,A3,1
797,blocking_view,A3,1
797,nested_view,A4,1
797,mutable_view,A4,1
797,blocking_view,A4,0
797,nested_view,A5,1
797,mutable_view,A5,1
797,blocking_view,A5,1
797,nested_view,A6,0
797,mutable_view,A6,0
797,blocking_view,A6,0
798,nested_view,A1,1
798,mutable_view,A1,1
798,blocking_view,A1,1
798,nested_view,A2,1
798,mutable_view,A2,1
798,blocking_view,A2,1
798,nested_view,A3,1
798,mutable_view,A3,1
798,blocking_view,A3,1
798,nested_view,A4,1
798,mutable_view,A4,1
798,blocking_view,A4,0
798,nested_view,A5,0
798,mutable_view,A5,1
798,blocking_view,A5,1
798,nested_view,A6,0
798,mutable_view,A6,0
798,blocking_view,A6,0
799,nested_view,A1,1
799,mutable_view,A1,1
799,blocking_view,A1,0
799,nested_view,A2,1
799,mutable_view,A2,1
799,blocking_view,A2,0
799,nested_view,A3,1
799,mutable_view,A3,1
799,blocking_view,A3,0
799,nested_view,A4,1
799,mutable_view,A4,1
799,blocking_view,A4,0
799,nested_view,A5,1
799,mutable_view,A5,1
799,blocking_view,A5,1
799,nested_view,A6,0
799,mutable_view,A6,0
799,blocking_view,A6,0
800,nested_view,A1,1
800,mutable_view,A1,1
800,blocking_view,A1,1
800,nested_view,A2,1
800,mutable_view,A2,1
800,blocking_view,A2,1
800,nested_view,A3,1
800,mutable_view,A3,1
800,blocking_view,A3,1
800,nested_view,A4,1
800,mutable_view,A4,1
800,blocking_view,A4,0
800,nested_view,A5,1
800,mutable_view,A5,1
800,blocking_view,A5,1
800,nested_view,A6,1
800,mutable_view,A6,1
800,blocking_view,A6,1
801,nested_view,A1,1
801,mutable_view,A1,1
801,blocking_view,A1,1
801,nested_view,A2,1
801,mutable_view,A2,1
801,blocking_view,A2,1
801,nested_view,A3,1
801,mutable_view,A3,1
801,blocking_view,A3,1
801,nested_view,A4,1
801,mutable_view,A4,1
801,blocking_view,A4,0
801,nested_view,A5,1
801,mutable_view,A5,0
801,blocking_view,A5,1
801,nested_view,A6,1
801,mutable_view,A6,1
801,blocking_view,A6,1
802,nested_view,A1,1
802,mutable_view,A1,1
802,blocking_view,A1,1
802,nested_view,A2,1
802,mutable_view,A2,1
802,blocking_view,A2,1
802,nested_view,A3,1
802,mutable_view,A3,1
802,blocking_view,A3,1
802,nested_view,A4,1
802,mutable_view,A4,1
802,blocking_view,A4,0
802,nested_view,A5,0
802,mutable_view,A5,1
802,blocking_view,A5,0
802,nested_view,A6,0
802,mutable_view,A6,0
802,blocking_view,A6,0
803,nested_view,A1,1
803,mutable_view,A1,1
803,blocking_view,A1,1
803,nested_view,A2,1
803,mutable_view,A2,1
803,blocking_view,A2,1
803,nested_view,A3,1
803,mutable_view,A3,1
803,blocking_view,A3,1
803,nested_view,A4,1
803,mutable_view,A4,1
803,blocking_view,A4,0
803,nested_view,A5,1
803,mutable_view,A5,1
803,blocking_view,A5,1
803,nested_view,A6,0
803,mutable_view,A6,1
803,blocking_view,A6,1
804,nested_view,A1,1
804,mutable_view,A1,1
804,blocking_view,A1,1
804,nested_view,A2,1
804,mutable_view,A2,1
804,blocking_view,A2,1
804,nested_view,A3,1
804,mutable_view,A3,1
804,blocking_view,A3,1
804,nested_view,A4,1
804,mutable_view,A4,1
804,blocking_view,A4,0
804,nested_view,A5,1
804,mutable_view,A5,0
804,blocking_view,A5,1
804,nested_view,A6,0
804,mutable_view,A6,1
804,blocking_view,A6,0
805,nested_view,A1,1
805,mutable_view,A1,1
805,blocking_view,A1,1
805,nested_view,A2,1
805,mutable_view,A2,1
805,blocking_view,A2,1
805,nested_view,A3,1
805,mutable_view,A3,1
805,blocking_view,A3,0
805,nested_view,A4,1
805,mutable_view,A4,1
805,blocking_view,A4,0
805,nested_view,A5,1
805,mutable_view,A5,1
805,blocking_view,A5,0
805,nested_view,A6,0
805,mutable_view,A6,0
805,blocking_view,A6,0
806,nested_view,A1,1
806,mutable_view,A1,1
806,blocking_view,A1,1
806,nested_view,A2,1
806,mutable_view,A2,1
806,blocking_view,A2,1
806,nested_view,A3,1
806,mutable_view,A3,1
806,blocking_view,A3,1
806,nested_view,A4,1
806,mutable_view,A4,1
806,blocking_view,A4,0
806,nested_view,A5,1
806,mutable_view,A5,1
806,blocking_view,A5,0
806,nested_view,A6,0
806,mutable_view,A6,0
806,blocking_view,A6,0
807,nested_view,A1,1
807,mutable_view,A1,1
807,blocking_view,A1,1
807,nested_view,A2,1
807,mutable_view,A2,1
807,blocking_view,A2,1
807,nested_view,A3,1
807,mutable_view,A3,1
807,blocking_view,A3,1
807,nested_view,A4,1
807,mutable_view,A4,1
807,blocking_view,A4,0
807,nested_view,A5,1
807,mutable_view,A5,1
807,blocking_view,A5,0
807,nested_view,A6,0
807,mutable_view,A6,1
807,blocking_view,A6,1
808,nested_view,A1,1
808,mutable_view,A1,1
808,blocking_view,A1,0
808,nested_view,A2,1
808,mutable_view,A2,1
808,blocking_view,A2,0
808,nested_view,A3,1
808,mutable_view,A3,1
808,blocking_view,A3,0
808,nested_view,A4,1
808,mutable_view,A4,1
808,blocking_view,A4,0
808,nested_view,A5,1
808,mutable_view,A5,1
808,blocking_view,A5,0
808,nested_view,A6,0
808,mutable_view,A6,0
808,blocking_view,A6,0
809,nested_view,A1,1
809,mutable_view,A1,1
809,blocking_view,A1,1
809,nested_view,A2,1
809,mutable_view,A2,1
809,blocking_view,A2,1
809,nested_view,A3,1
809,mutable_view,A3,1
809,blocking_view,A3,1
809,nested_view,A4,1
809,mutable_view,A4,1
809,blocking_view,A4,0
809,nested_view,A5,1
809,mutable_view,A5,1
809,blocking_view,A5,1
809,nested_view,A6,0
809,mutable_view,A6,1
809,blocking_view,A6,1
810,nested_view,A1,1
810,mutable_view,A1,1
810,blocking_view,A1,1
810,nested_view,A2,1
810,mutable_view,A2,1
810,blocking_view,A2,1
810,nested_view,A3,1
810,mutable_view,A3,1
810,blocking_view,A3,0
810,nested_view,A4,1
810,mutable_view,A4,1
810,blocking_view,A4,0
810,nested_view,A5,1
810,mutable_view,A5,1
810,blocking_view,A5,0
810,nested_view,A6,0
810,mutable_view,A6,0
810,blocking_view,A6,0
811,nested_view,A1,1
811,mutable_view,A1,1
811,blocking_view,A1,0
811,nested_view,A2,1
811,mutable_view,A2,1
811,blocking_view,A2,0
811,nested_view,A3,1
811,mutable_view,A3,1
811,blocking_view,A3,0
811,nested_view,A4,1
811,mutable_view,A4,1
811,blocking_view,A4,0
811,nested_view,A5,1
811,mutable_view,A5,1
811,blocking_view,A5,0
811,nested_view,A6,0
811,mutable_view,A6,1
811,blocking_view,A6,1
812,nested_view,A1,0
812,mutable_view,A1,0
812,blocking_view,A1,0
812,nested_view,A2,0
812,mutable_view,A2,0
812,blocking_view,A2,0
812,nested_view,A3,0
812,mutable_view,A3,0
812,blocking_view,A3,0
812,nested_view,A4,0
812,mutable_view,A4,0
812,blocking_view,A4,0
812,nested_view,A5,0
812,mutable_view,A5,0
812,blocking_view,A5,0
812,nested_view,A6,0
812,mutable_view,A6,0
812,blocking_view,A6,0
813,nested_view,A1,0
813,mutable_view,A1,0
813,blocking_view,A1,0
813,nested_view,A2,0
813,mutable_view,A2,0
813,blocking_view,A2,0
813,nested_view,A3,0
813,mutable_view,A3,0
813,blocking_view,A3,0
813,nested_view,A4,0
813,mutable_view,A4,0
813,blocking_view,A4,0
813,nested_view,A5,0
813,mutable_view,A5,0
813,blocking_view,A5,0
813,nested_view,A6,0
813,mutable_view,A6,0
813,blocking_view,A6,0
814,nested_view,A1,0
814,mutable_view,A1,0
814,blocking_view,A1,0
814,nested_view,A2,0
814,mutable_view,A2,0
814,blocking_view,A2,0
814,nested_view,A3,0
814,mutable_view,A3,0
814,blocking_view,A3,0
814,nested_view,A4,0
814,mutable_view,A4,0
814,blocking_view,A4,0
814,nested_view,A5,0
814,mutable_view,A5,0
814,blocking_view,A5,0
814,nested_view,A6,0
814,mutable_view,A6,0
814,blocking_view,A6,0
815,nested_view,A1,0
815,mutable_view,A1,0
815,blocking_view,A1,0
815,nested_view,A2,0
815,mutable_view,A2,0
815,blocking_view,A2,0
815,nested_view,A3,0
815,mutable_view,A3,0
815,blocking_view,A3,0
815,nested_view,A4,0
815,mutable_view,A4,0
815,blocking_view,A4,0
815,nested_view,A5,0
815,mutable_view,A5,0
815,blocking_view,A5,0
815,nested_view,A6,0
815,mutable_view,A6,0
815,blocking_view,A6,0
816,nested_view,A1,1
816,mutable_view,A1,1
816,blocking_view,A1,1
816,nested_view,A2,1
816,mutable_view,A2,1
816,blocking_view,A2,1
816,nested_view,A3,1
816,mutable_view,A3,1
816,blocking_view,A3,1
816,nested_view,A4,1
816,mutable_view,A4,1
816,blocking_view,A4,0
816,nested_view,A5,1
816,mutable_view,A5,1
816,blocking_view,A5,1
816,nested_view,A6,0
816,mutable_view,A6,0
816,blocking_view,A6,0
817,nested_view,A1,1
817,mutable_view,A1,0
817,blocking_view,A1,1
817,nested_view,A2,1
817,mutable_view,A2,0
817,blocking_view,A2,1
817,nested_view,A3,1
817,mutable_view,A3,0
817,blocking_view,A3,1
817,nested_view,A4,1
817,mutable_view,A4,0
817,blocking_view,A4,0
817,nested_view,A5,0
817,mutable_view,A5,0
817,blocking_view,A5,1
817,nested_view,A6,0
817,mutable_view,A6,0
817,blocking_view,A6,0
818,nested_view,A1,0
818,mutable_view,A1,0
818,blocking_view,A1,0
818,nested_view,A2,0
818,mutable_view,A2,0
818,blocking_view,A2,0
818,nested_view,A3,0
818,mutable_view,A3,0
818,blocking_view,A3,0
818,nested_view,A4,0
818,mutable_view,A4,0
818,blocking_view,A4,0
818,nested_view,A5,0
818,mutable_view,A5,0
818,blocking_view,A5,0
818,nested_view,A6,0
818,mutable_view,A6,0
818,blocking_view,A6,0
819,nested_view,A1,0
819,mutable_view,A1,0
819,blocking_view,A1,0
819,nested_view,A2,0
819,mutable_view,A2,0
819,blocking_view,A2,0
819,nested_view,A3,0
819,mutable_view,A3,0
819,blocking_view,A3,0
819,nested_view,A4,0
819,mutable_view,A4,0
819,blocking_view,A4,0
819,nested_view,A5,0
819,mutable_view,A5,0
819,blocking_view,A5,0
819,nested_view,A6,0
819,mutable_view,A6,0
819,blocking_view,A6,0
820,nested_view,A1,0
820,mutable_view,A1,0
820,blocking_view,A1,0
820,nested_view,A2,0
820,mutable_view,A2,0
820,blocking_view,A2,0
820,nested_view,A3,0
820,mutable_view,A3,0
820,blocking_view,A3,0
820,nested_view,A4,0
820,mutable_view,A4,0
820,blocking_view,A4,0
820,nested_view,A5,0
820,mutable_view,A5,0
820,blocking_view,A5,0
820,nested_view,A6,0
820,mutable_view,A6,0
820,blocking_view,A6,0
821,nested_view,A1,1
821,mutable_view,A1,1
821,blocking_view,A1,1
821,nested_view,A2,1
821,mutable_view,A2,1
821,blocking_view,A2,1
821,nested_view,A3,1
821,mutable_view,A3,1
821,blocking_view,A3,1
821,nested_view,A4,1
821,mutable_view,A4,1
821,blocking_view,A4,0
821,nested_view,A5,1
821,mutable_view,A5,1
821,blocking_view,A5,1
821,nested_view,A6,0
821,mutable_view,A6,0
821,blocking_view,A6,0
822,nested_view,A1,1
822,mutable_view,A1,1
822,blocking_view,A1,1
822,nested_view,A2,1
822,mutable_view,A2,1
822,blocking_view,A2,1
822,nested_view,A3,1
822,mutable_view,A3,1
822,blocking_view,A3,1
822,nested_view,A4,1
822,mutable_view,A4,1
822,blocking_view,A4,0
822,nested_view,A5,1
822,mutable_view,A5,1
822,blocking_view,A5,1
822,nested_view,A6,0
822,mutable_view,A6,1
822,blocking_view,A6,1
823,nested_view,A1,1
823,mutable_view,A1,1
823,blocking_view,A1,0
823,nested_view,A2,1
823,mutable_view,A2,1
823,blocking_view,A2,0
823,nested_view,A3,1
823,mutable_view,A3,1
823,blocking_view,A3,0
823,nested_view,A4,1
823,mutable_view,A4,1
823,blocking_view,A4,0
823,nested_view,A5,1
823,mutable_view,A5,1
823,blocking_view,A5,0
823,nested_view,A6,0
823,mutable_view,A6,0
823,blocking_view,A6,0
824,nested_view,A1,0
824,mutable_view,A1,0
824,blocking_view,A1,0
824,nested_view,A2,0
824,mutable_view,A2,0
824,blocking_view,A2,0
824,nested_view,A3,0
824,mutable_view,A3,0
824,blocking_view,A3,0
824,nested_view,A4,0
824,mutable_view,A4,0
824,blocking_view,A4,0
824,nested_view,A5,0
824,mutable_view,A5,1
824,blocking_view,A5,0
824,nested_view,A6,0
824,mutable_view,A6,0
824,blocking_view,A6,0
825,nested_view,A1,1
825,mutable_view,A1,1
825,blocking_view,A1,0
825,nested_view,A2,1
825,mutable_view,A2,1
825,blocking_view,A2,0
825,nested_view,A3,1
825,mutable_view,A3,1
825,blocking_view,A3,0
825,nested_view,A4,1
825,mutable_view,A4,1
825,blocking_view,A4,0
825,nested_view,A5,1
825,mutable_view,A5,1
825,blocking_view,A5,0
825,nested_view,A6,0
825,mutable_view,A6,0
825,blocking_view,A6,0
826,nested_view,A1,1
826,mutable_view,A1,1
826,blocking_view,A1,0
826,nested_view,A2,1
826,mutable_view,A2,1
826,blocking_view,A2,0
826,nested_view,A3,1
826,mutable_view,A3,1
826,blocking_view,A3,0
826,nested_view,A4,1
826,mutable_view,A4,1
826,blocking_view,A4,0
826,nested_view,A5,1
826,mutable_view,A5,1
826,blocking_view,A5,0
826,nested_view,A6,0
826,mutable_view,A6,0
826,blocking_view,A6,0
827,nested_view,A1,0
827,mutable_view,A1,0
827,blocking_view,A1,0
827,nested_view,A2,0
827,mutable_view,A2,0
827,blocking_view,A2,0
827,nested_view,A3,0
827,mutable_view,A3,0
827,blocking_view,A3,0
827,nested_view,A4,0
827,mutable_view,A4,0
827,blocking_view,A4,0
827,nested_view,A5,0
827,mutable_view,A5,0
827,blocking_view,A5,1
827,nested_view,A6,0
827,mutable_view,A6,0
827,blocking_view,A6,0
828,nested_view,A1,0
828,mutable_view,A1,0
828,blocking_view,A1,0
828,nested_view,A2,0
828,mutable_view,A2,0
828,blocking_view,A2,0
828,nested_view,A3,0
828,mutable_view,A3,0
828,blocking_view,A3,0
828,nested_view,A4,0
828,mutable_view,A4,0
828,blocking_view,A4,0
828,nested_view,A5,0
828,mutable_view,A5,1
828,blocking_view,A5,0
828,nested_view,A6,0
828,mutable_view,A6,0
828,blocking_view,A6,0
829,nested_view,A1,1
829,mutable_view,A1,1
829,blocking_view,A1,0
829,nested_view,A2,1
829,mutable_view,A2,1
829,blocking_view,A2,0
829,nested_view,A3,1
829,mutable_view,A3,1
829,blocking_view,A3,0
829,nested_view,A4,1
829,mutable_view,A4,1
829,blocking_view,A4,0
829,nested_view,A5,1
829,mutable_view,A5,1
829,blocking_view,A5,0
829,nested_view,A6,0
829,mutable_view,A6,0
829,blocking_view,A6,0
830,nested_view,A1,1
830,mutable_view,A1,1
830,blocking_view,A1,0
830,nested_view,A2,1
830,mutable_view,A2,1
830,blocking_view,A2,0
830,nested_view,A3,1
830,mutable_view,A3,1
830,blocking_view,A3,0
830,nested_view,A4,1
830,mutable_view,A4,1
830,blocking_view,A4,0
830,nested_view,A5,1
830,mutable_view,A5,1
830,blocking_view,A5,0
830,nested_view,A6,0
830,mutable_view,A6,0
830,blocking_view,A6,0
831,nested_view,A1,1
831,mutable_view,A1,1
831,blocking_view,A1,0
831,nested_view,A2,1
831,mutable_view,A2,1
831,blocking_view,A2,0
831,nested_view,A3,1
831,mutable_view,A3,1
831,blocking_view,A3,0
831,nested_view,A4,1
831,mutable_view,A4,1
831,blocking_view,A4,0
831,nested_view,A5,1
831,mutable_view,A5,1
831,blocking_view,A5,0
831,nested_view,A6,0
831,mutable_view,A6,0
831,blocking_view,A6,0
832,nested_view,A1,1
832,mutable_view,A1,1
832,blocking_view,A1,0
832,nested_view,A2,1
832,mutable_view,A2,1
832,blocking_view,A2,0
832,nested_view,A3,1
832,mutable_view,A3,1
832,blocking_view,A3,0
832,nested_view,A4,1
832,mutable_view,A4,1
832,blocking_view,A4,0
832,nested_view,A5,1
832,mutable_view,A5,1
832,blocking_view,A5,0
832,nested_view,A6,0
832,mutable_view,A6,0
832,blocking_view,A6,0
833,nested_view,A1,0
833,mutable_view,A1,0
833,blocking_view,A1,0
833,nested_view,A2,0
833,mutable_view,A2,0
833,blocking_view,A2,0
833,nested_view,A3,0
833,mutable_view,A3,0
833,blocking_view,A3,0
833,nested_view,A4,0
833,mutable_view,A4,0
833,blocking_view,A4,0
833,nested_view,A5,0
833,mutable_view,A5,0
833,blocking_view,A5,0
833,nested_view,A6,0
833,mutable_view,A6,0
833,blocking_view,A6,0
834,nested_view,A1,1
834,mutable_view,A1,1
834,blocking_view,A1,0
834,nested_view,A2,1
834,mutable_view,A2,1
834,blocking_view,A2,0
834,nested_view,A3,1
834,mutable_view,A3,1
834,blocking_view,A3,0
834,nested_view,A4,1
834,mutable_view,A4,1
834,blocking_view,A4,0
834,nested_view,A5,1
834,mutable_view,A5,1
834,blocking_view,A5,0
834,nested_view,A6,0
834,mutable_view,A6,0
834,blocking_view,A6,0
835,nested_view,A1,1
835,mutable_view,A1,1
835,blocking_view,A1,0
835,nested_view,A2,1
835,mutable_view,A2,1
835,blocking_view,A2,0
835,nested_view,A3,1
835,mutable_view,A3,1
835,blocking_view,A3,0
835,nested_view,A4,1
835,mutable_view,A4,1
835,blocking_view,A4,0
835,nested_view,A5,1
835,mutable_view,A5,1
835,blocking_view,A5,0
835,nested_view,A6,0
835,mutable_view,A6,0
835,blocking_view,A6,0
836,nested_view,A1,1
836,mutable_view,A1,1
836,blocking_view,A1,0
836,nested_view,A2,1
836,mutable_view,A2,1
836,blocking_view,A2,0
836,nested_view,A3,1
836,mutable_view,A3,1
836,blocking_view,A3,0
836,nested_view,A4,1
836,mutable_view,A4,1
836,blocking_view,A4,0
836,nested_view,A5,1
836,mutable_view,A5,1
836,blocking_view,A5,0
836,nested_view,A6,0
836,mutable_view,A6,0
836,blocking_view,A6,0
837,nested_view,A1,1
837,mutable_view,A1,1
837,blocking_view,A1,0
837,nested_view,A2,1
837,mutable_view,A2,1
837,blocking_view,A2,0
837,nested_view,A3,1
837,mutable_view,A3,1
837,blocking_view,A3,0
837,nested_view,A4,1
837,mutable_view,A4,1
837,blocking_view,A4,0
837,nested_view,A5,1
837,mutable_view,A5,0
837,blocking_view,A5,0
837,nested_view,A6,0
837,mutable_view,A6,0
837,blocking_view,A6,0
838,nested_view,A1,1
838,mutable_view,A1,1
838,blocking_view,A1,0
838,nested_view,A2,1
838,mutable_view,A2,1
838,blocking_view,A2,0
838,nested_view,A3,1
838,mutable_view,A3,1
838,blocking_view,A3,0
838,nested_view,A4,1
838,mutable_view,A4,1
838,blocking_view,A4,0
838,nested_view,A5,1
838,mutable_view,A5,1
838,blocking_view,A5,1
838,nested_view,A6,0
838,mutable_view,A6,0
838,blocking_view,A6,0
839,nested_view,A1,1
839,mutable_view,A1,1
839,blocking_view,A1,0
839,nested_view,A2,1
839,mutable_view,A2,1
839,blocking_view,A2,0
839,nested_view,A3,1
839,mutable_view,A3,1
839,blocking_view,A3,0
839,nested_view,A4,1
839,mutable_view,A4,1
839,blocking_view,A4,0
839,nested_view,A5,1
839,mutable_view,A5,1
839,blocking_view,A5,0
839,nested_view,A6,0
839,mutable_view,A6,0
839,blocking_view,A6,0
840,nested_view,A1,1
840,mutable_view,A1,1
840,blocking_view,A1,0
840,nested_view,A2,1
840,mutable_view,A2,1
840,blocking_view,A2,0
840,nested_view,A3,1
840,mutable_view,A3,1
840,blocking_view,A3,0
840,nested_view,A4,1
840,mutable_view,A4,1
840,blocking_view,A4,0
840,nested_view,A5,1
840,mutable_view,A5,1
840,blocking_view,A5,0
840,nested_view,A6,0
840,mutable_view,A6,0
840,blocking_view,A6,0
841,nested_view,A1,1
841,mutable_view,A1,1
841,blocking_view,A1,0
841,nested_view,A2,1
841,mutable_view,A2,1
841,blocking_view,A2,0
841,nested_view,A3,1
841,mutable_view,A3,1
841,blocking_view,A3,0
841,nested_view,A4,1
841,mutable_view,A4,1
841,blocking_view,A4,0
841,nested_view,A5,1
841,mutable_view,A5,1
841,blocking_view,A5,0
841,nested_view,A6,0
841,mutable_view,A6,1
841,blocking_view,A6,0
842,nested_view,A1,1
842,mutable_view,A1,1
842,blocking_view,A1,1
842,nested_view,A2,1
842,mutable_view,A2,1
842,blocking_view,A2,1
842,nested_view,A3,1
842,mutable_view,A3,1
842,blocking_view,A3,1
842,nested_view,A4,1
842,mutable_view,A4,1
842,blocking_view,A4,0
842,nested_view,A5,1
842,mutable_view,A5,1
842,blocking_view,A5,1
842,nested_view,A6,0
842,mutable_view,A6,0
842,blocking_view,A6,0
843,nested_view,A1,1
843,mutable_view,A1,1
843,blocking_view,A1,1
843,nested_view,A2,1
843,mutable_view,A2,1
843,blocking_view,A2,1
843,nested_view,A3,1
843,mutable_view,A3,1
843,blocking_view,A3,1
843,nested_view,A4,1
843,mutable_view,A4,1
843,blocking_view,A4,0
843,nested_view,A5,1
843,mutable_view,A5,1
843,blocking_view,A5,0
843,nested_view,A6,0
843,mutable_view,A6,0
843,blocking_view,A6,0
844,nested_view,A1,1
844,mutable_view,A1,1
844,blocking_view,A1,0
844,nested_view,A2,1
844,mutable_view,A2,1
844,blocking_view,A2,0
844,nested_view,A3,1
844,mutable_view,A3,1
844,blocking_view,A3,0
844,nested_view,A4,1
844,mutable_view,A4,1
844,blocking_view,A4,0
844,nested_view,A5,1
844,mutable_view,A5,1
844,blocking_view,A5,0
844,nested_view,A6,0
844,mutable_view,A6,0
844,blocking_view,A6,0
845,nested_view,A1,1
845,mutable_view,A1,1
845,blocking_view,A1,1
845,nested_view,A2,1
845,mutable_view,A2,1
845,blocking_view,A2,1
845,nested_view,A3,1
845,mutable_view,A3,1
845,blocking_view,A3,0
845,nested_view,A4,1
845,mutable_view,A4,1
845,blocking_view,A4,0
845,nested_view,A5,0
845,mutable_view,A5,1
845,blocking_view,A5,0
845,nested_view,A6,1
845,mutable_view,A6,1
845,blocking_view,A6,1
846,nested_view,A1,1
846,mutable_view,A1,1
846,blocking_view,A1,1
846,nested_view,A2,1
846,mutable_view,A2,1
846,blocking_view,A2,1
846,nested_view,A3,1
846,mutable_view,A3,1
846,blocking_view,A3,1
846,nested_view,A4,1
846,mutable_view,A4,1
846,blocking_view,A4,0
846,nested_view,A5,1
846,mutable_view,A5,1
846,blocking_view,A5,1
846,nested_view,A6,1
846,mutable_view,A6,1
846,blocking_view,A6,1
847,nested_view,A1,1
847,mutable_view,A1,1
847,blocking_view,A1,1
847,nested_view,A2,1
847,mutable_view,A2,1
847,blocking_view,A2,1
847,nested_view,A3,1
847,mutable_view,A3,1
847,blocking_view,A3,1
847,nested_view,A4,1
847,mutable_view,A4,1
847,blocking_view,A4,0
847,nested_view,A5,1
847,mutable_view,A5,1
847,blocking_view,A5,1
847,nested_view,A6,0
847,mutable_view,A6,0
847,blocking_view,A6,0
848,nested_view,A1,1
848,mutable_view,A1,1
848,blocking_view,A1,1
848,nested_view,A2,1
848,mutable_view,A2,1
848,blocking_view,A2,1
848,nested_view,A3,1
848,mutable_view,A3,1
848,blocking_view,A3,1
848,nested_view,A4,1
848,mutable_view,A4,1
848,blocking_view,A4,0
848,nested_view,A5,1
848,mutable_view,A5,1
848,blocking_view,A5,1
848,nested_view,A6,0
848,mutable_view,A6,1
848,blocking_view,A6,1
849,nested_view,A1,1
849,mutable_view,A1,1
849,blocking_view,A1,1
849,nested_view,A2,1
849,mutable_view,A2,1
849,blocking_view,A2,1
849,nested_view,A3,1
849,mutable_view,A3,1
849,blocking_view,A3,1
849,nested_view,A4,1
849,mutable_view,A4,1
849,blocking_view,A4,0
849,nested_view,A5,1
849,mutable_view,A5,1
849,blocking_view,A5,1
849,nested_view,A6,0
849,mutable_view,A6,1
849,blocking_view,A6,0
850,nested_view,A1,1
850,mutable_view,A1,1
850,blocking_view,A1,0
850,nested_view,A2,1
850,mutable_view,A2,1
850,blocking_view,A2,0
850,nested_view,A3,1
850,mutable_view,A3,1
850,blocking_view,A3,0
850,nested_view,A4,1
850,mutable_view,A4,1
850,blocking_view,A4,0
850,nested_view,A5,1
850,mutable_view,A5,1
850,blocking_view,A5,0
850,nested_view,A6,0
850,mutable_view,A6,0
850,blocking_view,A6,0
851,nested_view,A1,1
851,mutable_view,A1,1
851,blocking_view,A1,1
851,nested_view,A2,1
851,mutable_view,A2,1
851,blocking_view,A2,1
851,nested_view,A3,1
851,mutable_view,A3,1
851,blocking_view,A3,1
851,nested_view,A4,1
851,mutable_view,A4,1
851,blocking_view,A4,0
851,nested_view,A5,1
851,mutable_view,A5,1
851,blocking_view,A5,1
851,nested_view,A6,0
851,mutable_view,A6,0
851,blocking_view,A6,0
852,nested_view,A1,0
852,mutable_view,A1,0
852,blocking_view,A1,0
852,nested_view,A2,0
852,mutable_view,A2,0
852,blocking_view,A2,0
852,nested_view,A3,0
852,mutable_view,A3,0
852,blocking_view,A3,0
852,nested_view,A4,0
852,mutable_view,A4,0
852,blocking_view,A4,0
852,nested_view,A5,0
852,mutable_view,A5,0
852,blocking_view,A5,0
852,nested_view,A6,0
852,mutable_view,A6,0
852,blocking_view,A6,0
853,nested_view,A1,1
853,mutable_view,A1,1
853,blocking_view,A1,1
853,nested_view,A2,1
853,mutable_view,A2,1
853,blocking_view,A2,1
853,nested_view,A3,1
853,mutable_view,A3,1
853,blocking_view,A3,1
853,nested_view,A4,1
853,mutable_view,A4,1
853,blocking_view,A4,0
853,nested_view,A5,0
853,mutable_view,A5,1
853,blocking_view,A5,0
853,nested_view,A6,1
853,mutable_view,A6,0
853,blocking_view,A6,0
854,nested_view,A1,0
854,mutable_view,A1,0
854,blocking_view,A1,0
854,nested_view,A2,0
854,mutable_view,A2,0
854,blocking_view,A2,0
854,nested_view,A3,0
854,mutable_view,A3,0
854,blocking_view,A3,0
854,nested_view,A4,1
854,mutable_view,A4,0
854,blocking_view,A4,0
854,nested_view,A5,0
854,mutable_view,A5,0
854,blocking_view,A5,0
854,nested_view,A6,1
854,mutable_view,A6,0
854,blocking_view,A6,0
855,nested_view,A1,1
855,mutable_view,A1,1
855,blocking_view,A1,1
855,nested_view,A2,1
855,mutable_view,A2,1
855,blocking_view,A2,1
855,nested_view,A3,1
855,mutable_view,A3,1
855,blocking_view,A3,0
855,nested_view,A4,1
855,mutable_view,A4,1
855,blocking_view,A4,0
855,nested_view,A5,1
855,mutable_view,A5,1
855,blocking_view,A5,0
855,nested_view,A6,0
855,mutable_view,A6,0
855,blocking_view,A6,0
856,nested_view,A1,1
856,mutable_view,A1,1
856,blocking_view,A1,1
856,nested_view,A2,1
856,mutable_view,A2,1
856,blocking_view,A2,1
856,nested_view,A3,1
856,mutable_view,A3,1
856,blocking_view,A3,1
856,nested_view,A4,1
856,mutable_view,A4,1
856,blocking_view,A4,0
856,nested_view,A5,1
856,mutable_view,A5,1
856,blocking_view,A5,1
856,nested_view,A6,0
856,mutable_view,A6,1
856,blocking_view,A6,1
857,nested_view,A1,1
857,mutable_view,A1,1
857,blocking_view,A1,1
857,nested_view,A2,1
857,mutable_view,A2,1
857,blocking_view,A2,1
857,nested_view,A3,1
857,mutable_view,A3,1
857,blocking_view,A3,1
857,nested_view,A4,1
857,mutable_view,A4,1
857,blocking_view,A4,0
857,nested_view,A5,0
857,mutable_view,A5,0
857,blocking_view,A5,1
857,nested_view,A6,0
857,mutable_view,A6,1
857,blocking_view,A6,1
858,nested_view,A1,1
858,mutable_view,A1,1
858,blocking_view,A1,0
858,nested_view,A2,1
858,mutable_view,A2,1
858,blocking_view,A2,0
858,nested_view,A3,1
858,mutable_view,A3,1
858,blocking_view,A3,0
858,nested_view,A4,1
858,mutable_view,A4,1
858,blocking_view,A4,0
858,nested_view,A5,1
858,mutable_view,A5,1
858,blocking_view,A5,1
858,nested_view,A6,0
858,mutable_view,A6,0
858,blocking_view,A6,0
859,nested_view,A1,1
859,mutable_view,A1,1
859,blocking_view,A1,0
859,nested_view,A2,1
859,mutable_view,A2,1
859,blocking_view,A2,0
859,nested_view,A3,1
859,mutable_view,A3,1
859,blocking_view,A3,0
859,nested_view,A4,1
859,mutable_view,A4,1
859,blocking_view,A4,0
859,nested_view,A5,1
859,mutable_view,A5,1
859,blocking_view,A5,0
859,nested_view,A6,0
859,mutable_view,A6,1
859,blocking_view,A6,1
860,nested_view,A1,0
860,mutable_view,A1,0
860,blocking_view,A1,0
860,nested_view,A2,0
860,mutable_view,A2,0
860,blocking_view,A2,0
860,nested_view,A3,0
860,mutable_view,A3,0
860,blocking_view,A3,0
860,nested_view,A4,0
860,mutable_view,A4,0
860,blocking_view,A4,0
860,nested_view,A5,0
860,mutable_view,A5,0
860,blocking_view,A5,0
860,nested_view,A6,0
860,mutable_view,A6,0
860,blocking_view,A6,0
861,nested_view,A1,1
861,mutable_view,A1,1
861,blocking_view,A1,0
861,nested_view,A2,1
861,mutable_view,A2,1
861,blocking_view,A2,0
861,nested_view,A3,1
861,mutable_view,A3,1
861,blocking_view,A3,0
861,nested_view,A4,1
861,mutable_view,A4,1
861,blocking_view,A4,0
861,nested_view,A5,1
861,mutable_view,A5,1
861,blocking_view,A5,0
861,nested_view,A6,0
861,mutable_view,A6,1
861,blocking_view,A6,1
862,nested_view,A1,1
862,mutable_view,A1,1
862,blocking_view,A1,0
862,nested_view,A2,1
862,mutable_view,A2,1
862,blocking_view,A2,0
862,nested_view,A3,1
862,mutable_view,A3,1
862,blocking_view,A3,0
862,nested_view,A4,1
862,mutable_view,A4,1
862,blocking_view,A4,0
862,nested_view,A5,1
862,mutable_view,A5,1
862,blocking_view,A5,0
862,nested_view,A6,0
862,mutable_view,A6,1
862,blocking_view,A6,1
863,nested_view,A1,1
863,mutable_view,A1,1
863,blocking_view,A1,0
863,nested_view,A2,1
863,mutable_view,A2,1
863,blocking_view,A2,0
863,nested_view,A3,1
863,mutable_view,A3,1
863,blocking_view,A3,0
863,nested_view,A4,1
863,mutable_view,A4,1
863,blocking_view,A4,0
863,nested_view,A5,1
863,mutable_view,A5,1
863,blocking_view,A5,0
863,nested_view,A6,0
863,mutable_view,A6,1
863,blocking_view,A6,1
864,nested_view,A1,1
864,mutable_view,A1,1
864,blocking_view,A1,1
864,nested_view,A2,1
864,mutable_view,A2,1
864,blocking_view,A2,1
864,nested_view,A3,1
864,mutable_view,A3,1
864,blocking_view,A3,1
864,nested_view,A4,1
864,mutable_view,A4,1
864,blocking_view,A4,0
864,nested_view,A5,1
864,mutable_view,A5,1
864,blocking_view,A5,1
864,nested_view,A6,0
864,mutable_view,A6,1
864,blocking_view,A6,1
865,nested_view,A1,0
865,mutable_view,A1,0
865,blocking_view,A1,0
865,nested_view,A2,0
865,mutable_view,A2,0
865,blocking_view,A2,0
865,nested_view,A3,0
865,mutable_view,A3,0
865,blocking_view,A3,0
865,nested_view,A4,0
865,mutable_view,A4,0
865,blocking_view,A4,0
865,nested_view,A5,1
865,mutable_view,A5,0
865,blocking_view,A5,0
865,nested_view,A6,0
865,mutable_view,A6,0
865,blocking_view,A6,0
866,nested_view,A1,1
866,mutable_view,A1,1
866,blocking_view,A1,0
866,nested_view,A2,1
866,mutable_view,A2,1
866,blocking_view,A2,0
866,nested_view,A3,1
866,mutable_view,A3,1
866,blocking_view,A3,0
866,nested_view,A4,1
866,mutable_view,A4,1
866,blocking_view,A4,0
866,nested_view,A5,1
866,mutable_view,A5,1
866,blocking_view,A5,0
866,nested_view,A6,0
866,mutable_view,A6,1
866,blocking_view,A6,1
867,nested_view,A1,1
867,mutable_view,A1,1
867,blocking_view,A1,1
867,nested_view,A2,1
867,mutable_view,A2,1
867,blocking_view,A2,1
867,nested_view,A3,1
867,mutable_view,A3,1
867,blocking_view,A3,1
867,nested_view,A4,1
867,mutable_view,A4,1
867,blocking_view,A4,0
867,nested_view,A5,1
867,mutable_view,A5,1
867,blocking_view,A5,1
867,nested_view,A6,0
867,mutable_view,A6,1
867,blocking_view,A6,1
868,nested_view,A1,1
868,mutable_view,A1,1
868,blocking_view,A1,1
868,nested_view,A2,1
868,mutable_view,A2,1
868,blocking_view,A2,1
868,nested_view,A3,1
868,mutable_view,A3,1
868,blocking_view,A3,1
868,nested_view,A4,1
868,mutable_view,A4,1
868,blocking_view,A4,0
868,nested_view,A5,1
868,mutable_view,A5,1
868,blocking_view,A5,1
868,nested_view,A6,0
868,mutable_view,A6,1
868,blocking_view,A6,1
869,nested_view,A1,1
869,mutable_view,A1,0
869,blocking_view,A1,1
869,nested_view,A2,1
869,mutable_view,A2,0
869,blocking_view,A2,1
869,nested_view,A3,1
869,mutable_view,A3,0
869,blocking_view,A3,1
869,nested_view,A4,1
869,mutable_view,A4,0
869,blocking_view,A4,0
869,nested_view,A5,1
869,mutable_view,A5,0
869,blocking_view,A5,1
869,nested_view,A6,0
869,mutable_view,A6,0
869,blocking_view,A6,0
870,nested_view,A1,0
870,mutable_view,A1,0
870,blocking_view,A1,0
870,nested_view,A2,0
870,mutable_view,A2,0
870,blocking_view,A2,0
870,nested_view,A3,0
870,mutable_view,A3,0
870,blocking_view,A3,0
870,nested_view,A4,0
870,mutable_view,A4,0
870,blocking_view,A4,0
870,nested_view,A5,0
870,mutable_view,A5,0
870,blocking_view,A5,0
870,nested_view,A6,0
870,mutable_view,A6,0
870,blocking_view,A6,0
871,nested_view,A1,1
871,mutable_view,A1,1
871,blocking_view,A1,0
871,nested_view,A2,1
871,mutable_view,A2,1
871,blocking_view,A2,0
871,nested_view,A3,1
871,mutable_view,A3,1
871,blocking_view,A3,0
871,nested_view,A4,0
871,mutable_view,A4,1
871,blocking_view,A4,0
871,nested_view,A5,1
871,mutable_view,A5,1
871,blocking_view,A5,0
871,nested_view,A6,0
871,mutable_view,A6,0
871,blocking_view,A6,0
872,nested_view,A1,0
872,mutable_view,A1,0
872,blocking_view,A1,0
872,nested_view,A2,0
872,mutable_view,A2,0
872,blocking_view,A2,0
872,nested_view,A3,0
872,mutable_view,A3,0
872,blocking_view,A3,0
872,nested_view,A4,0
872,mutable_view,A4,0
872,blocking_view,A4,0
872,nested_view,A5,0
872,mutable_view,A5,0
872,blocking_view,A5,0
872,nested_view,A6,0
872,mutable_view,A6,0
872,blocking_view,A6,0
873,nested_view,A1,1
873,mutable_view,A1,1
873,blocking_view,A1,0
873,nested_view,A2,1
873,mutable_view,A2,1
873,blocking_view,A2,0
873,nested_view,A3,1
873,mutable_view,A3,1
873,blocking_view,A3,0
873,nested_view,A4,1
873,mutable_view,A4,1
873,blocking_view,A4,0
873,nested_view,A5,1
873,mutable_view,A5,1
873,blocking_view,A5,0
873,nested_view,A6,0
873,mutable_view,A6,0
873,blocking_view,A6,0
874,nested_view,A1,1
874,mutable_view,A1,1
874,blocking_view,A1,0
874,nested_view,A2,1
874,mutable_view,A2,1
874,blocking_view,A2,0
874,nested_view,A3,1
874,mutable_view,A3,1
874,blocking_view,A3,0
874,nested_view,A4,1
874,mutable_view,A4,1
874,blocking_view,A4,0
874,nested_view,A5,1
874,mutable_view,A5,1
874,blocking_view,A5,0
874,nested_view,A6,0
874,mutable_view,A6,0
874,blocking_view,A6,0
875,nested_view,A1,1
875,mutable_view,A1,1
875,blocking_view,A1,0
875,nested_view,A2,1
875,mutable_view,A2,1
875,blocking_view,A2,0
875,nested_view,A3,1
875,mutable_view,A3,1
875,blocking_view,A3,0
875,nested_view,A4,1
875,mutable_view,A4,1
875,blocking_view,A4,0
875,nested_view,A5,1
875,mutable_view,A5,1
875,blocking_view,A5,0
875,nested_view,A6,0
875,mutable_view,A6,0
875,blocking_view,A6,0
876,nested_view,A1,1
876,mutable_view,A1,1
876,blocking_view,A1,0
876,nested_view,A2,1
876,mutable_view,A2,1
876,blocking_view,A2,0
876,nested_view,A3,1
876,mutable_view,A3,1
876,blocking_view,A3,0
876,nested_view,A4,1
876,mutable_view,A4,1
876,blocking_view,A4,0
876,nested_view,A5,1
876,mutable_view,A5,1
876,blocking_view,A5,0
876,nested_view,A6,0
876,mutable_view,A6,0
876,blocking_view,A6,0
877,nested_view,A1,1
877,mutable_view,A1,1
877,blocking_view,A1,0
877,nested_view,A2,1
877,mutable_view,A2,1
877,blocking_view,A2,0
877,nested_view,A3,1
877,mutable_view,A3,1
877,blocking_view,A3,0
877,nested_view,A4,1
877,mutable_view,A4,1
877,blocking_view,A4,0
877,nested_view,A5,1
877,mutable_view,A5,1
877,blocking_view,A5,0
877,nested_view,A6,0
877,mutable_view,A6,0
877,blocking_view,A6,0
878,nested_view,A1,1
878,mutable_view,A1,1
878,blocking_view,A1,0
878,nested_view,A2,1
878,mutable_view,A2,1
878,blocking_view,A2,0
878,nested_view,A3,1
878,mutable_view,A3,1
878,blocking_view,A3,0
878,nested_view,A4,1
878,mutable_view,A4,1
878,blocking_view,A4,0
878,nested_view,A5,1
878,mutable_view,A5,0
878,blocking_view,A5,0
878,nested_view,A6,0
878,mutable_view,A6,0
878,blocking_view,A6,0
879,nested_view,A1,1
879,mutable_view,A1,1
879,blocking_view,A1,0
879,nested_view,A2,1
879,mutable_view,A2,1
879,blocking_view,A2,0
879,nested_view,A3,1
879,mutable_view,A3,1
879,blocking_view,A3,0
879,nested_view,A4,1
879,mutable_view,A4,1
879,blocking_view,A4,0
879,nested_view,A5,0
879,mutable_view,A5,1
879,blocking_view,A5,0
879,nested_view,A6,0
879,mutable_view,A6,0
879,blocking_view,A6,0
880,nested_view,A1,1
880,mutable_view,A1,1
880,blocking_view,A1,0
880,nested_view,A2,1
880,mutable_view,A2,1
880,blocking_view,A2,0
880,nested_view,A3,1
880,mutable_view,A3,1
880,blocking_view,A3,0
880,nested_view,A4,1
880,mutable_view,A4,1
880,blocking_view,A4,0
880,nested_view,A5,0
880,mutable_view,A5,1
880,blocking_view,A5,0
880,nested_view,A6,0
880,mutable_view,A6,0
880,blocking_view,A6,0
881,nested_view,A1,1
881,mutable_view,A1,1
881,blocking_view,A1,0
881,nested_view,A2,1
881,mutable_view,A2,1
881,blocking_view,A2,0
881,nested_view,A3,1
881,mutable_view,A3,1
881,blocking_view,A3,0
881,nested_view,A4,1
881,mutable_view,A4,1
881,blocking_view,A4,0
881,nested_view,A5,1
881,mutable_view,A5,1
881,blocking_view,A5,0
881,nested_view,A6,0
881,mutable_view,A6,0
881,blocking_view,A6,0
882,nested_view,A1,0
882,mutable_view,A1,0
882,blocking_view,A1,0
882,nested_view,A2,0
882,mutable_view,A2,0
882,blocking_view,A2,0
882,nested_view,A3,0
882,mutable_view,A3,0
882,blocking_view,A3,0
882,nested_view,A4,0
882,mutable_view,A4,0
882,blocking_view,A4,0
882,nested_view,A5,0
882,mutable_view,A5,0
882,blocking_view,A5,0
882,nested_view,A6,0
882,mutable_view,A6,0
882,blocking_view,A6,0
883,nested_view,A1,1
883,mutable_view,A1,1
883,blocking_view,A1,0
883,nested_view,A2,1
883,mutable_view,A2,1
883,blocking_view,A2,0
883,nested_view,A3,1
883,mutable_view,A3,1
883,blocking_view,A3,0
883,nested_view,A4,1
883,mutable_view,A4,1
883,blocking_view,A4,0
883,nested_view,A5,1
883,mutable_view,A5,1
883,blocking_view,A5,0
883,nested_view,A6,0
883,mutable_view,A6,0
883,blocking_view,A6,0
884,nested_view,A1,1
884,mutable_view,A1,1
884,blocking_view,A1,0
884,nested_view,A2,1
884,mutable_view,A2,1
884,blocking_view,A2,0
884,nested_view,A3,1
884,mutable_view,A3,1
884,blocking_view,A3,0
884,nested_view,A4,1
884,mutable_view,A4,1
884,blocking_view,A4,0
884,nested_view,A5,1
884,mutable_view,A5,1
884,blocking_view,A5,1
884,nested_view,A6,0
884,mutable_view,A6,1
884,blocking_view,A6,0
885,nested_view,A1,1
885,mutable_view,A1,1
885,blocking_view,A1,1
885,nested_view,A2,1
885,mutable_view,A2,1
885,blocking_view,A2,1
885,nested_view,A3,1
885,mutable_view,A3,1
885,blocking_view,A3,0
885,nested_view,A4,1
885,mutable_view,A4,1
885,blocking_view,A4,0
885,nested_view,A5,1
885,mutable_view,A5,1
885,blocking_view,A5,0
885,nested_view,A6,1
885,mutable_view,A6,1
885,blocking_view,A6,1
886,nested_view,A1,1
886,mutable_view,A1,1
886,blocking_view,A1,1
886,nested_view,A2,1
886,mutable_view,A2,1
886,blocking_view,A2,1
886,nested_view,A3,1
886,mutable_view,A3,1
886,blocking_view,A3,1
886,nested_view,A4,1
886,mutable_view,A4,1
886,blocking_view,A4,0
886,nested_view,A5,1
886,mutable_view,A5,1
886,blocking_view,A5,0
886,nested_view,A6,0
886,mutable_view,A6,1
886,blocking_view,A6,1
887,nested_view,A1,1
887,mutable_view,A1,1
887,blocking_view,A1,1
887,nested_view,A2,1
887,mutable_view,A2,1
887,blocking_view,A2,1
887,nested_view,A3,1
887,mutable_view,A3,1
887,blocking_view,A3,1
887,nested_view,A4,1
887,mutable_view,A4,1
887,blocking_view,A4,0
887,nested_view,A5,0
887,mutable_view,A5,1
887,blocking_view,A5,1
887,nested_view,A6,1
887,mutable_view,A6,1
887,blocking_view,A6,1
888,nested_view,A1,1
888,mutable_view,A1,1
888,blocking_view,A1,0
888,nested_view,A2,1
888,mutable_view,A2,1
888,blocking_view,A2,0
888,nested_view,A3,1
888,mutable_view,A3,1
888,blocking_view,A3,0
888,nested_view,A4,1
888,mutable_view,A4,1
888,blocking_view,A4,0
888,nested_view,A5,1
888,mutable_view,A5,1
888,blocking_view,A5,0
888,nested_view,A6,0
888,mutable_view,A6,0
888,blocking_view,A6,0
889,nested_view,A1,1
889,mutable_view,A1,1
889,blocking_view,A1,0
889,nested_view,A2,1
889,mutable_view,A2,1
889,blocking_view,A2,0
889,nested_view,A3,1
889,mutable_view,A3,1
889,blocking_view,A3,0
889,nested_view,A4,1
889,mutable_view,A4,1
889,blocking_view,A4,0
889,nested_view,A5,1
889,mutable_view,A5,0
889,blocking_view,A5,0
889,nested_view,A6,0
889,mutable_view,A6,0
889,blocking_view,A6,0
890,nested_view,A1,0
890,mutable_view,A1,0
890,blocking_view,A1,0
890,nested_view,A2,0
890,mutable_view,A2,0
890,blocking_view,A2,0
890,nested_view,A3,0
890,mutable_view,A3,0
890,blocking_view,A3,0
890,nested_view,A4,0
890,mutable_view,A4,0
890,blocking_view,A4,0
890,nested_view,A5,0
890,mutable_view,A5,0
890,blocking_view,A5,0
890,nested_view,A6,0
890,mutable_view,A6,0
890,blocking_view,A6,0
891,nested_view,A1,1
891,mutable_view,A1,1
891,blocking_view,A1,0
891,nested_view,A2,1
891,mutable_view,A2,1
891,blocking_view,A2,0
891,nested_view,A3,1
891,mutable_view,A3,1
891,blocking_view,A3,0
891,nested_view,A4,0
891,mutable_view,A4,1
891,blocking_view,A4,0
891,nested_view,A5,1
891,mutable_view,A5,1
891,blocking_view,A5,0
891,nested_view,A6,1
891,mutable_view,A6,1
891,blocking_view,A6,0
892,nested_view,A1,0
892,mutable_view,A1,0
892,blocking_view,A1,0
892,nested_view,A2,0
892,mutable_view,A2,0
892,blocking_view,A2,0
892,nested_view,A3,0
892,mutable_view,A3,0
892,blocking_view,A3,0
892,nested_view,A4,0
892,mutable_view,A4,0
892,blocking_view,A4,0
892,nested_view,A5,0
892,mutable_view,A5,0
892,blocking_view,A5,0
892,nested_view,A6,0
892,mutable_view,A6,0
892,blocking_view,A6,0
893,nested_view,A1,1
893,mutable_view,A1,1
893,blocking_view,A1,1
893,nested_view,A2,1
893,mutable_view,A2,1
893,blocking_view,A2,1
893,nested_view,A3,1
893,mutable_view,A3,1
893,blocking_view,A3,1
893,nested_view,A4,1
893,mutable_view,A4,1
893,blocking_view,A4,0
893,nested_view,A5,1
893,mutable_view,A5,1
893,blocking_view,A5,1
893,nested_view,A6,0
893,mutable_view,A6,0
893,blocking_view,A6,1
894,nested_view,A1,1
894,mutable_view,A1,1
894,blocking_view,A1,0
894,nested_view,A2,1
894,mutable_view,A2,1
894,blocking_view,A2,0
894,nested_view,A3,1
894,mutable_view,A3,1
894,blocking_view,A3,0
894,nested_view,A4,1
894,mutable_view,A4,1
894,blocking_view,A4,0
894,nested_view,A5,0
894,mutable_view,A5,1
894,blocking_view,A5,0
894,nested_view,A6,0
894,mutable_view,A6,0
894,blocking_view,A6,0
895,nested_view,A1,0
895,mutable_view,A1,0
895,blocking_view,A1,0
895,nested_view,A2,0
895,mutable_view,A2,0
895,blocking_view,A2,0
895,nested_view,A3,0
895,mutable_view,A3,0
895,blocking_view,A3,0
895,nested_view,A4,0
895,mutable_view,A4,0
895,blocking_view,A4,0
895,nested_view,A5,0
895,mutable_view,A5,0
895,blocking_view,A5,0
895,nested_view,A6,0
895,mutable_view,A6,0
895,blocking_view,A6,0
896,nested_view,A1,0
896,mutable_view,A1,0
896,blocking_view,A1,0
896,nested_view,A2,0
896,mutable_view,A2,0
896,blocking_view,A2,0
896,nested_view,A3,0
896,mutable_view,A3,0
896,blocking_view,A3,0
896,nested_view,A4,0
896,mutable_view,A4,0
896,blocking_view,A4,0
896,nested_view,A5,0
896,mutable_view,A5,0
896,blocking_view,A5,0
896,nested_view,A6,0
896,mutable_view,A6,0
896,blocking_view,A6,0
897,nested_view,A1,0
897,mutable_view,A1,0
897,blocking_view,A1,0
897,nested_view,A2,0
897,mutable_view,A2,0
897,blocking_view,A2,0
897,nested_view,A3,0
897,mutable_view,A3,0
897,blocking_view,A3,0
897,nested_view,A4,0
897,mutable_view,A4,0
897,blocking_view,A4,0
897,nested_view,A5,0
897,mutable_view,A5,1
897,blocking_view,A5,0
897,nested_view,A6,0
897,mutable_view,A6,0
897,blocking_view,A6,0
898,nested_view,A1,1
898,mutable_view,A1,1
898,blocking_view,A1,0
898,nested_view,A2,1
898,mutable_view,A2,1
898,blocking_view,A2,0
898,nested_view,A3,1
898,mutable_view,A3,1
898,blocking_view,A3,0
898,nested_view,A4,1
898,mutable_view,A4,1
898,blocking_view,A4,0
898,nested_view,A5,1
898,mutable_view,A5,1
898,blocking_view,A5,0
898,nested_view,A6,0
898,mutable_view,A6,0
898,blocking_view,A6,0
899,nested_view,A1,1
899,mutable_view,A1,1
899,blocking_view,A1,0
899,nested_view,A2,1
899,mutable_view,A2,1
899,blocking_view,A2,0
899,nested_view,A3,1
899,mutable_view,A3,1
899,blocking_view,A3,0
899,nested_view,A4,1
899,mutable_view,A4,1
899,blocking_view,A4,0
899,nested_view,A5,1
899,mutable_view,A5,1
899,blocking_view,A5,0
899,nested_view,A6,0
899,mutable_view,A6,0
899,blocking_view,A6,0
900,nested_view,A1,1
900,mutable_view,A1,1
900,blocking_view,A1,1
900,nested_view,A2,1
900,mutable_view,A2,1
900,blocking_view,A2,1
900,nested_view,A3,1
900,mutable_view,A3,1
900,blocking_view,A3,1
900,nested_view,A4,1
900,mutable_view,A4,1
900,blocking_view,A4,0
900,nested_view,A5,1
900,mutable_view,A5,1
900,blocking_view,A5,1
900,nested_view,A6,0
900,mutable_view,A6,1
900,blocking_view,A6,1
901,nested_view,A1,1
901,mutable_view,A1,1
901,blocking_view,A1,0
901,nested_view,A2,1
901,mutable_view,A2,1
901,blocking_view,A2,0
901,nested_view,A3,1
901,mutable_view,A3,1
901,blocking_view,A3,0
901,nested_view,A4,1
901,mutable_view,A4,1
901,blocking_view,A4,0
901,nested_view,A5,1
901,mutable_view,A5,1
901,blocking_view,A5,0
901,nested_view,A6,0
901,mutable_view,A6,0
901,blocking_view,A6,0
902,nested_view,A1,1
902,mutable_view,A1,1
902,blocking_view,A1,0
902,nested_view,A2,1
902,mutable_view,A2,1
902,blocking_view,A2,0
902,nested_view,A3,1
902,mutable_view,A3,1
902,blocking_view,A3,0
902,nested_view,A4,1
902,mutable_view,A4,1
902,blocking_view,A4,0
902,nested_view,A5,1
902,mutable_view,A5,0
902,blocking_view,A5,0
902,nested_view,A6,0
902,mutable_view,A6,0
902,blocking_view,A6,0
903,nested_view,A1,0
903,mutable_view,A1,0
903,blocking_view,A1,0
903,nested_view,A2,0
903,mutable_view,A2,0
903,blocking_view,A2,0
903,nested_view,A3,0
903,mutable_view,A3,0
903,blocking_view,A3,0
903,nested_view,A4,0
903,mutable_view,A4,0
903,blocking_view,A4,0
903,nested_view,A5,0
903,mutable_view,A5,0
903,blocking_view,A5,0
903,nested_view,A6,0
903,mutable_view,A6,0
903,blocking_view,A6,0
904,nested_view,A1,1
904,mutable_view,A1,1
904,blocking_view,A1,0
904,nested_view,A2,1
904,mutable_view,A2,1
904,blocking_view,A2,0
904,nested_view,A3,1
904,mutable_view,A3,1
904,blocking_view,A3,0
904,nested_view,A4,0
904,mutable_view,A4,1
904,blocking_view,A4,0
904,nested_view,A5,1
904,mutable_view,A5,0
904,blocking_view,A5,1
904,nested_view,A6,0
904,mutable_view,A6,0
904,blocking_view,A6,0
905,nested_view,A1,0
905,mutable_view,A1,0
905,blocking_view,A1,0
905,nested_view,A2,0
905,mutable_view,A2,0
905,blocking_view,A2,0
905,nested_view,A3,0
905,mutable_view,A3,0
905,blocking_view,A3,0
905,nested_view,A4,0
905,mutable_view,A4,0
905,blocking_view,A4,0
905,nested_view,A5,1
905,mutable_view,A5,0
905,blocking_view,A5,0
905,nested_view,A6,0
905,mutable_view,A6,0
905,blocking_view,A6,0
906,nested_view,A1,1
906,mutable_view,A1,1
906,blocking_view,A1,0
906,nested_view,A2,1
906,mutable_view,A2,1
906,blocking_view,A2,0
906,nested_view,A3,1
906,mutable_view,A3,1
906,blocking_view,A3,0
906,nested_view,A4,1
906,mutable_view,A4,1
906,blocking_view,A4,0
906,nested_view,A5,1
906,mutable_view,A5,1
906,blocking_view,A5,0
906,nested_view,A6,0
906,mutable_view,A6,0
906,blocking_view,A6,0
907,nested_view,A1,1
907,mutable_view,A1,1
907,blocking_view,A1,0
907,nested_view,A2,1
907,mutable_view,A2,1
907,blocking_view,A2,0
907,nested_view,A3,1
907,mutable_view,A3,1
907,blocking_view,A3,0
907,nested_view,A4,1
907,mutable_view,A4,1
907,blocking_view,A4,0
907,nested_view,A5,1
907,mutable_view,A5,1
907,blocking_view,A5,0
907,nested_view,A6,0
907,mutable_view,A6,0
907,blocking_view,A6,0
908,nested_view,A1,1
908,mutable_view,A1,1
908,blocking_view,A1,0
908,nested_view,A2,1
908,mutable_view,A2,1
908,blocking_view,A2,0
908,nested_view,A3,1
908,mutable_view,A3,1
908,blocking_view,A3,0
908,nested_view,A4,1
908,mutable_view,A4,1
908,blocking_view,A4,0
908,nested_view,A5,1
908,mutable_view,A5,1
908,blocking_view,A5,0
908,nested_view,A6,0
908,mutable_view,A6,0
908,blocking_view,A6,0
909,nested_view,A1,0
909,mutable_view,A1,0
909,blocking_view,A1,0
909,nested_view,A2,0
909,mutable_view,A2,0
909,blocking_view,A2,0
909,nested_view,A3,0
909,mutable_view,A3,0
909,blocking_view,A3,0
909,nested_view,A4,0
909,mutable_view,A4,0
909,blocking_view,A4,0
909,nested_view,A5,0
909,mutable_view,A5,0
909,blocking_view,A5,0
909,nested_view,A6,0
909,mutable_view,A6,0
909,blocking_view,A6,0
910,nested_view,A1,1
910,mutable_view,A1,1
910,blocking_view,A1,0
910,nested_view,A2,1
910,mutable_view,A2,1
910,blocking_view,A2,0
910,nested_view,A3,1
910,mutable_view,A3,1
910,blocking_view,A3,0
910,nested_view,A4,1
910,mutable_view,A4,1
910,blocking_view,A4,0
910,nested_view,A5,1
910,mutable_view,A5,1
910,blocking_view,A5,0
910,nested_view,A6,0
910,mutable_view,A6,0
910,blocking_view,A6,0
911,nested_view,A1,1
911,mutable_view,A1,1
911,blocking_view,A1,0
911,nested_view,A2,1
911,mutable_view,A2,1
911,blocking_view,A2,0
911,nested_view,A3,1
911,mutable_view,A3,1
911,blocking_view,A3,0
911,nested_view,A4,1
911,mutable_view,A4,1
911,blocking_view,A4,0
911,nested_view,A5,1
911,mutable_view,A5,1
911,blocking_view,A5,0
911,nested_view,A6,0
911,mutable_view,A6,0
911,blocking_view,A6,0
912,nested_view,A1,1
912,mutable_view,A1,1
912,blocking_view,A1,1
912,nested_view,A2,1
912,mutable_view,A2,1
912,blocking_view,A2,1
912,nested_view,A3,1
912,mutable_view,A3,1
912,blocking_view,A3,1
912,nested_view,A4,1
912,mutable_view,A4,1
912,blocking_view,A4,0
912,nested_view,A5,1
912,mutable_view,A5,1
912,blocking_view,A5,1
912,nested_view,A6,1
912,mutable_view,A6,1
912,blocking_view,A6,1
913,nested_view,A1,1
913,mutable_view,A1,1
913,blocking_view,A1,1
913,nested_view,A2,1
913,mutable_view,A2,1
913,blocking_view,A2,1
913,nested_view,A3,1
913,mutable_view,A3,1
913,blocking_view,A3,1
913,nested_view,A4,1
913,mutable_view,A4,1
913,blocking_view,A4,0
913,nested_view,A5,1
913,mutable_view,A5,1
913,blocking_view,A5,1
913,nested_view,A6,0
913,mutable_view,A6,1
913,blocking_view,A6,1
914,nested_view,A1,1
914,mutable_view,A1,1
914,blocking_view,A1,0
914,nested_view,A2,1
914,mutable_view,A2,1
914,blocking_view,A2,0
914,nested_view,A3,1
914,mutable_view,A3,1
914,blocking_view,A3,0
914,nested_view,A4,1
914,mutable_view,A4,1
914,blocking_view,A4,0
914,nested_view,A5,1
914,mutable_view,A5,0
914,blocking_view,A5,0
914,nested_view,A6,0
914,mutable_view,A6,0
914,blocking_view,A6,0
915,nested_view,A1,1
915,mutable_view,A1,1
915,blocking_view,A1,1
915,nested_view,A2,1
915,mutable_view,A2,1
915,blocking_view,A2,1
915,nested_view,A3,1
915,mutable_view,A3,1
915,blocking_view,A3,0
915,nested_view,A4,1
915,mutable_view,A4,1
915,blocking_view,A4,0
915,nested_view,A5,1
915,mutable_view,A5,1
915,blocking_view,A5,0
915,nested_view,A6,0
915,mutable_view,A6,0
915,blocking_view,A6,0
916,nested_view,A1,1
916,mutable_view,A1,1
916,blocking_view,A1,0
916,nested_view,A2,1
916,mutable_view,A2,1
916,blocking_view,A2,0
916,nested_view,A3,1
916,mutable_view,A3,1
916,blocking_view,A3,0
916,nested_view,A4,1
916,mutable_view,A4,1
916,blocking_view,A4,0
916,nested_view,A5,0
916,mutable_view,A5,1
916,blocking_view,A5,0
916,nested_view,A6,0
916,mutable_view,A6,1
916,blocking_view,A6,0
917,nested_view,A1,0
917,mutable_view,A1,0
917,blocking_view,A1,0
917,nested_view,A2,0
917,mutable_view,A2,0
917,blocking_view,A2,0
917,nested_view,A3,0
917,mutable_view,A3,0
917,blocking_view,A3,0
917,nested_view,A4,0
917,mutable_view,A4,0
917,blocking_view,A4,0
917,nested_view,A5,0
917,mutable_view,A5,0
917,blocking_view,A5,0
917,nested_view,A6,0
917,mutable_view,A6,0
917,blocking_view,A6,0
918,nested_view,A1,1
918,mutable_view,A1,1
918,blocking_view,A1,0
918,nested_view,A2,1
918,mutable_view,A2,1
918,blocking_view,A2,0
918,nested_view,A3,1
918,mutable_view,A3,1
918,blocking_view,A3,0
918,nested_view,A4,1
918,mutable_view,A4,0
918,blocking_view,A4,0
918,nested_view,A5,1
918,mutable_view,A5,1
918,blocking_view,A5,0
918,nested_view,A6,0
918,mutable_view,A6,0
918,blocking_view,A6,0
919,nested_view,A1,1
919,mutable_view,A1,1
919,blocking_view,A1,1
919,nested_view,A2,1
919,mutable_view,A2,1
919,blocking_view,A2,1
919,nested_view,A3,1
919,mutable_view,A3,1
919,blocking_view,A3,1
919,nested_view,A4,1
919,mutable_view,A4,1
919,blocking_view,A4,0
919,nested_view,A5,1
919,mutable_view,A5,1
919,blocking_view,A5,1
919,nested_view,A6,0
919,mutable_view,A6,1
919,blocking_view,A6,1
920,nested_view,A1,1
920,mutable_view,A1,1
920,blocking_view,A1,0
920,nested_view,A2,1
920,mutable_view,A2,1
920,blocking_view,A2,0
920,nested_view,A3,1
920,mutable_view,A3,1
920,blocking_view,A3,0
920,nested_view,A4,1
920,mutable_view,A4,1
920,blocking_view,A4,0
920,nested_view,A5,1
920,mutable_view,A5,1
920,blocking_view,A5,0
920,nested_view,A6,0
920,mutable_view,A6,0
920,blocking_view,A6,0
921,nested_view,A1,1
921,mutable_view,A1,1
921,blocking_view,A1,1
921,nested_view,A2,1
921,mutable_view,A2,1
921,blocking_view,A2,1
921,nested_view,A3,1
921,mutable_view,A3,1
921,blocking_view,A3,1
921,nested_view,A4,1
921,mutable_view,A4,1
921,blocking_view,A4,0
921,nested_view,A5,1
921,mutable_view,A5,1
921,blocking_view,A5,1
921,nested_view,A6,0
921,mutable_view,A6,1
921,blocking_view,A6,0
922,nested_view,A1,1
922,mutable_view,A1,1
922,blocking_view,A1,0
922,nested_view,A2,1
922,mutable_view,A2,1
922,blocking_view,A2,0
922,nested_view,A3,1
922,mutable_view,A3,1
922,blocking_view,A3,0
922,nested_view,A4,1
922,mutable_view,A4,1
922,blocking_view,A4,0
922,nested_view,A5,1
922,mutable_view,A5,0
922,blocking_view,A5,0
922,nested_view,A6,0
922,mutable_view,A6,0
922,blocking_view,A6,1
923,nested_view,A1,0
923,mutable_view,A1,0
923,blocking_view,A1,0
923,nested_view,A2,0
923,mutable_view,A2,0
923,blocking_view,A2,0
923,nested_view,A3,0
923,mutable_view,A3,0
923,blocking_view,A3,0
923,nested_view,A4,1
923,mutable_view,A4,0
923,blocking_view,A4,0
923,nested_view,A5,0
923,mutable_view,A5,0
923,blocking_view,A5,0
923,nested_view,A6,0
923,mutable_view,A6,0
923,blocking_view,A6,0
924,nested_view,A1,1
924,mutable_view,A1,1
924,blocking_view,A1,1
924,nested_view,A2,1
924,mutable_view,A2,1
924,blocking_view,A2,1
924,nested_view,A3,1
924,mutable_view,A3,1
924,blocking_view,A3,1
924,nested_view,A4,1
924,mutable_view,A4,1
924,blocking_view,A4,0
924,nested_view,A5,1
924,mutable_view,A5,1
924,blocking_view,A5,1
924,nested_view,A6,1
924,mutable_view,A6,1
924,blocking_view,A6,1
925,nested_view,A1,1
925,mutable_view,A1,0
925,blocking_view,A1,1
925,nested_view,A2,1
925,mutable_view,A2,0
925,blocking_view,A2,1
925,nested_view,A3,1
925,mutable_view,A3,0
925,blocking_view,A3,1
925,nested_view,A4,1
925,mutable_view,A4,0
925,blocking_view,A4,0
925,nested_view,A5,1
925,mutable_view,A5,0
925,blocking_view,A5,1
925,nested_view,A6,0
925,mutable_view,A6,0
925,blocking_view,A6,0
926,nested_view,A1,1
926,mutable_view,A1,1
926,blocking_view,A1,0
926,nested_view,A2,1
926,mutable_view,A2,1
926,blocking_view,A2,0
926,nested_view,A3,1
926,mutable_view,A3,1
926,blocking_view,A3,0
926,nested_view,A4,1
926,mutable_view,A4,1
926,blocking_view,A4,0
926,nested_view,A5,1
926,mutable_view,A5,1
926,blocking_view,A5,0
926,nested_view,A6,0
926,mutable_view,A6,0
926,blocking_view,A6,0
927,nested_view,A1,1
927,mutable_view,A1,1
927,blocking_view,A1,0
927,nested_view,A2,1
927,mutable_view,A2,1
927,blocking_view,A2,0
927,nested_view,A3,1
927,mutable_view,A3,1
927,blocking_view,A3,0
927,nested_view,A4,1
927,mutable_view,A4,1
927,blocking_view,A4,0
927,nested_view,A5,0
927,mutable_view,A5,1
927,blocking_view,A5,0
927,nested_view,A6,0
927,mutable_view,A6,0
927,blocking_view,A6,0
928,nested_view,A1,1
928,mutable_view,A1,1
928,blocking_view,A1,1
928,nested_view,A2,1
928,mutable_view,A2,1
928,blocking_view,A2,1
928,nested_view,A3,1
928,mutable_view,A3,1
928,blocking_view,A3,1
928,nested_view,A4,1
928,mutable_view,A4,1
928,blocking_view,A4,0
928,nested_view,A5,1
928,mutable_view,A5,0
928,blocking_view,A5,1
928,nested_view,A6,0
928,mutable_view,A6,1
928,blocking_view,A6,1
929,nested_view,A1,1
929,mutable_view,A1,1
929,blocking_view,A1,1
929,nested_view,A2,1
929,mutable_view,A2,1
929,blocking_view,A2,1
929,nested_view,A3,1
929,mutable_view,A3,1
929,blocking_view,A3,1
929,nested_view,A4,1
929,mutable_view,A4,1
929,blocking_view,A4,0
929,nested_view,A5,1
929,mutable_view,A5,1
929,blocking_view,A5,0
929,nested_view,A6,0
929,mutable_view,A6,1
929,blocking_view,A6,0
930,nested_view,A1,0
930,mutable_view,A1,0
930,blocking_view,A1,0
930,nested_view,A2,0
930,mutable_view,A2,0
930,blocking_view,A2,0
930,nested_view,A3,0
930,mutable_view,A3,0
930,blocking_view,A3,0
930,nested_view,A4,0
930,mutable_view,A4,0
930,blocking_view,A4,0
930,nested_view,A5,0
930,mutable_view,A5,0
930,blocking_view,A5,0
930,nested_view,A6,0
930,mutable_view,A6,0
930,blocking_view,A6,0
931,nested_view,A1,0
931,mutable_view,A1,0
931,blocking_view,A1,0
931,nested_view,A2,0
931,mutable_view,A2,0
931,blocking_view,A2,0
931,nested_view,A3,0
931,mutable_view,A3,0
931,blocking_view,A3,0
931,nested_view,A4,0
931,mutable_view,A4,0
931,blocking_view,A4,0
931,nested_view,A5,0
931,mutable_view,A5,0
931,blocking_view,A5,0
931,nested_view,A6,0
931,mutable_view,A6,1
931,blocking_view,A6,0
932,nested_view,A1,0
932,mutable_view,A1,0
932,blocking_view,A1,0
932,nested_view,A2,0
932,mutable_view,A2,0
932,blocking_view,A2,0
932,nested_view,A3,0
932,mutable_view,A3,0
932,blocking_view,A3,0
932,nested_view,A4,0
932,mutable_view,A4,0
932,blocking_view,A4,0
932,nested_view,A5,0
932,mutable_view,A5,0
932,blocking_view,A5,1
932,nested_view,A6,0
932,mutable_view,A6,0
932,blocking_view,A6,0
933,nested_view,A1,0
933,mutable_view,A1,0
933,blocking_view,A1,0
933,nested_view,A2,0
933,mutable_view,A2,0
933,blocking_view,A2,0
933,nested_view,A3,0
933,mutable_view,A3,0
933,blocking_view,A3,0
933,nested_view,A4,0
933,mutable_view,A4,0
933,blocking_view,A4,0
933,nested_view,A5,0
933,mutable_view,A5,0
933,blocking_view,A5,0
933,nested_view,A6,0
933,mutable_view,A6,1
933,blocking_view,A6,0
934,nested_view,A1,0
934,mutable_view,A1,0
934,blocking_view,A1,0
934,nested_view,A2,0
934,mutable_view,A2,0
934,blocking_view,A2,0
934,nested_view,A3,0
934,mutable_view,A3,0
934,blocking_view,A3,0
934,nested_view,A4,0
934,mutable_view,A4,0
934,blocking_view,A4,0
934,nested_view,A5,0
934,mutable_view,A5,0
934,blocking_view,A5,0
934,nested_view,A6,0
934,mutable_view,A6,0
934,blocking_view,A6,0
935,nested_view,A1,0
935,mutable_view,A1,0
935,blocking_view,A1,0
935,nested_view,A2,0
935,mutable_view,A2,0
935,blocking_view,A2,0
935,nested_view,A3,0
935,mutable_view,A3,0
935,blocking_view,A3,0
935,nested_view,A4,0
935,mutable_view,A4,0
935,blocking_view,A4,0
935,nested_view,A5,0
935,mutable_view,A5,0
935,blocking_view,A5,0
935,nested_view,A6,0
935,mutable_view,A6,0
935,blocking_view,A6,0
936,nested_view,A1,1
936,mutable_view,A1,1
936,blocking_view,A1,0
936,nested_view,A2,1
936,mutable_view,A2,1
936,blocking_view,A2,0
936,nested_view,A3,1
936,mutable_view,A3,1
936,blocking_view,A3,0
936,nested_view,A4,1
936,mutable_view,A4,1
936,blocking_view,A4,0
936,nested_view,A5,1
936,mutable_view,A5,1
936,blocking_view,A5,1
936,nested_view,A6,0
936,mutable_view,A6,0
936,blocking_view,A6,0
937,nested_view,A1,1
937,mutable_view,A1,1
937,blocking_view,A1,1
937,nested_view,A2,1
937,mutable_view,A2,1
937,blocking_view,A2,1
937,nested_view,A3,1
937,mutable_view,A3,1
937,blocking_view,A3,1
937,nested_view,A4,1
937,mutable_view,A4,1
937,blocking_view,A4,0
937,nested_view,A5,1
937,mutable_view,A5,1
937,blocking_view,A5,1
937,nested_view,A6,0
937,mutable_view,A6,1
937,blocking_view,A6,1
938,nested_view,A1,0
938,mutable_view,A1,0
938,blocking_view,A1,0
938,nested_view,A2,0
938,mutable_view,A2,0
938,blocking_view,A2,0
938,nested_view,A3,0
938,mutable_view,A3,0
938,blocking_view,A3,0
938,nested_view,A4,0
938,mutable_view,A4,0
938,blocking_view,A4,0
938,nested_view,A5,0
938,mutable_view,A5,0
938,blocking_view,A5,0
938,nested_view,A6,0
938,mutable_view,A6,0
938,blocking_view,A6,0
939,nested_view,A1,0
939,mutable_view,A1,0
939,blocking_view,A1,0
939,nested_view,A2,0
939,mutable_view,A2,0
939,blocking_view,A2,0
939,nested_view,A3,0
939,mutable_view,A3,0
939,blocking_view,A3,0
939,nested_view,A4,0
939,mutable_view,A4,0
939,blocking_view,A4,0
939,nested_view,A5,0
939,mutable_view,A5,0
939,blocking_view,A5,0
939,nested_view,A6,0
939,mutable_view,A6,0
939,blocking_view,A6,0
940,nested_view,A1,1
940,mutable_view,A1,1
940,blocking_view,A1,0
940,nested_view,A2,1
940,mutable_view,A2,1
940,blocking_view,A2,0
940,nested_view,A3,0
940,mutable_view,A3,1
940,blocking_view,A3,0
940,nested_view,A4,1
940,mutable_view,A4,1
940,blocking_view,A4,0
940,nested_view,A5,1
940,mutable_view,A5,1
940,blocking_view,A5,0
940,nested_view,A6,0
940,mutable_view,A6,1
940,blocking_view,A6,0
941,nested_view,A1,0
941,mutable_view,A1,0
941,blocking_view,A1,0
941,nested_view,A2,0
941,mutable_view,A2,0
941,blocking_view,A2,0
941,nested_view,A3,0
941,mutable_view,A3,0
941,blocking_view,A3,0
941,nested_view,A4,0
941,mutable_view,A4,0
941,blocking_view,A4,0
941,nested_view,A5,0
941,mutable_view,A5,0
941,blocking_view,A5,0
941,nested_view,A6,0
941,mutable_view,A6,0
941,blocking_view,A6,0
942,nested_view,A1,1
942,mutable_view,A1,1
942,blocking_view,A1,1
942,nested_view,A2,1
942,mutable_view,A2,1
942,blocking_view,A2,1
942,nested_view,A3,1
942,mutable_view,A3,1
942,blocking_view,A3,1
942,nested_view,A4,0
942,mutable_view,A4,1
942,blocking_view,A4,0
942,nested_view,A5,0
942,mutable_view,A5,1
942,blocking_view,A5,1
942,nested_view,A6,0
942,mutable_view,A6,1
942,blocking_view,A6,1
943,nested_view,A1,0
943,mutable_view,A1,0
943,blocking_view,A1,0
943,nested_view,A2,0
943,mutable_view,A2,0
943,blocking_view,A2,0
943,nested_view,A3,0
943,mutable_view,A3,0
943,blocking_view,A3,0
943,nested_view,A4,0
943,mutable_view,A4,0
943,blocking_view,A4,0
943,nested_view,A5,0
943,mutable_view,A5,0
943,blocking_view,A5,1
943,nested_view,A6,0
943,mutable_view,A6,0
943,blocking_view,A6,0
944,nested_view,A1,1
944,mutable_view,A1,1
944,blocking_view,A1,0
944,nested_view,A2,1
944,mutable_view,A2,1
944,blocking_view,A2,0
944,nested_view,A3,1
944,mutable_view,A3,1
944,blocking_view,A3,0
944,nested_view,A4,1
944,mutable_view,A4,1
944,blocking_view,A4,0
944,nested_view,A5,1
944,mutable_view,A5,1
944,blocking_view,A5,0
944,nested_view,A6,0
944,mutable_view,A6,1
944,blocking_view,A6,1
945,nested_view,A1,1
945,mutable_view,A1,1
945,blocking_view,A1,0
945,nested_view,A2,1
945,mutable_view,A2,1
945,blocking_view,A2,0
945,nested_view,A3,0
945,mutable_view,A3,1
945,blocking_view,A3,0
945,nested_view,A4,1
945,mutable_view,A4,1
945,blocking_view,A4,0
945,nested_view,A5,0
945,mutable_view,A5,1
945,blocking_view,A5,0
945,nested_view,A6,0
945,mutable_view,A6,1
945,blocking_view,A6,1
946,nested_view,A1,0
946,mutable_view,A1,0
946,blocking_view,A1,0
946,nested_view,A2,0
946,mutable_view,A2,0
946,blocking_view,A2,0
946,nested_view,A3,0
946,mutable_view,A3,0
946,blocking_view,A3,0
946,nested_view,A4,0
946,mutable_view,A4,0
946,blocking_view,A4,0
946,nested_view,A5,0
946,mutable_view,A5,0
946,blocking_view,A5,0
946,nested_view,A6,0
946,mutable_view,A6,1
946,blocking_view,A6,1
947,nested_view,A1,0
947,mutable_view,A1,0
947,blocking_view,A1,0
947,nested_view,A2,0
947,mutable_view,A2,0
947,blocking_view,A2,0
947,nested_view,A3,0
947,mutable_view,A3,0
947,blocking_view,A3,0
947,nested_view,A4,0
947,mutable_view,A4,0
947,blocking_view,A4,0
947,nested_view,A5,0
947,mutable_view,A5,0
947,blocking_view,A5,0
947,nested_view,A6,0
947,mutable_view,A6,1
947,blocking_view,A6,1
948,nested_view,A1,0
948,mutable_view,A1,0
948,blocking_view,A1,0
948,nested_view,A2,0
948,mutable_view,A2,0
948,blocking_view,A2,0
948,nested_view,A3,0
948,mutable_view,A3,0
948,blocking_view,A3,0
948,nested_view,A4,0
948,mutable_view,A4,0
948,blocking_view,A4,0
948,nested_view,A5,0
948,mutable_view,A5,0
948,blocking_view,A5,0
948,nested_view,A6,0
948,mutable_view,A6,0
948,blocking_view,A6,0
949,nested_view,A1,1
949,mutable_view,A1,1
949,blocking_view,A1,0
949,nested_view,A2,1
949,mutable_view,A2,1
949,blocking_view,A2,0
949,nested_view,A3,1
949,mutable_view,A3,1
949,blocking_view,A3,0
949,nested_view,A4,1
949,mutable_view,A4,1
949,blocking_view,A4,0
949,nested_view,A5,1
949,mutable_view,A5,0
949,blocking_view,A5,0
949,nested_view,A6,0
949,mutable_view,A6,0
949,blocking_view,A6,0
950,nested_view,A1,1
950,mutable_view,A1,1
950,blocking_view,A1,0
950,nested_view,A2,1
950,mutable_view,A2,1
950,blocking_view,A2,0
950,nested_view,A3,1
950,mutable_view,A3,1
950,blocking_view,A3,0
950,nested_view,A4,1
950,mutable_view,A4,1
950,blocking_view,A4,0
950,nested_view,A5,1
950,mutable_view,A5,1
950,blocking_view,A5,0
950,nested_view,A6,0
950,mutable_view,A6,0
950,blocking_view,A6,0
951,nested_view,A1,1
951,mutable_view,A1,1
951,blocking_view,A1,0
951,nested_view,A2,1
951,mutable_view,A2,1
951,blocking_view,A2,0
951,nested_view,A3,1
951,mutable_view,A3,1
951,blocking_view,A3,0
951,nested_view,A4,1
951,mutable_view,A4,1
951,blocking_view,A4,0
951,nested_view,A5,1
951,mutable_view,A5,1
951,blocking_view,A5,0
951,nested_view,A6,0
951,mutable_view,A6,0
951,blocking_view,A6,0
952,nested_view,A1,1
952,mutable_view,A1,1
952,blocking_view,A1,0
952,nested_view,A2,1
952,mutable_view,A2,1
952,blocking_view,A2,0
952,nested_view,A3,1
952,mutable_view,A3,1
952,blocking_view,A3,0
952,nested_view,A4,1
952,mutable_view,A4,1
952,blocking_view,A4,0
952,nested_view,A5,1
952,mutable_view,A5,1
952,blocking_view,A5,0
952,nested_view,A6,0
952,mutable_view,A6,0
952,blocking_view,A6,0
953,nested_view,A1,1
953,mutable_view,A1,1
953,blocking_view,A1,0
953,nested_view,A2,1
953,mutable_view,A2,1
953,blocking_view,A2,0
953,nested_view,A3,1
953,mutable_view,A3,1
953,blocking_view,A3,0
953,nested_view,A4,1
953,mutable_view,A4,1
953,blocking_view,A4,0
953,nested_view,A5,1
953,mutable_view,A5,1
953,blocking_view,A5,0
953,nested_view,A6,0
953,mutable_view,A6,0
953,blocking_view,A6,0
954,nested_view,A1,1
954,mutable_view,A1,1
954,blocking_view,A1,0
954,nested_view,A2,1
954,mutable_view,A2,1
954,blocking_view,A2,0
954,nested_view,A3,1
954,mutable_view,A3,1
954,blocking_view,A3,0
954,nested_view,A4,1
954,mutable_view,A4,1
954,blocking_view,A4,0
954,nested_view,A5,1
954,mutable_view,A5,1
954,blocking_view,A5,0
954,nested_view,A6,0
954,mutable_view,A6,0
954,blocking_view,A6,0
955,nested_view,A1,1
955,mutable_view,A1,1
955,blocking_view,A1,0
955,nested_view,A2,1
955,mutable_view,A2,1
955,blocking_view,A2,0
955,nested_view,A3,1
955,mutable_view,A3,1
955,blocking_view,A3,0
955,nested_view,A4,1
955,mutable_view,A4,1
955,blocking_view,A4,0
955,nested_view,A5,1
955,mutable_view,A5,1
955,blocking_view,A5,0
955,nested_view,A6,0
955,mutable_view,A6,0
955,blocking_view,A6,0
956,nested_view,A1,1
956,mutable_view,A1,1
956,blocking_view,A1,0
956,nested_view,A2,1
956,mutable_view,A2,1
956,blocking_view,A2,0
956,nested_view,A3,1
956,mutable_view,A3,1
956,blocking_view,A3,0
956,nested_view,A4,1
956,mutable_view,A4,1
956,blocking_view,A4,0
956,nested_view,A5,1
956,mutable_view,A5,0
956,blocking_view,A5,0
956,nested_view,A6,0
956,mutable_view,A6,0
956,blocking_view,A6,0
957,nested_view,A1,1
957,mutable_view,A1,1
957,blocking_view,A1,0
957,nested_view,A2,1
957,mutable_view,A2,1
957,blocking_view,A2,0
957,nested_view,A3,1
957,mutable_view,A3,1
957,blocking_view,A3,0
957,nested_view,A4,1
957,mutable_view,A4,0
957,blocking_view,A4,0
957,nested_view,A5,1
957,mutable_view,A5,0
957,blocking_view,A5,0
957,nested_view,A6,0
957,mutable_view,A6,0
957,blocking_view,A6,0
958,nested_view,A1,1
958,mutable_view,A1,1
958,blocking_view,A1,0
958,nested_view,A2,1
958,mutable_view,A2,1
958,blocking_view,A2,0
958,nested_view,A3,1
958,mutable_view,A3,1
958,blocking_view,A3,0
958,nested_view,A4,1
958,mutable_view,A4,0
958,blocking_view,A4,0
958,nested_view,A5,1
958,mutable_view,A5,1
958,blocking_view,A5,0
958,nested_view,A6,0
958,mutable_view,A6,0
958,blocking_view,A6,0
959,nested_view,A1,1
959,mutable_view,A1,0
959,blocking_view,A1,1
959,nested_view,A2,1
959,mutable_view,A2,0
959,blocking_view,A2,1
959,nested_view,A3,1
959,mutable_view,A3,0
959,blocking_view,A3,1
959,nested_view,A4,1
959,mutable_view,A4,0
959,blocking_view,A4,0
959,nested_view,A5,1
959,mutable_view,A5,0
959,blocking_view,A5,1
959,nested_view,A6,0
959,mutable_view,A6,0
959,blocking_view,A6,0
960,nested_view,A1,1
960,mutable_view,A1,0
960,blocking_view,A1,1
960,nested_view,A2,1
960,mutable_view,A2,0
960,blocking_view,A2,1
960,nested_view,A3,1
960,mutable_view,A3,0
960,blocking_view,A3,0
960,nested_view,A4,1
960,mutable_view,A4,0
960,blocking_view,A4,0
960,nested_view,A5,1
960,mutable_view,A5,0
960,blocking_view,A5,0
960,nested_view,A6,0
960,mutable_view,A6,0
960,blocking_view,A6,0
961,nested_view,A1,1
961,mutable_view,A1,1
961,blocking_view,A1,0
961,nested_view,A2,1
961,mutable_view,A2,1
961,blocking_view,A2,0
961,nested_view,A3,1
961,mutable_view,A3,1
961,blocking_view,A3,0
961,nested_view,A4,1
961,mutable_view,A4,1
961,blocking_view,A4,0
961,nested_view,A5,1
961,mutable_view,A5,1
961,blocking_view,A5,0
961,nested_view,A6,0
961,mutable_view,A6,0
961,blocking_view,A6,0
962,nested_view,A1,1
962,mutable_view,A1,1
962,blocking_view,A1,0
962,nested_view,A2,1
962,mutable_view,A2,1
962,blocking_view,A2,0
962,nested_view,A3,1
962,mutable_view,A3,1
962,blocking_view,A3,0
962,nested_view,A4,1
962,mutable_view,A4,1
962,blocking_view,A4,0
962,nested_view,A5,1
962,mutable_view,A5,1
962,blocking_view,A5,0
962,nested_view,A6,0
962,mutable_view,A6,0
962,blocking_view,A6,0
963,nested_view,A1,0
963,mutable_view,A1,0
963,blocking_view,A1,0
963,nested_view,A2,0
963,mutable_view,A2,0
963,blocking_view,A2,0
963,nested_view,A3,0
963,mutable_view,A3,0
963,blocking_view,A3,0
963,nested_view,A4,0
963,mutable_view,A4,0
963,blocking_view,A4,0
963,nested_view,A5,0
963,mutable_view,A5,0
963,blocking_view,A5,0
963,nested_view,A6,0
963,mutable_view,A6,0
963,blocking_view,A6,0
964,nested_view,A1,1
964,mutable_view,A1,1
964,blocking_view,A1,1
964,nested_view,A2,1
964,mutable_view,A2,1
964,blocking_view,A2,1
964,nested_view,A3,1
964,mutable_view,A3,1
964,blocking_view,A3,1
964,nested_view,A4,0
964,mutable_view,A4,1
964,blocking_view,A4,1
964,nested_view,A5,1
964,mutable_view,A5,1
964,blocking_view,A5,1
964,nested_view,A6,0
964,mutable_view,A6,1
964,blocking_view,A6,1
965,nested_view,A1,0
965,mutable_view,A1,0
965,blocking_view,A1,0
965,nested_view,A2,0
965,mutable_view,A2,0
965,blocking_view,A2,0
965,nested_view,A3,0
965,mutable_view,A3,0
965,blocking_view,A3,0
965,nested_view,A4,0
965,mutable_view,A4,0
965,blocking_view,A4,0
965,nested_view,A5,0
965,mutable_view,A5,0
965,blocking_view,A5,0
965,nested_view,A6,0
965,mutable_view,A6,0
965,blocking_view,A6,0
966,nested_view,A1,1
966,mutable_view,A1,1
966,blocking_view,A1,1
966,nested_view,A2,1
966,mutable_view,A2,1
966,blocking_view,A2,1
966,nested_view,A3,1
966,mutable_view,A3,1
966,blocking_view,A3,1
966,nested_view,A4,1
966,mutable_view,A4,1
966,blocking_view,A4,0
966,nested_view,A5,1
966,mutable_view,A5,1
966,blocking_view,A5,1
966,nested_view,A6,0
966,mutable_view,A6,0
966,blocking_view,A6,1
967,nested_view,A1,1
967,mutable_view,A1,1
967,blocking_view,A1,0
967,nested_view,A2,1
967,mutable_view,A2,1
967,blocking_view,A2,0
967,nested_view,A3,1
967,mutable_view,A3,1
967,blocking_view,A3,0
967,nested_view,A4,1
967,mutable_view,A4,1
967,blocking_view,A4,0
967,nested_view,A5,1
967,mutable_view,A5,1
967,blocking_view,A5,0
967,nested_view,A6,0
967,mutable_view,A6,1
967,blocking_view,A6,1
968,nested_view,A1,0
968,mutable_view,A1,0
968,blocking_view,A1,0
968,nested_view,A2,0
968,mutable_view,A2,0
968,blocking_view,A2,0
968,nested_view,A3,0
968,mutable_view,A3,0
968,blocking_view,A3,0
968,nested_view,A4,0
968,mutable_view,A4,0
968,blocking_view,A4,0
968,nested_view,A5,0
968,mutable_view,A5,0
968,blocking_view,A5,0
968,nested_view,A6,0
968,mutable_view,A6,0
968,blocking_view,A6,0
969,nested_view,A1,1
969,mutable_view,A1,1
969,blocking_view,A1,1
969,nested_view,A2,1
969,mutable_view,A2,1
969,blocking_view,A2,1
969,nested_view,A3,1
969,mutable_view,A3,1
969,blocking_view,A3,1
969,nested_view,A4,0
969,mutable_view,A4,1
969,blocking_view,A4,0
969,nested_view,A5,1
969,mutable_view,A5,1
969,blocking_view,A5,1
969,nested_view,A6,0
969,mutable_view,A6,1
969,blocking_view,A6,1
970,nested_view,A1,0
970,mutable_view,A1,0
970,blocking_view,A1,0
970,nested_view,A2,0
970,mutable_view,A2,0
970,blocking_view,A2,0
970,nested_view,A3,0
970,mutable_view,A3,0
970,blocking_view,A3,0
970,nested_view,A4,0
970,mutable_view,A4,0
970,blocking_view,A4,0
970,nested_view,A5,0
970,mutable_view,A5,0
970,blocking_view,A5,0
970,nested_view,A6,0
970,mutable_view,A6,0
970,blocking_view,A6,0
971,nested_view,A1,1
971,mutable_view,A1,1
971,blocking_view,A1,1
971,nested_view,A2,1
971,mutable_view,A2,1
971,blocking_view,A2,1
971,nested_view,A3,1
971,mutable_view,A3,1
971,blocking_view,A3,1
971,nested_view,A4,0
971,mutable_view,A4,1
971,blocking_view,A4,0
971,nested_view,A5,0
971,mutable_view,A5,1
971,blocking_view,A5,1
971,nested_view,A6,0
971,mutable_view,A6,1
971,blocking_view,A6,0
972,nested_view,A1,0
972,mutable_view,A1,0
972,blocking_view,A1,0
972,nested_view,A2,0
972,mutable_view,A2,0
972,blocking_view,A2,0
972,nested_view,A3,0
972,mutable_view,A3,0
972,blocking_view,A3,0
972,nested_view,A4,0
972,mutable_view,A4,0
972,blocking_view,A4,0
972,nested_view,A5,0
972,mutable_view,A5,0
972,blocking_view,A5,1
972,nested_view,A6,0
972,mutable_view,A6,0
972,blocking_view,A6,0
973,nested_view,A1,1
973,mutable_view,A1,1
973,blocking_view,A1,1
973,nested_view,A2,1
973,mutable_view,A2,1
973,blocking_view,A2,1
973,nested_view,A3,1
973,mutable_view,A3,1
973,blocking_view,A3,1
973,nested_view,A4,1
973,mutable_view,A4,1
973,blocking_view,A4,0
973,nested_view,A5,1
973,mutable_view,A5,1
973,blocking_view,A5,1
973,nested_view,A6,0
973,mutable_view,A6,0
973,blocking_view,A6,0
974,nested_view,A1,1
974,mutable_view,A1,1
974,blocking_view,A1,1
974,nested_view,A2,1
974,mutable_view,A2,1
974,blocking_view,A2,1
974,nested_view,A3,1
974,mutable_view,A3,1
974,blocking_view,A3,1
974,nested_view,A4,1
974,mutable_view,A4,1
974,blocking_view,A4,0
974,nested_view,A5,1
974,mutable_view,A5,0
974,blocking_view,A5,1
974,nested_view,A6,0
974,mutable_view,A6,1
974,blocking_view,A6,1
975,nested_view,A1,1
975,mutable_view,A1,1
975,blocking_view,A1,1
975,nested_view,A2,1
975,mutable_view,A2,1
975,blocking_view,A2,1
975,nested_view,A3,1
975,mutable_view,A3,1
975,blocking_view,A3,1
975,nested_view,A4,1
975,mutable_view,A4,1
975,blocking_view,A4,0
975,nested_view,A5,1
975,mutable_view,A5,0
975,blocking_view,A5,0
975,nested_view,A6,0
975,mutable_view,A6,0
975,blocking_view,A6,0
976,nested_view,A1,1
976,mutable_view,A1,1
976,blocking_view,A1,0
976,nested_view,A2,1
976,mutable_view,A2,1
976,blocking_view,A2,0
976,nested_view,A3,1
976,mutable_view,A3,1
976,blocking_view,A3,0
976,nested_view,A4,1
976,mutable_view,A4,1
976,blocking_view,A4,0
976,nested_view,A5,1
976,mutable_view,A5,1
976,blocking_view,A5,0
976,nested_view,A6,0
976,mutable_view,A6,0
976,blocking_view,A6,0
977,nested_view,A1,0
977,mutable_view,A1,0
977,blocking_view,A1,0
977,nested_view,A2,0
977,mutable_view,A2,0
977,blocking_view,A2,0
977,nested_view,A3,0
977,mutable_view,A3,0
977,blocking_view,A3,0
977,nested_view,A4,0
977,mutable_view,A4,0
977,blocking_view,A4,0
977,nested_view,A5,1
977,mutable_view,A5,1
977,blocking_view,A5,0
977,nested_view,A6,0
977,mutable_view,A6,0
977,blocking_view,A6,0
978,nested_view,A1,0
978,mutable_view,A1,0
978,blocking_view,A1,0
978,nested_view,A2,0
978,mutable_view,A2,0
978,blocking_view,A2,0
978,nested_view,A3,0
978,mutable_view,A3,0
978,blocking_view,A3,0
978,nested_view,A4,0
978,mutable_view,A4,0
978,blocking_view,A4,0
978,nested_view,A5,0
978,mutable_view,A5,0
978,blocking_view,A5,0
978,nested_view,A6,0
978,mutable_view,A6,0
978,blocking_view,A6,0
979,nested_view,A1,0
979,mutable_view,A1,0
979,blocking_view,A1,0
979,nested_view,A2,0
979,mutable_view,A2,0
979,blocking_view,A2,0
979,nested_view,A3,0
979,mutable_view,A3,0
979,blocking_view,A3,0
979,nested_view,A4,0
979,mutable_view,A4,0
979,blocking_view,A4,0
979,nested_view,A5,1
979,mutable_view,A5,0
979,blocking_view,A5,1
979,nested_view,A6,0
979,mutable_view,A6,0
979,blocking_view,A6,0
980,nested_view,A1,0
980,mutable_view,A1,0
980,blocking_view,A1,0
980,nested_view,A2,0
980,mutable_view,A2,0
980,blocking_view,A2,0
980,nested_view,A3,0
980,mutable_view,A3,0
980,blocking_view,A3,0
980,nested_view,A4,0
980,mutable_view,A4,0
980,blocking_view,A4,0
980,nested_view,A5,0
980,mutable_view,A5,1
980,blocking_view,A5,1
980,nested_view,A6,0
980,mutable_view,A6,0
980,blocking_view,A6,0
981,nested_view,A1,1
981,mutable_view,A1,1
981,blocking_view,A1,0
981,nested_view,A2,1
981,mutable_view,A2,1
981,blocking_view,A2,0
981,nested_view,A3,1
981,mutable_view,A3,1
981,blocking_view,A3,0
981,nested_view,A4,0
981,mutable_view,A4,1
981,blocking_view,A4,0
981,nested_view,A5,1
981,mutable_view,A5,0
981,blocking_view,A5,0
981,nested_view,A6,0
981,mutable_view,A6,0
981,blocking_view,A6,0
982,nested_view,A1,0
982,mutable_view,A1,0
982,blocking_view,A1,0
982,nested_view,A2,0
982,mutable_view,A2,0
982,blocking_view,A2,0
982,nested_view,A3,0
982,mutable_view,A3,0
982,blocking_view,A3,0
982,nested_view,A4,0
982,mutable_view,A4,0
982,blocking_view,A4,0
982,nested_view,A5,0
982,mutable_view,A5,0
982,blocking_view,A5,0
982,nested_view,A6,0
982,mutable_view,A6,0
982,blocking_view,A6,0
983,nested_view,A1,0
983,mutable_view,A1,0
983,blocking_view,A1,0
983,nested_view,A2,0
983,mutable_view,A2,0
983,blocking_view,A2,0
983,nested_view,A3,0
983,mutable_view,A3,0
983,blocking_view,A3,0
983,nested_view,A4,0
983,mutable_view,A4,0
983,blocking_view,A4,0
983,nested_view,A5,0
983,mutable_view,A5,0
983,blocking_view,A5,0
983,nested_view,A6,0
983,mutable_view,A6,0
983,blocking_view,A6,0
984,nested_view,A1,1
984,mutable_view,A1,1
984,blocking_view,A1,1
984,nested_view,A2,1
984,mutable_view,A2,1
984,blocking_view,A2,1
984,nested_view,A3,1
984,mutable_view,A3,1
984,blocking_view,A3,1
984,nested_view,A4,1
984,mutable_view,A4,1
984,blocking_view,A4,0
984,nested_view,A5,1
984,mutable_view,A5,1
984,blocking_view,A5,1
984,nested_view,A6,0
984,mutable_view,A6,1
984,blocking_view,A6,0
985,nested_view,A1,1
985,mutable_view,A1,1
985,blocking_view,A1,1
985,nested_view,A2,1
985,mutable_view,A2,1
985,blocking_view,A2,1
985,nested_view,A3,1
985,mutable_view,A3,1
985,blocking_view,A3,1
985,nested_view,A4,1
985,mutable_view,A4,1
985,blocking_view,A4,1
985,nested_view,A5,0
985,mutable_view,A5,1
985,blocking_view,A5,1
985,nested_view,A6,0
985,mutable_view,A6,1
985,blocking_view,A6,1
986,nested_view,A1,1
986,mutable_view,A1,1
986,blocking_view,A1,0
986,nested_view,A2,1
986,mutable_view,A2,1
986,blocking_view,A2,0
986,nested_view,A3,1
986,mutable_view,A3,1
986,blocking_view,A3,0
986,nested_view,A4,1
986,mutable_view,A4,0
986,blocking_view,A4,0
986,nested_view,A5,1
986,mutable_view,A5,1
986,blocking_view,A5,0
986,nested_view,A6,0
986,mutable_view,A6,0
986,blocking_view,A6,0
987,nested_view,A1,1
987,mutable_view,A1,1
987,blocking_view,A1,0
987,nested_view,A2,1
987,mutable_view,A2,1
987,blocking_view,A2,0
987,nested_view,A3,1
987,mutable_view,A3,1
987,blocking_view,A3,0
987,nested_view,A4,1
987,mutable_view,A4,1
987,blocking_view,A4,0
987,nested_view,A5,1
987,mutable_view,A5,1
987,blocking_view,A5,0
987,nested_view,A6,0
987,mutable_view,A6,0
987,blocking_view,A6,0
988,nested_view,A1,1
988,mutable_view,A1,1
988,blocking_view,A1,1
988,nested_view,A2,1
988,mutable_view,A2,1
988,blocking_view,A2,1
988,nested_view,A3,1
988,mutable_view,A3,1
988,blocking_view,A3,1
988,nested_view,A4,1
988,mutable_view,A4,1
988,blocking_view,A4,0
988,nested_view,A5,1
988,mutable_view,A5,1
988,blocking_view,A5,1
988,nested_view,A6,0
988,mutable_view,A6,1
988,blocking_view,A6,1
989,nested_view,A1,0
989,mutable_view,A1,0
989,blocking_view,A1,0
989,nested_view,A2,0
989,mutable_view,A2,0
989,blocking_view,A2,0
989,nested_view,A3,0
989,mutable_view,A3,0
989,blocking_view,A3,0
989,nested_view,A4,0
989,mutable_view,A4,0
989,blocking_view,A4,0
989,nested_view,A5,0
989,mutable_view,A5,0
989,blocking_view,A5,0
989,nested_view,A6,0
989,mutable_view,A6,0
989,blocking_view,A6,0
990,nested_view,A1,1
990,mutable_view,A1,1
990,blocking_view,A1,0
990,nested_view,A2,1
990,mutable_view,A2,1
990,blocking_view,A2,0
990,nested_view,A3,1
990,mutable_view,A3,1
990,blocking_view,A3,0
990,nested_view,A4,1
990,mutable_view,A4,1
990,blocking_view,A4,0
990,nested_view,A5,1
990,mutable_view,A5,1
990,blocking_view,A5,0
990,nested_view,A6,0
990,mutable_view,A6,0
990,blocking_view,A6,0
991,nested_view,A1,1
991,mutable_view,A1,1
991,blocking_view,A1,1
991,nested_view,A2,1
991,mutable_view,A2,1
991,blocking_view,A2,1
991,nested_view,A3,1
991,mutable_view,A3,1
991,blocking_view,A3,1
991,nested_view,A4,1
991,mutable_view,A4,1
991,blocking_view,A4,0
991,nested_view,A5,1
991,mutable_view,A5,1
991,blocking_view,A5,1
991,nested_view,A6,0
991,mutable_view,A6,1
991,blocking_view,A6,1
992,nested_view,A1,1
992,mutable_view,A1,1
992,blocking_view,A1,0
992,nested_view,A2,1
992,mutable_view,A2,1
992,blocking_view,A2,0
992,nested_view,A3,1
992,mutable_view,A3,1
992,blocking_view,A3,0
992,nested_view,A4,1
992,mutable_view,A4,1
992,blocking_view,A4,0
992,nested_view,A5,1
992,mutable_view,A5,1
992,blocking_view,A5,0
992,nested_view,A6,0
992,mutable_view,A6,0
992,blocking_view,A6,0
993,nested_view,A1,1
993,mutable_view,A1,1
993,blocking_view,A1,0
993,nested_view,A2,1
993,mutable_view,A2,1
993,blocking_view,A2,0
993,nested_view,A3,1
993,mutable_view,A3,1
993,blocking_view,A3,0
993,nested_view,A4,1
993,mutable_view,A4,1
993,blocking_view,A4,0
993,nested_view,A5,1
993,mutable_view,A5,1
993,blocking_view,A5,0
993,nested_view,A6,0
993,mutable_view,A6,0
993,blocking_view,A6,0
994,nested_view,A1,0
994,mutable_view,A1,0
994,blocking_view,A1,0
994,nested_view,A2,0
994,mutable_view,A2,0
994,blocking_view,A2,0
994,nested_view,A3,0
994,mutable_view,A3,0
994,blocking_view,A3,0
994,nested_view,A4,0
994,mutable_view,A4,0
994,blocking_view,A4,0
994,nested_view,A5,0
994,mutable_view,A5,0
994,blocking_view,A5,0
994,nested_view,A6,0
994,mutable_view,A6,0
994,blocking_view,A6,0
995,nested_view,A1,1
995,mutable_view,A1,1
995,blocking_view,A1,0
995,nested_view,A2,1
995,mutable_view,A2,1
995,blocking_view,A2,0
995,nested_view,A3,1
995,mutable_view,A3,1
995,blocking_view,A3,0
995,nested_view,A4,1
995,mutable_view,A4,1
995,blocking_view,A4,0
995,nested_view,A5,1
995,mutable_view,A5,1
995,blocking_view,A5,1
995,nested_view,A6,0
995,mutable_view,A6,0
995,blocking_view,A6,0
996,nested_view,A1,1
996,mutable_view,A1,1
996,blocking_view,A1,0
996,nested_view,A2,1
996,mutable_view,A2,1
996,blocking_view,A2,0
996,nested_view,A3,1
996,mutable_view,A3,1
996,blocking_view,A3,0
996,nested_view,A4,1
996,mutable_view,A4,1
996,blocking_view,A4,0
996,nested_view,A5,1
996,mutable_view,A5,1
996,blocking_view,A5,0
996,nested_view,A6,0
996,mutable_view,A6,0
996,blocking_view,A6,0
997,nested_view,A1,1
997,mutable_view,A1,1
997,blocking_view,A1,0
997,nested_view,A2,1
997,mutable_view,A2,1
997,blocking_view,A2,0
997,nested_view,A3,1
997,mutable_view,A3,1
997,blocking_view,A3,0
997,nested_view,A4,1
997,mutable_view,A4,1
997,blocking_view,A4,0
997,nested_view,A5,1
997,mutable_view,A5,1
997,blocking_view,A5,0
997,nested_view,A6,0
997,mutable_view,A6,0
997,blocking_view,A6,0
998,nested_view,A1,0
998,mutable_view,A1,0
998,blocking_view,A1,0
998,nested_view,A2,0
998,mutable_view,A2,0
998,blocking_view,A2,0
998,nested_view,A3,0
998,mutable_view,A3,0
998,blocking_view,A3,0
998,nested_view,A4,0
998,mutable_view,A4,0
998,blocking_view,A4,0
998,nested_view,A5,0
998,mutable_view,A5,0
998,blocking_view,A5,0
998,nested_view,A6,0
998,mutable_view,A6,0
998,blocking_view,A6,0
999,nested_view,A1,1
999,mutable_view,A1,1
999,blocking_view,A1,0
999,nested_view,A2,1
999,mutable_view,A2,1
999,blocking_view,A2,0
999,nested_view,A3,1
999,mutable_view,A3,1
999,blocking_view,A3,0
999,nested_view,A4,0
999,mutable_view,A4,1
999,blocking_view,A4,0
999,nested_view,A5,1
999,mutable_view,A5,1
999,blocking_view,A5,0
999,nested_view,A6,0
999,mutable_view,A6,0
999,blocking_view,A6,0
1000,nested_view,A1,0
1000,mutable_view,A1,0
1000,blocking_view,A1,0
1000,nested_view,A2,0
1000,mutable_view,A2,0
1000,blocking_view,A2,0
1000,nested_view,A3,0
1000,mutable_view,A3,0
1000,blocking_view,A3,0
1000,nested_view,A4,0
1000,mutable_view,A4,0
1000,blocking_view,A4,0
1000,nested_view,A5,0
1000,mutable_view,A5,0
1000,blocking_view,A5,0
1000,nested_view,A6,0
1000,mutable_view,A6,0
1000,blocking_view,A6,0
1001,nested_view,A1,1
1001,mutable_view,A1,1
1001,blocking_view,A1,0
1001,nested_view,A2,1
1001,mutable_view,A2,1
1001,blocking_view,A2,0
1001,nested_view,A3,1
1001,mutable_view,A3,1
1001,blocking_view,A3,0
1001,nested_view,A4,1
1001,mutable_view,A4,1
1001,blocking_view,A4,0
1001,nested_view,A5,1
1001,mutable_view,A5,1
1001,blocking_view,A5,0
1001,nested_view,A6,0
1001,mutable_view,A6,0
1001,blocking_view,A6,0
1002,nested_view,A1,1
1002,mutable_view,A1,1
1002,blocking_view,A1,0
1002,nested_view,A2,1
1002,mutable_view,A2,1
1002,blocking_view,A2,0
1002,nested_view,A3,1
1002,mutable_view,A3,1
1002,blocking_view,A3,0
1002,nested_view,A4,1
1002,mutable_view,A4,1
1002,blocking_view,A4,0
1002,nested_view,A5,0
1002,mutable_view,A5,1
1002,blocking_view,A5,0
1002,nested_view,A6,0
1002,mutable_view,A6,0
1002,blocking_view,A6,0
1003,nested_view,A1,1
1003,mutable_view,A1,1
1003,blocking_view,A1,0
1003,nested_view,A2,1
1003,mutable_view,A2,1
1003,blocking_view,A2,0
1003,nested_view,A3,1
1003,mutable_view,A3,1
1003,blocking_view,A3,0
1003,nested_view,A4,1
1003,mutable_view,A4,1
1003,blocking_view,A4,0
1003,nested_view,A5,1
1003,mutable_view,A5,1
1003,blocking_view,A5,0
1003,nested_view,A6,0
1003,mutable_view,A6,0
1003,blocking_view,A6,0
1004,nested_view,A1,1
1004,mutable_view,A1,1
1004,blocking_view,A1,0
1004,nested_view,A2,1
1004,mutable_view,A2,1
1004,blocking_view,A2,0
1004,nested_view,A3,1
1004,mutable_view,A3,0
1004,blocking_view,A3,1
1004,nested_view,A4,1
1004,mutable_view,A4,1
1004,blocking_view,A4,0
1004,nested_view,A5,1
1004,mutable_view,A5,1
1004,blocking_view,A5,0
1004,nested_view,A6,0
1004,mutable_view,A6,0
1004,blocking_view,A6,0
1005,nested_view,A1,1
1005,mutable_view,A1,1
1005,blocking_view,A1,0
1005,nested_view,A2,1
1005,mutable_view,A2,1
1005,blocking_view,A2,0
1005,nested_view,A3,1
1005,mutable_view,A3,1
1005,blocking_view,A3,0
1005,nested_view,A4,1
1005,mutable_view,A4,1
1005,blocking_view,A4,0
1005,nested_view,A5,1
1005,mutable_view,A5,1
1005,blocking_view,A5,0
1005,nested_view,A6,0
1005,mutable_view,A6,0
1005,blocking_view,A6,0
1006,nested_view,A1,0
1006,mutable_view,A1,0
1006,blocking_view,A1,0
1006,nested_view,A2,0
1006,mutable_view,A2,0
1006,blocking_view,A2,0
1006,nested_view,A3,0
1006,mutable_view,A3,0
1006,blocking_view,A3,0
1006,nested_view,A4,0
1006,mutable_view,A4,0
1006,blocking_view,A4,0
1006,nested_view,A5,0
1006,mutable_view,A5,0
1006,blocking_view,A5,0
1006,nested_view,A6,0
1006,mutable_view,A6,0
1006,blocking_view,A6,0
1007,nested_view,A1,1
1007,mutable_view,A1,1
1007,blocking_view,A1,0
1007,nested_view,A2,1
1007,mutable_view,A2,1
1007,blocking_view,A2,0
1007,nested_view,A3,1
1007,mutable_view,A3,1
1007,blocking_view,A3,0
1007,nested_view,A4,1
1007,mutable_view,A4,1
1007,blocking_view,A4,0
1007,nested_view,A5,1
1007,mutable_view,A5,1
1007,blocking_view,A5,0
1007,nested_view,A6,0
1007,mutable_view,A6,0
1007,blocking_view,A6,0
1008,nested_view,A1,1
1008,mutable_view,A1,1
1008,blocking_view,A1,0
1008,nested_view,A2,1
1008,mutable_view,A2,1
1008,blocking_view,A2,0
1008,nested_view,A3,1
1008,mutable_view,A3,1
1008,blocking_view,A3,0
1008,nested_view,A4,1
1008,mutable_view,A4,1
1008,blocking_view,A4,0
1008,nested_view,A5,1
1008,mutable_view,A5,1
1008,blocking_view,A5,0
1008,nested_view,A6,0
1008,mutable_view,A6,0
1008,blocking_view,A6,0
1009,nested_view,A1,1
1009,mutable_view,A1,1
1009,blocking_view,A1,0
1009,nested_view,A2,1
1009,mutable_view,A2,1
1009,blocking_view,A2,0
1009,nested_view,A3,1
1009,mutable_view,A3,1
1009,blocking_view,A3,0
1009,nested_view,A4,1
1009,mutable_view,A4,1
1009,blocking_view,A4,0
1009,nested_view,A5,1
1009,mutable_view,A5,1
1009,blocking_view,A5,0
1009,nested_view,A6,0
1009,mutable_view,A6,0
1009,blocking_view,A6,0
1010,nested_view,A1,0
1010,mutable_view,A1,0
1010,blocking_view,A1,0
1010,nested_view,A2,0
1010,mutable_view,A2,0
1010,blocking_view,A2,0
1010,nested_view,A3,0
1010,mutable_view,A3,0
1010,blocking_view,A3,0
1010,nested_view,A4,0
1010,mutable_view,A4,0
1010,blocking_view,A4,0
1010,nested_view,A5,0
1010,mutable_view,A5,0
1010,blocking_view,A5,0
1010,nested_view,A6,0
1010,mutable_view,A6,0
1010,blocking_view,A6,0
1011,nested_view,A1,0
1011,mutable_view,A1,0
1011,blocking_view,A1,0
1011,nested_view,A2,0
1011,mutable_view,A2,0
1011,blocking_view,A2,0
1011,nested_view,A3,0
1011,mutable_view,A3,0
1011,blocking_view,A3,0
1011,nested_view,A4,0
1011,mutable_view,A4,0
1011,blocking_view,A4,0
1011,nested_view,A5,0
1011,mutable_view,A5,0
1011,blocking_view,A5,0
1011,nested_view,A6,0
1011,mutable_view,A6,0
1011,blocking_view,A6,0
1012,nested_view,A1,1
1012,mutable_view,A1,1
1012,blocking_view,A1,0
1012,nested_view,A2,1
1012,mutable_view,A2,1
1012,blocking_view,A2,0
1012,nested_view,A3,1
1012,mutable_view,A3,1
1012,blocking_view,A3,0
1012,nested_view,A4,1
1012,mutable_view,A4,1
1012,blocking_view,A4,0
1012,nested_view,A5,1
1012,mutable_view,A5,1
1012,blocking_view,A5,0
1012,nested_view,A6,0
1012,mutable_view,A6,0
1012,blocking_view,A6,0
1013,nested_view,A1,1
1013,mutable_view,A1,1
1013,blocking_view,A1,0
1013,nested_view,A2,1
1013,mutable_view,A2,1
1013,blocking_view,A2,0
1013,nested_view,A3,1
1013,mutable_view,A3,1
1013,blocking_view,A3,0
1013,nested_view,A4,1
1013,mutable_view,A4,1
1013,blocking_view,A4,0
1013,nested_view,A5,1
1013,mutable_view,A5,1
1013,blocking_view,A5,0
1013,nested_view,A6,0
1013,mutable_view,A6,0
1013,blocking_view,A6,0
1014,nested_view,A1,1
1014,mutable_view,A1,1
1014,blocking_view,A1,0
1014,nested_view,A2,1
1014,mutable_view,A2,1
1014,blocking_view,A2,0
1014,nested_view,A3,1
1014,mutable_view,A3,1
1014,blocking_view,A3,0
1014,nested_view,A4,1
1014,mutable_view,A4,1
1014,blocking_view,A4,0
1014,nested_view,A5,0
1014,mutable_view,A5,1
1014,blocking_view,A5,0
1014,nested_view,A6,0
1014,mutable_view,A6,0
1014,blocking_view,A6,0
1015,nested_view,A1,1
1015,mutable_view,A1,1
1015,blocking_view,A1,0
1015,nested_view,A2,1
1015,mutable_view,A2,1
1015,blocking_view,A2,0
1015,nested_view,A3,1
1015,mutable_view,A3,1
1015,blocking_view,A3,0
1015,nested_view,A4,1
1015,mutable_view,A4,1
1015,blocking_view,A4,0
1015,nested_view,A5,1
1015,mutable_view,A5,1
1015,blocking_view,A5,0
1015,nested_view,A6,0
1015,mutable_view,A6,0
1015,blocking_view,A6,0
1016,nested_view,A1,1
1016,mutable_view,A1,1
1016,blocking_view,A1,0
1016,nested_view,A2,1
1016,mutable_view,A2,1
1016,blocking_view,A2,0
1016,nested_view,A3,1
1016,mutable_view,A3,1
1016,blocking_view,A3,0
1016,nested_view,A4,1
1016,mutable_view,A4,1
1016,blocking_view,A4,0
1016,nested_view,A5,1
1016,mutable_view,A5,1
1016,blocking_view,A5,0
1016,nested_view,A6,0
1016,mutable_view,A6,0
1016,blocking_view,A6,0
1017,nested_view,A1,0
1017,mutable_view,A1,0
1017,blocking_view,A1,0
1017,nested_view,A2,0
1017,mutable_view,A2,0
1017,blocking_view,A2,0
1017,nested_view,A3,0
1017,mutable_view,A3,0
1017,blocking_view,A3,0
1017,nested_view,A4,0
1017,mutable_view,A4,0
1017,blocking_view,A4,0
1017,nested_view,A5,0
1017,mutable_view,A5,0
1017,blocking_view,A5,0
1017,nested_view,A6,0
1017,mutable_view,A6,0
1017,blocking_view,A6,0
1018,nested_view,A1,1
1018,mutable_view,A1,1
1018,blocking_view,A1,0
1018,nested_view,A2,1
1018,mutable_view,A2,1
1018,blocking_view,A2,0
1018,nested_view,A3,1
1018,mutable_view,A3,1
1018,blocking_view,A3,0
1018,nested_view,A4,1
1018,mutable_view,A4,1
1018,blocking_view,A4,0
1018,nested_view,A5,1
1018,mutable_view,A5,1
1018,blocking_view,A5,0
1018,nested_view,A6,0
1018,mutable_view,A6,0
1018,blocking_view,A6,0
1019,nested_view,A1,1
1019,mutable_view,A1,1
1019,blocking_view,A1,0
1019,nested_view,A2,1
1019,mutable_view,A2,1
1019,blocking_view,A2,0
1019,nested_view,A3,1
1019,mutable_view,A3,1
1019,blocking_view,A3,0
1019,nested_view,A4,1
1019,mutable_view,A4,1
1019,blocking_view,A4,0
1019,nested_view,A5,0
1019,mutable_view,A5,1
1019,blocking_view,A5,0
1019,nested_view,A6,0
1019,mutable_view,A6,0
1019,blocking_view,A6,0
1020,nested_view,A1,1
1020,mutable_view,A1,1
1020,blocking_view,A1,0
1020,nested_view,A2,1
1020,mutable_view,A2,1
1020,blocking_view,A2,0
1020,nested_view,A3,1
1020,mutable_view,A3,1
1020,blocking_view,A3,0
1020,nested_view,A4,1
1020,mutable_view,A4,1
1020,blocking_view,A4,0
1020,nested_view,A5,1
1020,mutable_view,A5,1
1020,blocking_view,A5,0
1020,nested_view,A6,0
1020,mutable_view,A6,0
1020,blocking_view,A6,0
1021,nested_view,A1,1
1021,mutable_view,A1,1
1021,blocking_view,A1,0
1021,nested_view,A2,1
1021,mutable_view,A2,1
1021,blocking_view,A2,0
1021,nested_view,A3,1
1021,mutable_view,A3,1
1021,blocking_view,A3,0
1021,nested_view,A4,1
1021,mutable_view,A4,1
1021,blocking_view,A4,0
1021,nested_view,A5,1
1021,mutable_view,A5,1
1021,blocking_view,A5,0
1021,nested_view,A6,0
1021,mutable_view,A6,0
1021,blocking_view,A6,0
1022,nested_view,A1,1
1022,mutable_view,A1,1
1022,blocking_view,A1,0
1022,nested_view,A2,1
1022,mutable_view,A2,1
1022,blocking_view,A2,0
1022,nested_view,A3,1
1022,mutable_view,A3,1
1022,blocking_view,A3,0
1022,nested_view,A4,1
1022,mutable_view,A4,1
1022,blocking_view,A4,0
1022,nested_view,A5,1
1022,mutable_view,A5,1
1022,blocking_view,A5,0
1022,nested_view,A6,0
1022,mutable_view,A6,0
1022,blocking_view,A6,0
1023,nested_view,A1,1
1023,mutable_view,A1,1
1023,blocking_view,A1,0
1023,nested_view,A2,1
1023,mutable_view,A2,1
1023,blocking_view,A2,0
1023,nested_view,A3,1
1023,mutable_view,A3,1
1023,blocking_view,A3,0
1023,nested_view,A4,1
1023,mutable_view,A4,1
1023,blocking_view,A4,0
1023,nested_view,A5,1
1023,mutable_view,A5,1
1023,blocking_view,A5,0
1023,nested_view,A6,0
1023,mutable_view,A6,1
1023,blocking_view,A6,0
1024,nested_view,A1,1
1024,mutable_view,A1,1
1024,blocking_view,A1,1
1024,nested_view,A2,1
1024,mutable_view,A2,1
1024,blocking_view,A2,1
1024,nested_view,A3,1
1024,mutable_view,A3,1
1024,blocking_view,A3,1
1024,nested_view,A4,1
1024,mutable_view,A4,1
1024,blocking_view,A4,0
1024,nested_view,A5,1
1024,mutable_view,A5,1
1024,blocking_view,A5,1
1024,nested_view,A6,0
1024,mutable_view,A6,0
1024,blocking_view,A6,0
1025,nested_view,A1,1
1025,mutable_view,A1,1
1025,blocking_view,A1,1
1025,nested_view,A2,1
1025,mutable_view,A2,1
1025,blocking_view,A2,1
1025,nested_view,A3,1
1025,mutable_view,A3,1
1025,blocking_view,A3,1
1025,nested_view,A4,1
1025,mutable_view,A4,1
1025,blocking_view,A4,0
1025,nested_view,A5,1
1025,mutable_view,A5,1
1025,blocking_view,A5,0
1025,nested_view,A6,0
1025,mutable_view,A6,0
1025,blocking_view,A6,0
1026,nested_view,A1,0
1026,mutable_view,A1,0
1026,blocking_view,A1,0
1026,nested_view,A2,0
1026,mutable_view,A2,0
1026,blocking_view,A2,0
1026,nested_view,A3,0
1026,mutable_view,A3,0
1026,blocking_view,A3,0
1026,nested_view,A4,0
1026,mutable_view,A4,0
1026,blocking_view,A4,0
1026,nested_view,A5,1
1026,mutable_view,A5,0
1026,blocking_view,A5,0
1026,nested_view,A6,0
1026,mutable_view,A6,0
1026,blocking_view,A6,0
1027,nested_view,A1,1
1027,mutable_view,A1,1
1027,blocking_view,A1,1
1027,nested_view,A2,1
1027,mutable_view,A2,1
1027,blocking_view,A2,1
1027,nested_view,A3,1
1027,mutable_view,A3,1
1027,blocking_view,A3,1
1027,nested_view,A4,1
1027,mutable_view,A4,1
1027,blocking_view,A4,0
1027,nested_view,A5,1
1027,mutable_view,A5,1
1027,blocking_view,A5,1
1027,nested_view,A6,1
1027,mutable_view,A6,1
1027,blocking_view,A6,1
1028,nested_view,A1,1
1028,mutable_view,A1,1
1028,blocking_view,A1,1
1028,nested_view,A2,1
1028,mutable_view,A2,1
1028,blocking_view,A2,1
1028,nested_view,A3,1
1028,mutable_view,A3,1
1028,blocking_view,A3,1
1028,nested_view,A4,1
1028,mutable_view,A4,1
1028,blocking_view,A4,0
1028,nested_view,A5,1
1028,mutable_view,A5,1
1028,blocking_view,A5,1
1028,nested_view,A6,0
1028,mutable_view,A6,1
1028,blocking_view,A6,1
1029,nested_view,A1,1
1029,mutable_view,A1,1
1029,blocking_view,A1,1
1029,nested_view,A2,1
1029,mutable_view,A2,1
1029,blocking_view,A2,1
1029,nested_view,A3,1
1029,mutable_view,A3,1
1029,blocking_view,A3,1
1029,nested_view,A4,1
1029,mutable_view,A4,1
1029,blocking_view,A4,0
1029,nested_view,A5,1
1029,mutable_view,A5,1
1029,blocking_view,A5,1
1029,nested_view,A6,1
1029,mutable_view,A6,1
1029,blocking_view,A6,1
1030,nested_view,A1,1
1030,mutable_view,A1,1
1030,blocking_view,A1,1
1030,nested_view,A2,1
1030,mutable_view,A2,1
1030,blocking_view,A2,1
1030,nested_view,A3,1
1030,mutable_view,A3,1
1030,blocking_view,A3,0
1030,nested_view,A4,1
1030,mutable_view,A4,1
1030,blocking_view,A4,0
1030,nested_view,A5,1
1030,mutable_view,A5,1
1030,blocking_view,A5,0
1030,nested_view,A6,0
1030,mutable_view,A6,1
1030,blocking_view,A6,1
1031,nested_view,A1,1
1031,mutable_view,A1,1
1031,blocking_view,A1,1
1031,nested_view,A2,1
1031,mutable_view,A2,1
1031,blocking_view,A2,1
1031,nested_view,A3,1
1031,mutable_view,A3,1
1031,blocking_view,A3,1
1031,nested_view,A4,1
1031,mutable_view,A4,1
1031,blocking_view,A4,0
1031,nested_view,A5,1
1031,mutable_view,A5,1
1031,blocking_view,A5,1
1031,nested_view,A6,0
1031,mutable_view,A6,0
1031,blocking_view,A6,0
1032,nested_view,A1,1
1032,mutable_view,A1,1
1032,blocking_view,A1,1
1032,nested_view,A2,1
1032,mutable_view,A2,1
1032,blocking_view,A2,1
1032,nested_view,A3,1
1032,mutable_view,A3,1
1032,blocking_view,A3,1
1032,nested_view,A4,1
1032,mutable_view,A4,1
1032,blocking_view,A4,0
1032,nested_view,A5,1
1032,mutable_view,A5,1
1032,blocking_view,A5,1
1032,nested_view,A6,0
1032,mutable_view,A6,1
1032,blocking_view,A6,0
1033,nested_view,A1,1
1033,mutable_view,A1,1
1033,blocking_view,A1,1
1033,nested_view,A2,1
1033,mutable_view,A2,1
1033,blocking_view,A2,1
1033,nested_view,A3,1
1033,mutable_view,A3,1
1033,blocking_view,A3,1
1033,nested_view,A4,1
1033,mutable_view,A4,1
1033,blocking_view,A4,0
1033,nested_view,A5,1
1033,mutable_view,A5,1
1033,blocking_view,A5,1
1033,nested_view,A6,0
1033,mutable_view,A6,0
1033,blocking_view,A6,0
1034,nested_view,A1,1
1034,mutable_view,A1,1
1034,blocking_view,A1,0
1034,nested_view,A2,1
1034,mutable_view,A2,1
1034,blocking_view,A2,0
1034,nested_view,A3,1
1034,mutable_view,A3,1
1034,blocking_view,A3,0
1034,nested_view,A4,1
1034,mutable_view,A4,1
1034,blocking_view,A4,0
1034,nested_view,A5,1
1034,mutable_view,A5,1
1034,blocking_view,A5,0
1034,nested_view,A6,1
1034,mutable_view,A6,1
1034,blocking_view,A6,1
1035,nested_view,A1,1
1035,mutable_view,A1,1
1035,blocking_view,A1,0
1035,nested_view,A2,1
1035,mutable_view,A2,1
1035,blocking_view,A2,0
1035,nested_view,A3,1
1035,mutable_view,A3,1
1035,blocking_view,A3,0
1035,nested_view,A4,1
1035,mutable_view,A4,1
1035,blocking_view,A4,0
1035,nested_view,A5,0
1035,mutable_view,A5,1
1035,blocking_view,A5,1
1035,nested_view,A6,1
1035,mutable_view,A6,1
1035,blocking_view,A6,1
1036,nested_view,A1,1
1036,mutable_view,A1,1
1036,blocking_view,A1,0
1036,nested_view,A2,1
1036,mutable_view,A2,1
1036,blocking_view,A2,0
1036,nested_view,A3,1
1036,mutable_view,A3,1
1036,blocking_view,A3,0
1036,nested_view,A4,1
1036,mutable_view,A4,0
1036,blocking_view,A4,0
1036,nested_view,A5,1
1036,mutable_view,A5,1
1036,blocking_view,A5,0
1036,nested_view,A6,0
1036,mutable_view,A6,0
1036,blocking_view,A6,0
1037,nested_view,A1,1
1037,mutable_view,A1,1
1037,blocking_view,A1,1
1037,nested_view,A2,1
1037,mutable_view,A2,1
1037,blocking_view,A2,1
1037,nested_view,A3,1
1037,mutable_view,A3,1
1037,blocking_view,A3,1
1037,nested_view,A4,1
1037,mutable_view,A4,1
1037,blocking_view,A4,0
1037,nested_view,A5,1
1037,mutable_view,A5,1
1037,blocking_view,A5,1
1037,nested_view,A6,0
1037,mutable_view,A6,0
1037,blocking_view,A6,0
1038,nested_view,A1,1
1038,mutable_view,A1,1
1038,blocking_view,A1,1
1038,nested_view,A2,1
1038,mutable_view,A2,1
1038,blocking_view,A2,1
1038,nested_view,A3,1
1038,mutable_view,A3,1
1038,blocking_view,A3,1
1038,nested_view,A4,1
1038,mutable_view,A4,1
1038,blocking_view,A4,0
1038,nested_view,A5,1
1038,mutable_view,A5,1
1038,blocking_view,A5,1
1038,nested_view,A6,0
1038,mutable_view,A6,0
1038,blocking_view,A6,0
1039,nested_view,A1,1
1039,mutable_view,A1,1
1039,blocking_view,A1,1
1039,nested_view,A2,1
1039,mutable_view,A2,1
1039,blocking_view,A2,1
1039,nested_view,A3,1
1039,mutable_view,A3,1
1039,blocking_view,A3,1
1039,nested_view,A4,1
1039,mutable_view,A4,1
1039,blocking_view,A4,0
1039,nested_view,A5,1
1039,mutable_view,A5,1
1039,blocking_view,A5,1
1039,nested_view,A6,1
1039,mutable_view,A6,1
1039,blocking_view,A6,1
1040,nested_view,A1,1
1040,mutable_view,A1,1
1040,blocking_view,A1,1
1040,nested_view,A2,1
1040,mutable_view,A2,1
1040,blocking_view,A2,1
1040,nested_view,A3,1
1040,mutable_view,A3,1
1040,blocking_view,A3,0
1040,nested_view,A4,1
1040,mutable_view,A4,1
1040,blocking_view,A4,0
1040,nested_view,A5,1
1040,mutable_view,A5,1
1040,blocking_view,A5,0
1040,nested_view,A6,1
1040,mutable_view,A6,1
1040,blocking_view,A6,1
1041,nested_view,A1,1
1041,mutable_view,A1,1
1041,blocking_view,A1,1
1041,nested_view,A2,1
1041,mutable_view,A2,1
1041,blocking_view,A2,1
1041,nested_view,A3,1
1041,mutable_view,A3,1
1041,blocking_view,A3,1
1041,nested_view,A4,1
1041,mutable_view,A4,1
1041,blocking_view,A4,0
1041,nested_view,A5,1
1041,mutable_view,A5,1
1041,blocking_view,A5,1
1041,nested_view,A6,0
1041,mutable_view,A6,1
1041,blocking_view,A6,1
1042,nested_view,A1,1
1042,mutable_view,A1,1
1042,blocking_view,A1,1
1042,nested_view,A2,1
1042,mutable_view,A2,1
1042,blocking_view,A2,1
1042,nested_view,A3,1
1042,mutable_view,A3,1
1042,blocking_view,A3,1
1042,nested_view,A4,1
1042,mutable_view,A4,1
1042,blocking_view,A4,0
1042,nested_view,A5,1
1042,mutable_view,A5,1
1042,blocking_view,A5,0
1042,nested_view,A6,0
1042,mutable_view,A6,0
1042,blocking_view,A6,0
1043,nested_view,A1,1
1043,mutable_view,A1,1
1043,blocking_view,A1,0
1043,nested_view,A2,1
1043,mutable_view,A2,1
1043,blocking_view,A2,0
1043,nested_view,A3,1
1043,mutable_view,A3,1
1043,blocking_view,A3,0
1043,nested_view,A4,1
1043,mutable_view,A4,1
1043,blocking_view,A4,0
1043,nested_view,A5,0
1043,mutable_view,A5,1
1043,blocking_view,A5,0
1043,nested_view,A6,0
1043,mutable_view,A6,0
1043,blocking_view,A6,0
1044,nested_view,A1,1
1044,mutable_view,A1,1
1044,blocking_view,A1,0
1044,nested_view,A2,1
1044,mutable_view,A2,1
1044,blocking_view,A2,0
1044,nested_view,A3,1
1044,mutable_view,A3,1
1044,blocking_view,A3,0
1044,nested_view,A4,1
1044,mutable_view,A4,1
1044,blocking_view,A4,0
1044,nested_view,A5,1
1044,mutable_view,A5,1
1044,blocking_view,A5,0
1044,nested_view,A6,1
1044,mutable_view,A6,1
1044,blocking_view,A6,1
1045,nested_view,A1,1
1045,mutable_view,A1,1
1045,blocking_view,A1,0
1045,nested_view,A2,1
1045,mutable_view,A2,1
1045,blocking_view,A2,0
1045,nested_view,A3,1
1045,mutable_view,A3,1
1045,blocking_view,A3,0
1045,nested_view,A4,1
1045,mutable_view,A4,1
1045,blocking_view,A4,0
1045,nested_view,A5,1
1045,mutable_view,A5,1
1045,blocking_view,A5,0
1045,nested_view,A6,1
1045,mutable_view,A6,1
1045,blocking_view,A6,1
1046,nested_view,A1,0
1046,mutable_view,A1,0
1046,blocking_view,A1,0
1046,nested_view,A2,0
1046,mutable_view,A2,0
1046,blocking_view,A2,0
1046,nested_view,A3,0
1046,mutable_view,A3,0
1046,blocking_view,A3,0
1046,nested_view,A4,0
1046,mutable_view,A4,0
1046,blocking_view,A4,0
1046,nested_view,A5,0
1046,mutable_view,A5,0
1046,blocking_view,A5,0
1046,nested_view,A6,0
1046,mutable_view,A6,0
1046,blocking_view,A6,0
1047,nested_view,A1,1
1047,mutable_view,A1,0
1047,blocking_view,A1,1
1047,nested_view,A2,1
1047,mutable_view,A2,0
1047,blocking_view,A2,1
1047,nested_view,A3,1
1047,mutable_view,A3,0
1047,blocking_view,A3,1
1047,nested_view,A4,0
1047,mutable_view,A4,0
1047,blocking_view,A4,0
1047,nested_view,A5,1
1047,mutable_view,A5,0
1047,blocking_view,A5,1
1047,nested_view,A6,0
1047,mutable_view,A6,0
1047,blocking_view,A6,0
1048,nested_view,A1,0
1048,mutable_view,A1,0
1048,blocking_view,A1,0
1048,nested_view,A2,0
1048,mutable_view,A2,0
1048,blocking_view,A2,0
1048,nested_view,A3,0
1048,mutable_view,A3,0
1048,blocking_view,A3,0
1048,nested_view,A4,0
1048,mutable_view,A4,0
1048,blocking_view,A4,0
1048,nested_view,A5,0
1048,mutable_view,A5,0
1048,blocking_view,A5,0
1048,nested_view,A6,0
1048,mutable_view,A6,0
1048,blocking_view,A6,0
1049,nested_view,A1,1
1049,mutable_view,A1,1
1049,blocking_view,A1,0
1049,nested_view,A2,1
1049,mutable_view,A2,1
1049,blocking_view,A2,0
1049,nested_view,A3,1
1049,mutable_view,A3,1
1049,blocking_view,A3,0
1049,nested_view,A4,1
1049,mutable_view,A4,1
1049,blocking_view,A4,0
1049,nested_view,A5,1
1049,mutable_view,A5,1
1049,blocking_view,A5,1
1049,nested_view,A6,0
1049,mutable_view,A6,0
1049,blocking_view,A6,0
1050,nested_view,A1,1
1050,mutable_view,A1,1
1050,blocking_view,A1,1
1050,nested_view,A2,1
1050,mutable_view,A2,1
1050,blocking_view,A2,1
1050,nested_view,A3,1
1050,mutable_view,A3,1
1050,blocking_view,A3,1
1050,nested_view,A4,1
1050,mutable_view,A4,1
1050,blocking_view,A4,0
1050,nested_view,A5,1
1050,mutable_view,A5,1
1050,blocking_view,A5,1
1050,nested_view,A6,0
1050,mutable_view,A6,1
1050,blocking_view,A6,0
1051,nested_view,A1,1
1051,mutable_view,A1,1
1051,blocking_view,A1,1
1051,nested_view,A2,1
1051,mutable_view,A2,1
1051,blocking_view,A2,1
1051,nested_view,A3,1
1051,mutable_view,A3,1
1051,blocking_view,A3,1
1051,nested_view,A4,1
1051,mutable_view,A4,1
1051,blocking_view,A4,0
1051,nested_view,A5,1
1051,mutable_view,A5,1
1051,blocking_view,A5,1
1051,nested_view,A6,1
1051,mutable_view,A6,1
1051,blocking_view,A6,1
1052,nested_view,A1,1
1052,mutable_view,A1,1
1052,blocking_view,A1,0
1052,nested_view,A2,1
1052,mutable_view,A2,1
1052,blocking_view,A2,0
1052,nested_view,A3,1
1052,mutable_view,A3,1
1052,blocking_view,A3,0
1052,nested_view,A4,1
1052,mutable_view,A4,1
1052,blocking_view,A4,0
1052,nested_view,A5,1
1052,mutable_view,A5,1
1052,blocking_view,A5,0
1052,nested_view,A6,0
1052,mutable_view,A6,0
1052,blocking_view,A6,0
1053,nested_view,A1,1
1053,mutable_view,A1,1
1053,blocking_view,A1,0
1053,nested_view,A2,1
1053,mutable_view,A2,1
1053,blocking_view,A2,0
1053,nested_view,A3,1
1053,mutable_view,A3,1
1053,blocking_view,A3,0
1053,nested_view,A4,1
1053,mutable_view,A4,1
1053,blocking_view,A4,0
1053,nested_view,A5,1
1053,mutable_view,A5,1
1053,blocking_view,A5,0
1053,nested_view,A6,0
1053,mutable_view,A6,0
1053,blocking_view,A6,0
1054,nested_view,A1,1
1054,mutable_view,A1,1
1054,blocking_view,A1,1
1054,nested_view,A2,1
1054,mutable_view,A2,1
1054,blocking_view,A2,1
1054,nested_view,A3,1
1054,mutable_view,A3,1
1054,blocking_view,A3,1
1054,nested_view,A4,1
1054,mutable_view,A4,1
1054,blocking_view,A4,0
1054,nested_view,A5,1
1054,mutable_view,A5,1
1054,blocking_view,A5,1
1054,nested_view,A6,0
1054,mutable_view,A6,1
1054,blocking_view,A6,1
1055,nested_view,A1,0
1055,mutable_view,A1,0
1055,blocking_view,A1,0
1055,nested_view,A2,0
1055,mutable_view,A2,0
1055,blocking_view,A2,0
1055,nested_view,A3,0
1055,mutable_view,A3,0
1055,blocking_view,A3,0
1055,nested_view,A4,0
1055,mutable_view,A4,0
1055,blocking_view,A4,0
1055,nested_view,A5,0
1055,mutable_view,A5,0
1055,blocking_view,A5,0
1055,nested_view,A6,0
1055,mutable_view,A6,0
1055,blocking_view,A6,0
1056,nested_view,A1,1
1056,mutable_view,A1,1
1056,blocking_view,A1,1
1056,nested_view,A2,1
1056,mutable_view,A2,1
1056,blocking_view,A2,1
1056,nested_view,A3,1
1056,mutable_view,A3,1
1056,blocking_view,A3,1
1056,nested_view,A4,1
1056,mutable_view,A4,1
1056,blocking_view,A4,0
1056,nested_view,A5,1
1056,mutable_view,A5,1
1056,blocking_view,A5,1
1056,nested_view,A6,0
1056,mutable_view,A6,0
1056,blocking_view,A6,0
1057,nested_view,A1,1
1057,mutable_view,A1,1
1057,blocking_view,A1,1
1057,nested_view,A2,1
1057,mutable_view,A2,1
1057,blocking_view,A2,1
1057,nested_view,A3,1
1057,mutable_view,A3,1
1057,blocking_view,A3,1
1057,nested_view,A4,1
1057,mutable_view,A4,1
1057,blocking_view,A4,0
1057,nested_view,A5,1
1057,mutable_view,A5,1
1057,blocking_view,A5,1
1057,nested_view,A6,0
1057,mutable_view,A6,0
1057,blocking_view,A6,1
1058,nested_view,A1,1
1058,mutable_view,A1,1
1058,blocking_view,A1,1
1058,nested_view,A2,1
1058,mutable_view,A2,1
1058,blocking_view,A2,1
1058,nested_view,A3,1
1058,mutable_view,A3,1
1058,blocking_view,A3,1
1058,nested_view,A4,1
1058,mutable_view,A4,1
1058,blocking_view,A4,0
1058,nested_view,A5,1
1058,mutable_view,A5,1
1058,blocking_view,A5,0
1058,nested_view,A6,0
1058,mutable_view,A6,1
1058,blocking_view,A6,1
1059,nested_view,A1,1
1059,mutable_view,A1,1
1059,blocking_view,A1,1
1059,nested_view,A2,1
1059,mutable_view,A2,1
1059,blocking_view,A2,1
1059,nested_view,A3,1
1059,mutable_view,A3,1
1059,blocking_view,A3,1
1059,nested_view,A4,1
1059,mutable_view,A4,1
1059,blocking_view,A4,0
1059,nested_view,A5,1
1059,mutable_view,A5,1
1059,blocking_view,A5,0
1059,nested_view,A6,0
1059,mutable_view,A6,0
1059,blocking_view,A6,0
1060,nested_view,A1,1
1060,mutable_view,A1,1
1060,blocking_view,A1,1
1060,nested_view,A2,1
1060,mutable_view,A2,1
1060,blocking_view,A2,1
1060,nested_view,A3,1
1060,mutable_view,A3,1
1060,blocking_view,A3,0
1060,nested_view,A4,1
1060,mutable_view,A4,1
1060,blocking_view,A4,0
1060,nested_view,A5,1
1060,mutable_view,A5,1
1060,blocking_view,A5,0
1060,nested_view,A6,0
1060,mutable_view,A6,0
1060,blocking_view,A6,0
1061,nested_view,A1,1
1061,mutable_view,A1,0
1061,blocking_view,A1,1
1061,nested_view,A2,1
1061,mutable_view,A2,0
1061,blocking_view,A2,1
1061,nested_view,A3,1
1061,mutable_view,A3,0
1061,blocking_view,A3,1
1061,nested_view,A4,1
1061,mutable_view,A4,0
1061,blocking_view,A4,0
1061,nested_view,A5,1
1061,mutable_view,A5,0
1061,blocking_view,A5,1
1061,nested_view,A6,0
1061,mutable_view,A6,0
1061,blocking_view,A6,0
1062,nested_view,A1,1
1062,mutable_view,A1,1
1062,blocking_view,A1,0
1062,nested_view,A2,1
1062,mutable_view,A2,1
1062,blocking_view,A2,0
1062,nested_view,A3,1
1062,mutable_view,A3,1
1062,blocking_view,A3,0
1062,nested_view,A4,1
1062,mutable_view,A4,1
1062,blocking_view,A4,0
1062,nested_view,A5,1
1062,mutable_view,A5,1
1062,blocking_view,A5,1
1062,nested_view,A6,0
1062,mutable_view,A6,0
1062,blocking_view,A6,0
1063,nested_view,A1,0
1063,mutable_view,A1,0
1063,blocking_view,A1,0
1063,nested_view,A2,0
1063,mutable_view,A2,0
1063,blocking_view,A2,0
1063,nested_view,A3,0
1063,mutable_view,A3,0
1063,blocking_view,A3,0
1063,nested_view,A4,0
1063,mutable_view,A4,0
1063,blocking_view,A4,0
1063,nested_view,A5,0
1063,mutable_view,A5,0
1063,blocking_view,A5,0
1063,nested_view,A6,0
1063,mutable_view,A6,0
1063,blocking_view,A6,0
1064,nested_view,A1,1
1064,mutable_view,A1,1
1064,blocking_view,A1,0
1064,nested_view,A2,1
1064,mutable_view,A2,1
1064,blocking_view,A2,0
1064,nested_view,A3,1
1064,mutable_view,A3,1
1064,blocking_view,A3,0
1064,nested_view,A4,1
1064,mutable_view,A4,1
1064,blocking_view,A4,0
1064,nested_view,A5,1
1064,mutable_view,A5,1
1064,blocking_view,A5,1
1064,nested_view,A6,0
1064,mutable_view,A6,0
1064,blocking_view,A6,0
1065,nested_view,A1,1
1065,mutable_view,A1,1
1065,blocking_view,A1,0
1065,nested_view,A2,1
1065,mutable_view,A2,1
1065,blocking_view,A2,0
1065,nested_view,A3,1
1065,mutable_view,A3,1
1065,blocking_view,A3,0
1065,nested_view,A4,1
1065,mutable_view,A4,1
1065,blocking_view,A4,0
1065,nested_view,A5,1
1065,mutable_view,A5,1
1065,blocking_view,A5,1
1065,nested_view,A6,0
1065,mutable_view,A6,0
1065,blocking_view,A6,0
1066,nested_view,A1,0
1066,mutable_view,A1,0
1066,blocking_view,A1,0
1066,nested_view,A2,0
1066,mutable_view,A2,0
1066,blocking_view,A2,0
1066,nested_view,A3,0
1066,mutable_view,A3,0
1066,blocking_view,A3,0
1066,nested_view,A4,0
1066,mutable_view,A4,0
1066,blocking_view,A4,0
1066,nested_view,A5,0
1066,mutable_view,A5,0
1066,blocking_view,A5,0
1066,nested_view,A6,0
1066,mutable_view,A6,0
1066,blocking_view,A6,0
1067,nested_view,A1,1
1067,mutable_view,A1,1
1067,blocking_view,A1,0
1067,nested_view,A2,1
1067,mutable_view,A2,1
1067,blocking_view,A2,0
1067,nested_view,A3,1
1067,mutable_view,A3,1
1067,blocking_view,A3,0
1067,nested_view,A4,1
1067,mutable_view,A4,1
1067,blocking_view,A4,0
1067,nested_view,A5,1
1067,mutable_view,A5,1
1067,blocking_view,A5,0
1067,nested_view,A6,0
1067,mutable_view,A6,0
1067,blocking_view,A6,0
1068,nested_view,A1,1
1068,mutable_view,A1,1
1068,blocking_view,A1,0
1068,nested_view,A2,1
1068,mutable_view,A2,1
1068,blocking_view,A2,0
1068,nested_view,A3,1
1068,mutable_view,A3,1
1068,blocking_view,A3,0
1068,nested_view,A4,1
1068,mutable_view,A4,1
1068,blocking_view,A4,0
1068,nested_view,A5,1
1068,mutable_view,A5,1
1068,blocking_view,A5,0
1068,nested_view,A6,0
1068,mutable_view,A6,0
1068,blocking_view,A6,0
1069,nested_view,A1,1
1069,mutable_view,A1,1
1069,blocking_view,A1,0
1069,nested_view,A2,1
1069,mutable_view,A2,1
1069,blocking_view,A2,0
1069,nested_view,A3,1
1069,mutable_view,A3,1
1069,blocking_view,A3,0
1069,nested_view,A4,1
1069,mutable_view,A4,1
1069,blocking_view,A4,0
1069,nested_view,A5,1
1069,mutable_view,A5,1
1069,blocking_view,A5,0
1069,nested_view,A6,0
1069,mutable_view,A6,0
1069,blocking_view,A6,0
1070,nested_view,A1,1
1070,mutable_view,A1,1
1070,blocking_view,A1,0
1070,nested_view,A2,1
1070,mutable_view,A2,1
1070,blocking_view,A2,0
1070,nested_view,A3,1
1070,mutable_view,A3,1
1070,blocking_view,A3,0
1070,nested_view,A4,1
1070,mutable_view,A4,1
1070,blocking_view,A4,0
1070,nested_view,A5,1
1070,mutable_view,A5,0
1070,blocking_view,A5,0
1070,nested_view,A6,0
1070,mutable_view,A6,0
1070,blocking_view,A6,0
1071,nested_view,A1,1
1071,mutable_view,A1,1
1071,blocking_view,A1,0
1071,nested_view,A2,1
1071,mutable_view,A2,1
1071,blocking_view,A2,0
1071,nested_view,A3,1
1071,mutable_view,A3,1
1071,blocking_view,A3,0
1071,nested_view,A4,1
1071,mutable_view,A4,1
1071,blocking_view,A4,0
1071,nested_view,A5,0
1071,mutable_view,A5,1
1071,blocking_view,A5,0
1071,nested_view,A6,0
1071,mutable_view,A6,0
1071,blocking_view,A6,0
1072,nested_view,A1,1
1072,mutable_view,A1,1
1072,blocking_view,A1,0
1072,nested_view,A2,1
1072,mutable_view,A2,1
1072,blocking_view,A2,0
1072,nested_view,A3,1
1072,mutable_view,A3,1
1072,blocking_view,A3,0
1072,nested_view,A4,1
1072,mutable_view,A4,1
1072,blocking_view,A4,0
1072,nested_view,A5,1
1072,mutable_view,A5,1
1072,blocking_view,A5,0
1072,nested_view,A6,0
1072,mutable_view,A6,0
1072,blocking_view,A6,0
1073,nested_view,A1,1
1073,mutable_view,A1,1
1073,blocking_view,A1,0
1073,nested_view,A2,1
1073,mutable_view,A2,1
1073,blocking_view,A2,0
1073,nested_view,A3,1
1073,mutable_view,A3,1
1073,blocking_view,A3,0
1073,nested_view,A4,1
1073,mutable_view,A4,1
1073,blocking_view,A4,0
1073,nested_view,A5,1
1073,mutable_view,A5,0
1073,blocking_view,A5,0
1073,nested_view,A6,0
1073,mutable_view,A6,0
1073,blocking_view,A6,0
1074,nested_view,A1,1
1074,mutable_view,A1,1
1074,blocking_view,A1,0
1074,nested_view,A2,1
1074,mutable_view,A2,1
1074,blocking_view,A2,0
1074,nested_view,A3,1
1074,mutable_view,A3,1
1074,blocking_view,A3,0
1074,nested_view,A4,1
1074,mutable_view,A4,1
1074,blocking_view,A4,0
1074,nested_view,A5,1
1074,mutable_view,A5,1
1074,blocking_view,A5,0
1074,nested_view,A6,0
1074,mutable_view,A6,0
1074,blocking_view,A6,0
1075,nested_view,A1,1
1075,mutable_view,A1,1
1075,blocking_view,A1,0
1075,nested_view,A2,1
1075,mutable_view,A2,1
1075,blocking_view,A2,0
1075,nested_view,A3,1
1075,mutable_view,A3,1
1075,blocking_view,A3,0
1075,nested_view,A4,1
1075,mutable_view,A4,1
1075,blocking_view,A4,0
1075,nested_view,A5,1
1075,mutable_view,A5,1
1075,blocking_view,A5,0
1075,nested_view,A6,0
1075,mutable_view,A6,0
1075,blocking_view,A6,0
1076,nested_view,A1,1
1076,mutable_view,A1,1
1076,blocking_view,A1,0
1076,nested_view,A2,1
1076,mutable_view,A2,1
1076,blocking_view,A2,0
1076,nested_view,A3,1
1076,mutable_view,A3,1
1076,blocking_view,A3,0
1076,nested_view,A4,1
1076,mutable_view,A4,1
1076,blocking_view,A4,0
1076,nested_view,A5,1
1076,mutable_view,A5,1
1076,blocking_view,A5,0
1076,nested_view,A6,0
1076,mutable_view,A6,0
1076,blocking_view,A6,0
1077,nested_view,A1,1
1077,mutable_view,A1,1
1077,blocking_view,A1,0
1077,nested_view,A2,1
1077,mutable_view,A2,1
1077,blocking_view,A2,0
1077,nested_view,A3,1
1077,mutable_view,A3,1
1077,blocking_view,A3,0
1077,nested_view,A4,1
1077,mutable_view,A4,1
1077,blocking_view,A4,0
1077,nested_view,A5,1
1077,mutable_view,A5,1
1077,blocking_view,A5,0
1077,nested_view,A6,0
1077,mutable_view,A6,0
1077,blocking_view,A6,0
1078,nested_view,A1,1
1078,mutable_view,A1,1
1078,blocking_view,A1,0
1078,nested_view,A2,1
1078,mutable_view,A2,1
1078,blocking_view,A2,0
1078,nested_view,A3,1
1078,mutable_view,A3,1
1078,blocking_view,A3,0
1078,nested_view,A4,1
1078,mutable_view,A4,1
1078,blocking_view,A4,0
1078,nested_view,A5,1
1078,mutable_view,A5,1
1078,blocking_view,A5,0
1078,nested_view,A6,0
1078,mutable_view,A6,0
1078,blocking_view,A6,0
1079,nested_view,A1,1
1079,mutable_view,A1,1
1079,blocking_view,A1,1
1079,nested_view,A2,1
1079,mutable_view,A2,1
1079,blocking_view,A2,1
1079,nested_view,A3,1
1079,mutable_view,A3,1
1079,blocking_view,A3,1
1079,nested_view,A4,1
1079,mutable_view,A4,1
1079,blocking_view,A4,0
1079,nested_view,A5,1
1079,mutable_view,A5,1
1079,blocking_view,A5,1
1079,nested_view,A6,0
1079,mutable_view,A6,0
1079,blocking_view,A6,0
1080,nested_view,A1,1
1080,mutable_view,A1,1
1080,blocking_view,A1,1
1080,nested_view,A2,1
1080,mutable_view,A2,1
1080,blocking_view,A2,1
1080,nested_view,A3,1
1080,mutable_view,A3,1
1080,blocking_view,A3,0
1080,nested_view,A4,1
1080,mutable_view,A4,1
1080,blocking_view,A4,0
1080,nested_view,A5,1
1080,mutable_view,A5,1
1080,blocking_view,A5,0
1080,nested_view,A6,0
1080,mutable_view,A6,0
1080,blocking_view,A6,0
1081,nested_view,A1,1
1081,mutable_view,A1,1
1081,blocking_view,A1,0
1081,nested_view,A2,1
1081,mutable_view,A2,1
1081,blocking_view,A2,0
1081,nested_view,A3,1
1081,mutable_view,A3,1
1081,blocking_view,A3,0
1081,nested_view,A4,1
1081,mutable_view,A4,1
1081,blocking_view,A4,0
1081,nested_view,A5,1
1081,mutable_view,A5,1
1081,blocking_view,A5,0
1081,nested_view,A6,0
1081,mutable_view,A6,0
1081,blocking_view,A6,0
1082,nested_view,A1,1
1082,mutable_view,A1,1
1082,blocking_view,A1,1
1082,nested_view,A2,1
1082,mutable_view,A2,1
1082,blocking_view,A2,1
1082,nested_view,A3,1
1082,mutable_view,A3,1
1082,blocking_view,A3,1
1082,nested_view,A4,1
1082,mutable_view,A4,1
1082,blocking_view,A4,0
1082,nested_view,A5,1
1082,mutable_view,A5,1
1082,blocking_view,A5,1
1082,nested_view,A6,1
1082,mutable_view,A6,1
1082,blocking_view,A6,1
1083,nested_view,A1,0
1083,mutable_view,A1,0
1083,blocking_view,A1,0
1083,nested_view,A2,0
1083,mutable_view,A2,0
1083,blocking_view,A2,0
1083,nested_view,A3,0
1083,mutable_view,A3,0
1083,blocking_view,A3,0
1083,nested_view,A4,0
1083,mutable_view,A4,0
1083,blocking_view,A4,0
1083,nested_view,A5,0
1083,mutable_view,A5,0
1083,blocking_view,A5,0
1083,nested_view,A6,0
1083,mutable_view,A6,1
1083,blocking_view,A6,1
1084,nested_view,A1,1
1084,mutable_view,A1,1
1084,blocking_view,A1,1
1084,nested_view,A2,1
1084,mutable_view,A2,1
1084,blocking_view,A2,1
1084,nested_view,A3,1
1084,mutable_view,A3,1
1084,blocking_view,A3,1
1084,nested_view,A4,1
1084,mutable_view,A4,1
1084,blocking_view,A4,0
1084,nested_view,A5,1
1084,mutable_view,A5,0
1084,blocking_view,A5,1
1084,nested_view,A6,1
1084,mutable_view,A6,1
1084,blocking_view,A6,1
1085,nested_view,A1,1
1085,mutable_view,A1,1
1085,blocking_view,A1,1
1085,nested_view,A2,1
1085,mutable_view,A2,1
1085,blocking_view,A2,1
1085,nested_view,A3,1
1085,mutable_view,A3,1
1085,blocking_view,A3,0
1085,nested_view,A4,1
1085,mutable_view,A4,1
1085,blocking_view,A4,0
1085,nested_view,A5,1
1085,mutable_view,A5,1
1085,blocking_view,A5,0
1085,nested_view,A6,0
1085,mutable_view,A6,0
1085,blocking_view,A6,0
1086,nested_view,A1,1
1086,mutable_view,A1,1
1086,blocking_view,A1,1
1086,nested_view,A2,1
1086,mutable_view,A2,1
1086,blocking_view,A2,1
1086,nested_view,A3,1
1086,mutable_view,A3,1
1086,blocking_view,A3,1
1086,nested_view,A4,1
1086,mutable_view,A4,1
1086,blocking_view,A4,0
1086,nested_view,A5,1
1086,mutable_view,A5,1
1086,blocking_view,A5,1
1086,nested_view,A6,0
1086,mutable_view,A6,1
1086,blocking_view,A6,1
1087,nested_view,A1,1
1087,mutable_view,A1,1
1087,blocking_view,A1,1
1087,nested_view,A2,1
1087,mutable_view,A2,1
1087,blocking_view,A2,1
1087,nested_view,A3,1
1087,mutable_view,A3,1
1087,blocking_view,A3,1
1087,nested_view,A4,1
1087,mutable_view,A4,1
1087,blocking_view,A4,0
1087,nested_view,A5,1
1087,mutable_view,A5,1
1087,blocking_view,A5,1
1087,nested_view,A6,0
1087,mutable_view,A6,0
1087,blocking_view,A6,0
1088,nested_view,A1,0
1088,mutable_view,A1,0
1088,blocking_view,A1,0
1088,nested_view,A2,0
1088,mutable_view,A2,0
1088,blocking_view,A2,0
1088,nested_view,A3,0
1088,mutable_view,A3,0
1088,blocking_view,A3,0
1088,nested_view,A4,0
1088,mutable_view,A4,0
1088,blocking_view,A4,0
1088,nested_view,A5,0
1088,mutable_view,A5,0
1088,blocking_view,A5,0
1088,nested_view,A6,0
1088,mutable_view,A6,0
1088,blocking_view,A6,0
1089,nested_view,A1,0
1089,mutable_view,A1,0
1089,blocking_view,A1,0
1089,nested_view,A2,0
1089,mutable_view,A2,0
1089,blocking_view,A2,0
1089,nested_view,A3,0
1089,mutable_view,A3,0
1089,blocking_view,A3,0
1089,nested_view,A4,0
1089,mutable_view,A4,0
1089,blocking_view,A4,0
1089,nested_view,A5,0
1089,mutable_view,A5,0
1089,blocking_view,A5,0
1089,nested_view,A6,0
1089,mutable_view,A6,0
1089,blocking_view,A6,0
1090,nested_view,A1,0
1090,mutable_view,A1,0
1090,blocking_view,A1,0
1090,nested_view,A2,0
1090,mutable_view,A2,0
1090,blocking_view,A2,0
1090,nested_view,A3,0
1090,mutable_view,A3,0
1090,blocking_view,A3,0
1090,nested_view,A4,0
1090,mutable_view,A4,0
1090,blocking_view,A4,0
1090,nested_view,A5,0
1090,mutable_view,A5,0
1090,blocking_view,A5,0
1090,nested_view,A6,0
1090,mutable_view,A6,0
1090,blocking_view,A6,0
1091,nested_view,A1,0
1091,mutable_view,A1,0
1091,blocking_view,A1,0
1091,nested_view,A2,0
1091,mutable_view,A2,0
1091,blocking_view,A2,0
1091,nested_view,A3,0
1091,mutable_view,A3,0
1091,blocking_view,A3,0
1091,nested_view,A4,0
1091,mutable_view,A4,0
1091,blocking_view,A4,0
1091,nested_view,A5,0
1091,mutable_view,A5,0
1091,blocking_view,A5,0
1091,nested_view,A6,0
1091,mutable_view,A6,0
1091,blocking_view,A6,0
1092,nested_view,A1,0
1092,mutable_view,A1,0
1092,blocking_view,A1,0
1092,nested_view,A2,0
1092,mutable_view,A2,0
1092,blocking_view,A2,0
1092,nested_view,A3,0
1092,mutable_view,A3,0
1092,blocking_view,A3,0
1092,nested_view,A4,0
1092,mutable_view,A4,0
1092,blocking_view,A4,0
1092,nested_view,A5,0
1092,mutable_view,A5,0
1092,blocking_view,A5,0
1092,nested_view,A6,0
1092,mutable_view,A6,0
1092,blocking_view,A6,0
1093,nested_view,A1,0
1093,mutable_view,A1,0
1093,blocking_view,A1,0
1093,nested_view,A2,0
1093,mutable_view,A2,0
1093,blocking_view,A2,0
1093,nested_view,A3,0
1093,mutable_view,A3,0
1093,blocking_view,A3,0
1093,nested_view,A4,0
1093,mutable_view,A4,0
1093,blocking_view,A4,0
1093,nested_view,A5,0
1093,mutable_view,A5,0
1093,blocking_view,A5,0
1093,nested_view,A6,0
1093,mutable_view,A6,0
1093,blocking_view,A6,0
1094,nested_view,A1,0
1094,mutable_view,A1,0
1094,blocking_view,A1,0
1094,nested_view,A2,0
1094,mutable_view,A2,0
1094,blocking_view,A2,0
1094,nested_view,A3,0
1094,mutable_view,A3,0
1094,blocking_view,A3,0
1094,nested_view,A4,0
1094,mutable_view,A4,0
1094,blocking_view,A4,0
1094,nested_view,A5,1
1094,mutable_view,A5,0
1094,blocking_view,A5,0
1094,nested_view,A6,0
1094,mutable_view,A6,0
1094,blocking_view,A6,0
1095,nested_view,A1,0
1095,mutable_view,A1,0
1095,blocking_view,A1,0
1095,nested_view,A2,0
1095,mutable_view,A2,0
1095,blocking_view,A2,0
1095,nested_view,A3,0
1095,mutable_view,A3,0
1095,blocking_view,A3,0
1095,nested_view,A4,0
1095,mutable_view,A4,0
1095,blocking_view,A4,0
1095,nested_view,A5,0
1095,mutable_view,A5,0
1095,blocking_view,A5,0
1095,nested_view,A6,0
1095,mutable_view,A6,0
1095,blocking_view,A6,0
1096,nested_view,A1,0
1096,mutable_view,A1,0
1096,blocking_view,A1,0
1096,nested_view,A2,0
1096,mutable_view,A2,0
1096,blocking_view,A2,0
1096,nested_view,A3,0
1096,mutable_view,A3,0
1096,blocking_view,A3,0
1096,nested_view,A4,0
1096,mutable_view,A4,0
1096,blocking_view,A4,0
1096,nested_view,A5,0
1096,mutable_view,A5,0
1096,blocking_view,A5,1
1096,nested_view,A6,0
1096,mutable_view,A6,0
1096,blocking_view,A6,0
1097,nested_view,A1,1
1097,mutable_view,A1,1
1097,blocking_view,A1,0
1097,nested_view,A2,1
1097,mutable_view,A2,1
1097,blocking_view,A2,0
1097,nested_view,A3,1
1097,mutable_view,A3,1
1097,blocking_view,A3,0
1097,nested_view,A4,1
1097,mutable_view,A4,1
1097,blocking_view,A4,0
1097,nested_view,A5,1
1097,mutable_view,A5,0
1097,blocking_view,A5,0
1097,nested_view,A6,0
1097,mutable_view,A6,0
1097,blocking_view,A6,0
1098,nested_view,A1,1
1098,mutable_view,A1,1
1098,blocking_view,A1,0
1098,nested_view,A2,1
1098,mutable_view,A2,1
1098,blocking_view,A2,0
1098,nested_view,A3,1
1098,mutable_view,A3,1
1098,blocking_view,A3,0
1098,nested_view,A4,1
1098,mutable_view,A4,1
1098,blocking_view,A4,0
1098,nested_view,A5,1
1098,mutable_view,A5,0
1098,blocking_view,A5,0
1098,nested_view,A6,0
1098,mutable_view,A6,0
1098,blocking_view,A6,0
1099,nested_view,A1,1
1099,mutable_view,A1,1
1099,blocking_view,A1,0
1099,nested_view,A2,1
1099,mutable_view,A2,1
1099,blocking_view,A2,0
1099,nested_view,A3,1
1099,mutable_view,A3,1
1099,blocking_view,A3,0
1099,nested_view,A4,1
1099,mutable_view,A4,1
1099,blocking_view,A4,0
1099,nested_view,A5,1
1099,mutable_view,A5,1
1099,blocking_view,A5,0
1099,nested_view,A6,0
1099,mutable_view,A6,0
1099,blocking_view,A6,0
1100,nested_view,A1,1
1100,mutable_view,A1,1
1100,blocking_view,A1,0
1100,nested_view,A2,1
1100,mutable_view,A2,1
1100,blocking_view,A2,0
1100,nested_view,A3,1
1100,mutable_view,A3,1
1100,blocking_view,A3,0
1100,nested_view,A4,1
1100,mutable_view,A4,1
1100,blocking_view,A4,0
1100,nested_view,A5,1
1100,mutable_view,A5,1
1100,blocking_view,A5,0
1100,nested_view,A6,0
1100,mutable_view,A6,0
1100,blocking_view,A6,0
1101,nested_view,A1,1
1101,mutable_view,A1,1
1101,blocking_view,A1,0
1101,nested_view,A2,1
1101,mutable_view,A2,1
1101,blocking_view,A2,0
1101,nested_view,A3,1
1101,mutable_view,A3,1
1101,blocking_view,A3,0
1101,nested_view,A4,1
1101,mutable_view,A4,1
1101,blocking_view,A4,0
1101,nested_view,A5,1
1101,mutable_view,A5,1
1101,blocking_view,A5,0
1101,nested_view,A6,0
1101,mutable_view,A6,0
1101,blocking_view,A6,0
1102,nested_view,A1,1
1102,mutable_view,A1,1
1102,blocking_view,A1,0
1102,nested_view,A2,1
1102,mutable_view,A2,1
1102,blocking_view,A2,0
1102,nested_view,A3,1
1102,mutable_view,A3,1
1102,blocking_view,A3,0
1102,nested_view,A4,1
1102,mutable_view,A4,1
1102,blocking_view,A4,0
1102,nested_view,A5,1
1102,mutable_view,A5,1
1102,blocking_view,A5,0
1102,nested_view,A6,0
1102,mutable_view,A6,0
1102,blocking_view,A6,0
1103,nested_view,A1,1
1103,mutable_view,A1,1
1103,blocking_view,A1,0
1103,nested_view,A2,1
1103,mutable_view,A2,1
1103,blocking_view,A2,0
1103,nested_view,A3,1
1103,mutable_view,A3,1
1103,blocking_view,A3,0
1103,nested_view,A4,1
1103,mutable_view,A4,1
1103,blocking_view,A4,0
1103,nested_view,A5,1
1103,mutable_view,A5,0
1103,blocking_view,A5,0
1103,nested_view,A6,0
1103,mutable_view,A6,0
1103,blocking_view,A6,0
1104,nested_view,A1,1
1104,mutable_view,A1,1
1104,blocking_view,A1,0
1104,nested_view,A2,1
1104,mutable_view,A2,1
1104,blocking_view,A2,0
1104,nested_view,A3,1
1104,mutable_view,A3,1
1104,blocking_view,A3,0
1104,nested_view,A4,1
1104,mutable_view,A4,1
1104,blocking_view,A4,0
1104,nested_view,A5,1
1104,mutable_view,A5,1
1104,blocking_view,A5,0
1104,nested_view,A6,0
1104,mutable_view,A6,0
1104,blocking_view,A6,0
1105,nested_view,A1,1
1105,mutable_view,A1,1
1105,blocking_view,A1,0
1105,nested_view,A2,1
1105,mutable_view,A2,1
1105,blocking_view,A2,0
1105,nested_view,A3,1
1105,mutable_view,A3,1
1105,blocking_view,A3,0
1105,nested_view,A4,1
1105,mutable_view,A4,1
1105,blocking_view,A4,0
1105,nested_view,A5,1
1105,mutable_view,A5,1
1105,blocking_view,A5,0
1105,nested_view,A6,0
1105,mutable_view,A6,0
1105,blocking_view,A6,0
1106,nested_view,A1,1
1106,mutable_view,A1,1
1106,blocking_view,A1,0
1106,nested_view,A2,1
1106,mutable_view,A2,1
1106,blocking_view,A2,0
1106,nested_view,A3,1
1106,mutable_view,A3,1
1106,blocking_view,A3,0
1106,nested_view,A4,1
1106,mutable_view,A4,1
1106,blocking_view,A4,0
1106,nested_view,A5,1
1106,mutable_view,A5,1
1106,blocking_view,A5,0
1106,nested_view,A6,0
1106,mutable_view,A6,0
1106,blocking_view,A6,0
1107,nested_view,A1,1
1107,mutable_view,A1,1
1107,blocking_view,A1,0
1107,nested_view,A2,1
1107,mutable_view,A2,1
1107,blocking_view,A2,0
1107,nested_view,A3,1
1107,mutable_view,A3,1
1107,blocking_view,A3,0
1107,nested_view,A4,1
1107,mutable_view,A4,1
1107,blocking_view,A4,0
1107,nested_view,A5,1
1107,mutable_view,A5,0
1107,blocking_view,A5,0
1107,nested_view,A6,0
1107,mutable_view,A6,0
1107,blocking_view,A6,0
1108,nested_view,A1,1
1108,mutable_view,A1,1
1108,blocking_view,A1,0
1108,nested_view,A2,1
1108,mutable_view,A2,1
1108,blocking_view,A2,0
1108,nested_view,A3,1
1108,mutable_view,A3,1
1108,blocking_view,A3,0
1108,nested_view,A4,1
1108,mutable_view,A4,1
1108,blocking_view,A4,0
1108,nested_view,A5,1
1108,mutable_view,A5,1
1108,blocking_view,A5,0
1108,nested_view,A6,0
1108,mutable_view,A6,0
1108,blocking_view,A6,0
1109,nested_view,A1,1
1109,mutable_view,A1,1
1109,blocking_view,A1,0
1109,nested_view,A2,1
1109,mutable_view,A2,1
1109,blocking_view,A2,0
1109,nested_view,A3,1
1109,mutable_view,A3,1
1109,blocking_view,A3,0
1109,nested_view,A4,1
1109,mutable_view,A4,1
1109,blocking_view,A4,0
1109,nested_view,A5,1
1109,mutable_view,A5,1
1109,blocking_view,A5,0
1109,nested_view,A6,0
1109,mutable_view,A6,1
1109,blocking_view,A6,0
1110,nested_view,A1,0
1110,mutable_view,A1,0
1110,blocking_view,A1,0
1110,nested_view,A2,0
1110,mutable_view,A2,0
1110,blocking_view,A2,0
1110,nested_view,A3,0
1110,mutable_view,A3,0
1110,blocking_view,A3,0
1110,nested_view,A4,0
1110,mutable_view,A4,0
1110,blocking_view,A4,0
1110,nested_view,A5,0
1110,mutable_view,A5,0
1110,blocking_view,A5,1
1110,nested_view,A6,0
1110,mutable_view,A6,0
1110,blocking_view,A6,0
1111,nested_view,A1,1
1111,mutable_view,A1,1
1111,blocking_view,A1,0
1111,nested_view,A2,1
1111,mutable_view,A2,1
1111,blocking_view,A2,0
1111,nested_view,A3,1
1111,mutable_view,A3,1
1111,blocking_view,A3,0
1111,nested_view,A4,0
1111,mutable_view,A4,1
1111,blocking_view,A4,0
1111,nested_view,A5,1
1111,mutable_view,A5,1
1111,blocking_view,A5,0
1111,nested_view,A6,0
1111,mutable_view,A6,0
1111,blocking_view,A6,1
1112,nested_view,A1,0
1112,mutable_view,A1,0
1112,blocking_view,A1,0
1112,nested_view,A2,0
1112,mutable_view,A2,0
1112,blocking_view,A2,0
1112,nested_view,A3,0
1112,mutable_view,A3,0
1112,blocking_view,A3,0
1112,nested_view,A4,0
1112,mutable_view,A4,0
1112,blocking_view,A4,0
1112,nested_view,A5,0
1112,mutable_view,A5,0
1112,blocking_view,A5,0
1112,nested_view,A6,0
1112,mutable_view,A6,0
1112,blocking_view,A6,0
1113,nested_view,A1,0
1113,mutable_view,A1,0
1113,blocking_view,A1,0
1113,nested_view,A2,0
1113,mutable_view,A2,0
1113,blocking_view,A2,0
1113,nested_view,A3,0
1113,mutable_view,A3,0
1113,blocking_view,A3,0
1113,nested_view,A4,0
1113,mutable_view,A4,0
1113,blocking_view,A4,0
1113,nested_view,A5,0
1113,mutable_view,A5,0
1113,blocking_view,A5,0
1113,nested_view,A6,0
1113,mutable_view,A6,0
1113,blocking_view,A6,0
1114,nested_view,A1,1
1114,mutable_view,A1,1
1114,blocking_view,A1,0
1114,nested_view,A2,1
1114,mutable_view,A2,1
1114,blocking_view,A2,0
1114,nested_view,A3,1
1114,mutable_view,A3,1
1114,blocking_view,A3,0
1114,nested_view,A4,1
1114,mutable_view,A4,1
1114,blocking_view,A4,0
1114,nested_view,A5,1
1114,mutable_view,A5,1
1114,blocking_view,A5,0
1114,nested_view,A6,0
1114,mutable_view,A6,0
1114,blocking_view,A6,0
1115,nested_view,A1,1
1115,mutable_view,A1,1
1115,blocking_view,A1,0
1115,nested_view,A2,1
1115,mutable_view,A2,1
1115,blocking_view,A2,0
1115,nested_view,A3,1
1115,mutable_view,A3,1
1115,blocking_view,A3,0
1115,nested_view,A4,1
1115,mutable_view,A4,1
1115,blocking_view,A4,0
1115,nested_view,A5,1
1115,mutable_view,A5,1
1115,blocking_view,A5,0
1115,nested_view,A6,0
1115,mutable_view,A6,0
1115,blocking_view,A6,0
1116,nested_view,A1,1
1116,mutable_view,A1,1
1116,blocking_view,A1,0
1116,nested_view,A2,1
1116,mutable_view,A2,1
1116,blocking_view,A2,0
1116,nested_view,A3,1
1116,mutable_view,A3,1
1116,blocking_view,A3,0
1116,nested_view,A4,1
1116,mutable_view,A4,1
1116,blocking_view,A4,0
1116,nested_view,A5,1
1116,mutable_view,A5,1
1116,blocking_view,A5,1
1116,nested_view,A6,0
1116,mutable_view,A6,0
1116,blocking_view,A6,0
1117,nested_view,A1,0
1117,mutable_view,A1,0
1117,blocking_view,A1,0
1117,nested_view,A2,0
1117,mutable_view,A2,0
1117,blocking_view,A2,0
1117,nested_view,A3,0
1117,mutable_view,A3,0
1117,blocking_view,A3,0
1117,nested_view,A4,0
1117,mutable_view,A4,0
1117,blocking_view,A4,0
1117,nested_view,A5,0
1117,mutable_view,A5,0
1117,blocking_view,A5,0
1117,nested_view,A6,0
1117,mutable_view,A6,0
1117,blocking_view,A6,0
1118,nested_view,A1,1
1118,mutable_view,A1,1
1118,blocking_view,A1,1
1118,nested_view,A2,1
1118,mutable_view,A2,1
1118,blocking_view,A2,1
1118,nested_view,A3,1
1118,mutable_view,A3,1
1118,blocking_view,A3,1
1118,nested_view,A4,1
1118,mutable_view,A4,1
1118,blocking_view,A4,0
1118,nested_view,A5,1
1118,mutable_view,A5,1
1118,blocking_view,A5,1
1118,nested_view,A6,1
1118,mutable_view,A6,1
1118,blocking_view,A6,1
1119,nested_view,A1,1
1119,mutable_view,A1,1
1119,blocking_view,A1,1
1119,nested_view,A2,1
1119,mutable_view,A2,1
1119,blocking_view,A2,1
1119,nested_view,A3,1
1119,mutable_view,A3,1
1119,blocking_view,A3,1
1119,nested_view,A4,1
1119,mutable_view,A4,1
1119,blocking_view,A4,0
1119,nested_view,A5,1
1119,mutable_view,A5,1
1119,blocking_view,A5,1
1119,nested_view,A6,0
1119,mutable_view,A6,0
1119,blocking_view,A6,0
1120,nested_view,A1,1
1120,mutable_view,A1,1
1120,blocking_view,A1,1
1120,nested_view,A2,1
1120,mutable_view,A2,1
1120,blocking_view,A2,1
1120,nested_view,A3,1
1120,mutable_view,A3,1
1120,blocking_view,A3,0
1120,nested_view,A4,1
1120,mutable_view,A4,1
1120,blocking_view,A4,0
1120,nested_view,A5,1
1120,mutable_view,A5,1
1120,blocking_view,A5,0
1120,nested_view,A6,1
1120,mutable_view,A6,1
1120,blocking_view,A6,1
1121,nested_view,A1,1
1121,mutable_view,A1,1
1121,blocking_view,A1,0
1121,nested_view,A2,1
1121,mutable_view,A2,1
1121,blocking_view,A2,0
1121,nested_view,A3,1
1121,mutable_view,A3,1
1121,blocking_view,A3,0
1121,nested_view,A4,1
1121,mutable_view,A4,1
1121,blocking_view,A4,0
1121,nested_view,A5,1
1121,mutable_view,A5,0
1121,blocking_view,A5,0
1121,nested_view,A6,1
1121,mutable_view,A6,1
1121,blocking_view,A6,1
1122,nested_view,A1,1
1122,mutable_view,A1,1
1122,blocking_view,A1,0
1122,nested_view,A2,1
1122,mutable_view,A2,1
1122,blocking_view,A2,0
1122,nested_view,A3,1
1122,mutable_view,A3,1
1122,blocking_view,A3,0
1122,nested_view,A4,1
1122,mutable_view,A4,1
1122,blocking_view,A4,0
1122,nested_view,A5,1
1122,mutable_view,A5,1
1122,blocking_view,A5,0
1122,nested_view,A6,1
1122,mutable_view,A6,1
1122,blocking_view,A6,1
1123,nested_view,A1,1
1123,mutable_view,A1,1
1123,blocking_view,A1,0
1123,nested_view,A2,1
1123,mutable_view,A2,1
1123,blocking_view,A2,0
1123,nested_view,A3,1
1123,mutable_view,A3,1
1123,blocking_view,A3,0
1123,nested_view,A4,1
1123,mutable_view,A4,0
1123,blocking_view,A4,0
1123,nested_view,A5,0
1123,mutable_view,A5,0
1123,blocking_view,A5,0
1123,nested_view,A6,0
1123,mutable_view,A6,0
1123,blocking_view,A6,0
1124,nested_view,A1,1
1124,mutable_view,A1,1
1124,blocking_view,A1,1
1124,nested_view,A2,1
1124,mutable_view,A2,1
1124,blocking_view,A2,1
1124,nested_view,A3,1
1124,mutable_view,A3,1
1124,blocking_view,A3,1
1124,nested_view,A4,1
1124,mutable_view,A4,1
1124,blocking_view,A4,0
1124,nested_view,A5,0
1124,mutable_view,A5,1
1124,blocking_view,A5,1
1124,nested_view,A6,0
1124,mutable_view,A6,1
1124,blocking_view,A6,1
1125,nested_view,A1,0
1125,mutable_view,A1,0
1125,blocking_view,A1,0
1125,nested_view,A2,0
1125,mutable_view,A2,0
1125,blocking_view,A2,0
1125,nested_view,A3,0
1125,mutable_view,A3,0
1125,blocking_view,A3,0
1125,nested_view,A4,0
1125,mutable_view,A4,0
1125,blocking_view,A4,0
1125,nested_view,A5,0
1125,mutable_view,A5,0
1125,blocking_view,A5,0
1125,nested_view,A6,0
1125,mutable_view,A6,0
1125,blocking_view,A6,0
1126,nested_view,A1,0
1126,mutable_view,A1,0
1126,blocking_view,A1,0
1126,nested_view,A2,0
1126,mutable_view,A2,0
1126,blocking_view,A2,0
1126,nested_view,A3,0
1126,mutable_view,A3,0
1126,blocking_view,A3,0
1126,nested_view,A4,0
1126,mutable_view,A4,0
1126,blocking_view,A4,0
1126,nested_view,A5,0
1126,mutable_view,A5,1
1126,blocking_view,A5,0
1126,nested_view,A6,0
1126,mutable_view,A6,0
1126,blocking_view,A6,0
1127,nested_view,A1,1
1127,mutable_view,A1,1
1127,blocking_view,A1,1
1127,nested_view,A2,1
1127,mutable_view,A2,1
1127,blocking_view,A2,1
1127,nested_view,A3,1
1127,mutable_view,A3,1
1127,blocking_view,A3,1
1127,nested_view,A4,0
1127,mutable_view,A4,1
1127,blocking_view,A4,0
1127,nested_view,A5,1
1127,mutable_view,A5,1
1127,blocking_view,A5,1
1127,nested_view,A6,0
1127,mutable_view,A6,1
1127,blocking_view,A6,0
1128,nested_view,A1,0
1128,mutable_view,A1,0
1128,blocking_view,A1,0
1128,nested_view,A2,0
1128,mutable_view,A2,0
1128,blocking_view,A2,0
1128,nested_view,A3,0
1128,mutable_view,A3,0
1128,blocking_view,A3,0
1128,nested_view,A4,0
1128,mutable_view,A4,0
1128,blocking_view,A4,0
1128,nested_view,A5,0
1128,mutable_view,A5,0
1128,blocking_view,A5,0
1128,nested_view,A6,0
1128,mutable_view,A6,0
1128,blocking_view,A6,0
1129,nested_view,A1,0
1129,mutable_view,A1,0
1129,blocking_view,A1,0
1129,nested_view,A2,0
1129,mutable_view,A2,0
1129,blocking_view,A2,0
1129,nested_view,A3,0
1129,mutable_view,A3,0
1129,blocking_view,A3,0
1129,nested_view,A4,0
1129,mutable_view,A4,0
1129,blocking_view,A4,0
1129,nested_view,A5,0
1129,mutable_view,A5,0
1129,blocking_view,A5,0
1129,nested_view,A6,0
1129,mutable_view,A6,0
1129,blocking_view,A6,0
1130,nested_view,A1,1
1130,mutable_view,A1,1
1130,blocking_view,A1,1
1130,nested_view,A2,1
1130,mutable_view,A2,1
1130,blocking_view,A2,1
1130,nested_view,A3,1
1130,mutable_view,A3,1
1130,blocking_view,A3,0
1130,nested_view,A4,1
1130,mutable_view,A4,1
1130,blocking_view,A4,0
1130,nested_view,A5,1
1130,mutable_view,A5,1
1130,blocking_view,A5,0
1130,nested_view,A6,0
1130,mutable_view,A6,0
1130,blocking_view,A6,0
1131,nested_view,A1,1
1131,mutable_view,A1,1
1131,blocking_view,A1,0
1131,nested_view,A2,1
1131,mutable_view,A2,1
1131,blocking_view,A2,0
1131,nested_view,A3,1
1131,mutable_view,A3,1
1131,blocking_view,A3,0
1131,nested_view,A4,1
1131,mutable_view,A4,1
1131,blocking_view,A4,0
1131,nested_view,A5,1
1131,mutable_view,A5,1
1131,blocking_view,A5,0
1131,nested_view,A6,0
1131,mutable_view,A6,0
1131,blocking_view,A6,0
1132,nested_view,A1,1
1132,mutable_view,A1,1
1132,blocking_view,A1,0
1132,nested_view,A2,1
1132,mutable_view,A2,1
1132,blocking_view,A2,0
1132,nested_view,A3,1
1132,mutable_view,A3,1
1132,blocking_view,A3,0
1132,nested_view,A4,1
1132,mutable_view,A4,1
1132,blocking_view,A4,0
1132,nested_view,A5,1
1132,mutable_view,A5,1
1132,blocking_view,A5,1
1132,nested_view,A6,0
1132,mutable_view,A6,0
1132,blocking_view,A6,0
1133,nested_view,A1,1
1133,mutable_view,A1,1
1133,blocking_view,A1,0
1133,nested_view,A2,1
1133,mutable_view,A2,1
1133,blocking_view,A2,0
1133,nested_view,A3,1
1133,mutable_view,A3,1
1133,blocking_view,A3,0
1133,nested_view,A4,1
1133,mutable_view,A4,1
1133,blocking_view,A4,0
1133,nested_view,A5,1
1133,mutable_view,A5,0
1133,blocking_view,A5,0
1133,nested_view,A6,0
1133,mutable_view,A6,0
1133,blocking_view,A6,0
1134,nested_view,A1,1
1134,mutable_view,A1,1
1134,blocking_view,A1,0
1134,nested_view,A2,1
1134,mutable_view,A2,1
1134,blocking_view,A2,0
1134,nested_view,A3,1
1134,mutable_view,A3,1
1134,blocking_view,A3,0
1134,nested_view,A4,1
1134,mutable_view,A4,1
1134,blocking_view,A4,0
1134,nested_view,A5,1
1134,mutable_view,A5,1
1134,blocking_view,A5,0
1134,nested_view,A6,0
1134,mutable_view,A6,0
1134,blocking_view,A6,0
1135,nested_view,A1,0
1135,mutable_view,A1,0
1135,blocking_view,A1,0
1135,nested_view,A2,0
1135,mutable_view,A2,0
1135,blocking_view,A2,0
1135,nested_view,A3,0
1135,mutable_view,A3,0
1135,blocking_view,A3,0
1135,nested_view,A4,0
1135,mutable_view,A4,0
1135,blocking_view,A4,0
1135,nested_view,A5,0
1135,mutable_view,A5,0
1135,blocking_view,A5,0
1135,nested_view,A6,0
1135,mutable_view,A6,0
1135,blocking_view,A6,0
1136,nested_view,A1,0
1136,mutable_view,A1,0
1136,blocking_view,A1,0
1136,nested_view,A2,0
1136,mutable_view,A2,0
1136,blocking_view,A2,0
1136,nested_view,A3,0
1136,mutable_view,A3,0
1136,blocking_view,A3,0
1136,nested_view,A4,0
1136,mutable_view,A4,0
1136,blocking_view,A4,0
1136,nested_view,A5,0
1136,mutable_view,A5,0
1136,blocking_view,A5,0
1136,nested_view,A6,0
1136,mutable_view,A6,0
1136,blocking_view,A6,0
1137,nested_view,A1,0
1137,mutable_view,A1,0
1137,blocking_view,A1,0
1137,nested_view,A2,0
1137,mutable_view,A2,0
1137,blocking_view,A2,0
1137,nested_view,A3,0
1137,mutable_view,A3,0
1137,blocking_view,A3,0
1137,nested_view,A4,0
1137,mutable_view,A4,0
1137,blocking_view,A4,0
1137,nested_view,A5,0
1137,mutable_view,A5,0
1137,blocking_view,A5,0
1137,nested_view,A6,0
1137,mutable_view,A6,0
1137,blocking_view,A6,0
1138,nested_view,A1,1
1138,mutable_view,A1,1
1138,blocking_view,A1,0
1138,nested_view,A2,1
1138,mutable_view,A2,1
1138,blocking_view,A2,0
1138,nested_view,A3,1
1138,mutable_view,A3,1
1138,blocking_view,A3,0
1138,nested_view,A4,1
1138,mutable_view,A4,1
1138,blocking_view,A4,0
1138,nested_view,A5,0
1138,mutable_view,A5,1
1138,blocking_view,A5,0
1138,nested_view,A6,0
1138,mutable_view,A6,1
1138,blocking_view,A6,0
1139,nested_view,A1,1
1139,mutable_view,A1,1
1139,blocking_view,A1,0
1139,nested_view,A2,1
1139,mutable_view,A2,1
1139,blocking_view,A2,0
1139,nested_view,A3,1
1139,mutable_view,A3,1
1139,blocking_view,A3,0
1139,nested_view,A4,1
1139,mutable_view,A4,1
1139,blocking_view,A4,0
1139,nested_view,A5,1
1139,mutable_view,A5,1
1139,blocking_view,A5,0
1139,nested_view,A6,0
1139,mutable_view,A6,0
1139,blocking_view,A6,0
1140,nested_view,A1,1
1140,mutable_view,A1,1
1140,blocking_view,A1,0
1140,nested_view,A2,1
1140,mutable_view,A2,1
1140,blocking_view,A2,0
1140,nested_view,A3,1
1140,mutable_view,A3,1
1140,blocking_view,A3,0
1140,nested_view,A4,1
1140,mutable_view,A4,1
1140,blocking_view,A4,0
1140,nested_view,A5,1
1140,mutable_view,A5,1
1140,blocking_view,A5,1
1140,nested_view,A6,0
1140,mutable_view,A6,0
1140,blocking_view,A6,0
1141,nested_view,A1,1
1141,mutable_view,A1,1
1141,blocking_view,A1,1
1141,nested_view,A2,1
1141,mutable_view,A2,1
1141,blocking_view,A2,1
1141,nested_view,A3,1
1141,mutable_view,A3,1
1141,blocking_view,A3,1
1141,nested_view,A4,1
1141,mutable_view,A4,1
1141,blocking_view,A4,0
1141,nested_view,A5,1
1141,mutable_view,A5,1
1141,blocking_view,A5,1
1141,nested_view,A6,0
1141,mutable_view,A6,0
1141,blocking_view,A6,0
1142,nested_view,A1,1
1142,mutable_view,A1,1
1142,blocking_view,A1,1
1142,nested_view,A2,1
1142,mutable_view,A2,1
1142,blocking_view,A2,1
1142,nested_view,A3,1
1142,mutable_view,A3,1
1142,blocking_view,A3,1
1142,nested_view,A4,1
1142,mutable_view,A4,1
1142,blocking_view,A4,0
1142,nested_view,A5,1
1142,mutable_view,A5,1
1142,blocking_view,A5,1
1142,nested_view,A6,0
1142,mutable_view,A6,0
1142,blocking_view,A6,0
1143,nested_view,A1,1
1143,mutable_view,A1,1
1143,blocking_view,A1,0
1143,nested_view,A2,1
1143,mutable_view,A2,1
1143,blocking_view,A2,0
1143,nested_view,A3,1
1143,mutable_view,A3,1
1143,blocking_view,A3,0
1143,nested_view,A4,1
1143,mutable_view,A4,1
1143,blocking_view,A4,0
1143,nested_view,A5,1
1143,mutable_view,A5,1
1143,blocking_view,A5,0
1143,nested_view,A6,0
1143,mutable_view,A6,0
1143,blocking_view,A6,0
1144,nested_view,A1,1
1144,mutable_view,A1,1
1144,blocking_view,A1,1
1144,nested_view,A2,1
1144,mutable_view,A2,1
1144,blocking_view,A2,1
1144,nested_view,A3,1
1144,mutable_view,A3,1
1144,blocking_view,A3,1
1144,nested_view,A4,1
1144,mutable_view,A4,1
1144,blocking_view,A4,0
1144,nested_view,A5,0
1144,mutable_view,A5,1
1144,blocking_view,A5,0
1144,nested_view,A6,1
1144,mutable_view,A6,1
1144,blocking_view,A6,1
1145,nested_view,A1,1
1145,mutable_view,A1,1
1145,blocking_view,A1,1
1145,nested_view,A2,1
1145,mutable_view,A2,1
1145,blocking_view,A2,1
1145,nested_view,A3,1
1145,mutable_view,A3,1
1145,blocking_view,A3,0
1145,nested_view,A4,1
1145,mutable_view,A4,1
1145,blocking_view,A4,0
1145,nested_view,A5,0
1145,mutable_view,A5,1
1145,blocking_view,A5,0
1145,nested_view,A6,1
1145,mutable_view,A6,1
1145,blocking_view,A6,1
1146,nested_view,A1,1
1146,mutable_view,A1,1
1146,blocking_view,A1,1
1146,nested_view,A2,1
1146,mutable_view,A2,1
1146,blocking_view,A2,1
1146,nested_view,A3,1
1146,mutable_view,A3,1
1146,blocking_view,A3,1
1146,nested_view,A4,1
1146,mutable_view,A4,1
1146,blocking_view,A4,0
1146,nested_view,A5,1
1146,mutable_view,A5,1
1146,blocking_view,A5,1
1146,nested_view,A6,0
1146,mutable_view,A6,1
1146,blocking_view,A6,0
1147,nested_view,A1,1
1147,mutable_view,A1,1
1147,blocking_view,A1,0
1147,nested_view,A2,1
1147,mutable_view,A2,1
1147,blocking_view,A2,0
1147,nested_view,A3,1
1147,mutable_view,A3,1
1147,blocking_view,A3,0
1147,nested_view,A4,1
1147,mutable_view,A4,1
1147,blocking_view,A4,0
1147,nested_view,A5,1
1147,mutable_view,A5,0
1147,blocking_view,A5,0
1147,nested_view,A6,0
1147,mutable_view,A6,1
1147,blocking_view,A6,1
1148,nested_view,A1,1
1148,mutable_view,A1,1
1148,blocking_view,A1,1
1148,nested_view,A2,1
1148,mutable_view,A2,1
1148,blocking_view,A2,1
1148,nested_view,A3,1
1148,mutable_view,A3,1
1148,blocking_view,A3,1
1148,nested_view,A4,1
1148,mutable_view,A4,1
1148,blocking_view,A4,0
1148,nested_view,A5,1
1148,mutable_view,A5,1
1148,blocking_view,A5,1
1148,nested_view,A6,0
1148,mutable_view,A6,0
1148,blocking_view,A6,0
1149,nested_view,A1,1
1149,mutable_view,A1,1
1149,blocking_view,A1,1
1149,nested_view,A2,1
1149,mutable_view,A2,1
1149,blocking_view,A2,1
1149,nested_view,A3,1
1149,mutable_view,A3,1
1149,blocking_view,A3,1
1149,nested_view,A4,1
1149,mutable_view,A4,1
1149,blocking_view,A4,0
1149,nested_view,A5,1
1149,mutable_view,A5,1
1149,blocking_view,A5,1
1149,nested_view,A6,0
1149,mutable_view,A6,0
1149,blocking_view,A6,0
1150,nested_view,A1,1
1150,mutable_view,A1,1
1150,blocking_view,A1,1
1150,nested_view,A2,1
1150,mutable_view,A2,1
1150,blocking_view,A2,1
1150,nested_view,A3,1
1150,mutable_view,A3,1
1150,blocking_view,A3,1
1150,nested_view,A4,1
1150,mutable_view,A4,1
1150,blocking_view,A4,0
1150,nested_view,A5,1
1150,mutable_view,A5,1
1150,blocking_view,A5,0
1150,nested_view,A6,0
1150,mutable_view,A6,1
1150,blocking_view,A6,1
1151,nested_view,A1,0
1151,mutable_view,A1,0
1151,blocking_view,A1,0
1151,nested_view,A2,0
1151,mutable_view,A2,0
1151,blocking_view,A2,0
1151,nested_view,A3,0
1151,mutable_view,A3,0
1151,blocking_view,A3,0
1151,nested_view,A4,0
1151,mutable_view,A4,0
1151,blocking_view,A4,0
1151,nested_view,A5,0
1151,mutable_view,A5,0
1151,blocking_view,A5,1
1151,nested_view,A6,0
1151,mutable_view,A6,0
1151,blocking_view,A6,0
1152,nested_view,A1,1
1152,mutable_view,A1,1
1152,blocking_view,A1,0
1152,nested_view,A2,1
1152,mutable_view,A2,1
1152,blocking_view,A2,0
1152,nested_view,A3,1
1152,mutable_view,A3,1
1152,blocking_view,A3,0
1152,nested_view,A4,1
1152,mutable_view,A4,0
1152,blocking_view,A4,0
1152,nested_view,A5,1
1152,mutable_view,A5,1
1152,blocking_view,A5,0
1152,nested_view,A6,0
1152,mutable_view,A6,0
1152,blocking_view,A6,0
1153,nested_view,A1,1
1153,mutable_view,A1,1
1153,blocking_view,A1,1
1153,nested_view,A2,1
1153,mutable_view,A2,1
1153,blocking_view,A2,1
1153,nested_view,A3,1
1153,mutable_view,A3,1
1153,blocking_view,A3,1
1153,nested_view,A4,1
1153,mutable_view,A4,1
1153,blocking_view,A4,0
1153,nested_view,A5,0
1153,mutable_view,A5,1
1153,blocking_view,A5,1
1153,nested_view,A6,1
1153,mutable_view,A6,1
1153,blocking_view,A6,1
1154,nested_view,A1,1
1154,mutable_view,A1,1
1154,blocking_view,A1,0
1154,nested_view,A2,1
1154,mutable_view,A2,1
1154,blocking_view,A2,0
1154,nested_view,A3,1
1154,mutable_view,A3,1
1154,blocking_view,A3,0
1154,nested_view,A4,1
1154,mutable_view,A4,1
1154,blocking_view,A4,0
1154,nested_view,A5,1
1154,mutable_view,A5,1
1154,blocking_view,A5,0
1154,nested_view,A6,0
1154,mutable_view,A6,0
1154,blocking_view,A6,0
1155,nested_view,A1,1
1155,mutable_view,A1,1
1155,blocking_view,A1,0
1155,nested_view,A2,1
1155,mutable_view,A2,1
1155,blocking_view,A2,0
1155,nested_view,A3,1
1155,mutable_view,A3,1
1155,blocking_view,A3,0
1155,nested_view,A4,1
1155,mutable_view,A4,1
1155,blocking_view,A4,0
1155,nested_view,A5,1
1155,mutable_view,A5,1
1155,blocking_view,A5,0
1155,nested_view,A6,0
1155,mutable_view,A6,0
1155,blocking_view,A6,0
1156,nested_view,A1,1
1156,mutable_view,A1,1
1156,blocking_view,A1,1
1156,nested_view,A2,1
1156,mutable_view,A2,1
1156,blocking_view,A2,1
1156,nested_view,A3,1
1156,mutable_view,A3,1
1156,blocking_view,A3,1
1156,nested_view,A4,1
1156,mutable_view,A4,1
1156,blocking_view,A4,0
1156,nested_view,A5,1
1156,mutable_view,A5,1
1156,blocking_view,A5,1
1156,nested_view,A6,1
1156,mutable_view,A6,1
1156,blocking_view,A6,1
1157,nested_view,A1,1
1157,mutable_view,A1,1
1157,blocking_view,A1,1
1157,nested_view,A2,1
1157,mutable_view,A2,1
1157,blocking_view,A2,1
1157,nested_view,A3,1
1157,mutable_view,A3,1
1157,blocking_view,A3,1
1157,nested_view,A4,1
1157,mutable_view,A4,1
1157,blocking_view,A4,0
1157,nested_view,A5,0
1157,mutable_view,A5,1
1157,blocking_view,A5,1
1157,nested_view,A6,0
1157,mutable_view,A6,0
1157,blocking_view,A6,0
1158,nested_view,A1,1
1158,mutable_view,A1,1
1158,blocking_view,A1,1
1158,nested_view,A2,1
1158,mutable_view,A2,1
1158,blocking_view,A2,1
1158,nested_view,A3,1
1158,mutable_view,A3,1
1158,blocking_view,A3,1
1158,nested_view,A4,1
1158,mutable_view,A4,1
1158,blocking_view,A4,0
1158,nested_view,A5,1
1158,mutable_view,A5,1
1158,blocking_view,A5,1
1158,nested_view,A6,0
1158,mutable_view,A6,1
1158,blocking_view,A6,0
1159,nested_view,A1,1
1159,mutable_view,A1,1
1159,blocking_view,A1,0
1159,nested_view,A2,1
1159,mutable_view,A2,1
1159,blocking_view,A2,0
1159,nested_view,A3,1
1159,mutable_view,A3,1
1159,blocking_view,A3,0
1159,nested_view,A4,1
1159,mutable_view,A4,1
1159,blocking_view,A4,0
1159,nested_view,A5,1
1159,mutable_view,A5,1
1159,blocking_view,A5,0
1159,nested_view,A6,0
1159,mutable_view,A6,0
1159,blocking_view,A6,0
1160,nested_view,A1,1
1160,mutable_view,A1,1
1160,blocking_view,A1,0
1160,nested_view,A2,1
1160,mutable_view,A2,1
1160,blocking_view,A2,0
1160,nested_view,A3,1
1160,mutable_view,A3,1
1160,blocking_view,A3,0
1160,nested_view,A4,1
1160,mutable_view,A4,1
1160,blocking_view,A4,0
1160,nested_view,A5,1
1160,mutable_view,A5,1
1160,blocking_view,A5,1
1160,nested_view,A6,0
1160,mutable_view,A6,0
1160,blocking_view,A6,0
1161,nested_view,A1,1
1161,mutable_view,A1,0
1161,blocking_view,A1,1
1161,nested_view,A2,1
1161,mutable_view,A2,0
1161,blocking_view,A2,1
1161,nested_view,A3,1
1161,mutable_view,A3,0
1161,blocking_view,A3,1
1161,nested_view,A4,1
1161,mutable_view,A4,0
1161,blocking_view,A4,0
1161,nested_view,A5,1
1161,mutable_view,A5,0
1161,blocking_view,A5,1
1161,nested_view,A6,0
1161,mutable_view,A6,0
1161,blocking_view,A6,0
1162,nested_view,A1,1
1162,mutable_view,A1,1
1162,blocking_view,A1,0
1162,nested_view,A2,1
1162,mutable_view,A2,1
1162,blocking_view,A2,0
1162,nested_view,A3,1
1162,mutable_view,A3,1
1162,blocking_view,A3,0
1162,nested_view,A4,1
1162,mutable_view,A4,1
1162,blocking_view,A4,0
1162,nested_view,A5,1
1162,mutable_view,A5,1
1162,blocking_view,A5,0
1162,nested_view,A6,0
1162,mutable_view,A6,0
1162,blocking_view,A6,0
1163,nested_view,A1,0
1163,mutable_view,A1,0
1163,blocking_view,A1,0
1163,nested_view,A2,0
1163,mutable_view,A2,0
1163,blocking_view,A2,0
1163,nested_view,A3,0
1163,mutable_view,A3,0
1163,blocking_view,A3,0
1163,nested_view,A4,0
1163,mutable_view,A4,0
1163,blocking_view,A4,0
1163,nested_view,A5,0
1163,mutable_view,A5,0
1163,blocking_view,A5,0
1163,nested_view,A6,0
1163,mutable_view,A6,0
1163,blocking_view,A6,0
1164,nested_view,A1,0
1164,mutable_view,A1,0
1164,blocking_view,A1,0
1164,nested_view,A2,0
1164,mutable_view,A2,0
1164,blocking_view,A2,0
1164,nested_view,A3,0
1164,mutable_view,A3,0
1164,blocking_view,A3,0
1164,nested_view,A4,0
1164,mutable_view,A4,0
1164,blocking_view,A4,0
1164,nested_view,A5,0
1164,mutable_view,A5,0
1164,blocking_view,A5,0
1164,nested_view,A6,0
1164,mutable_view,A6,0
1164,blocking_view,A6,0
1165,nested_view,A1,0
1165,mutable_view,A1,0
1165,blocking_view,A1,0
1165,nested_view,A2,0
1165,mutable_view,A2,0
1165,blocking_view,A2,0
1165,nested_view,A3,0
1165,mutable_view,A3,0
1165,blocking_view,A3,0
1165,nested_view,A4,0
1165,mutable_view,A4,0
1165,blocking_view,A4,0
1165,nested_view,A5,0
1165,mutable_view,A5,0
1165,blocking_view,A5,0
1165,nested_view,A6,0
1165,mutable_view,A6,0
1165,blocking_view,A6,0
1166,nested_view,A1,0
1166,mutable_view,A1,0
1166,blocking_view,A1,0
1166,nested_view,A2,0
1166,mutable_view,A2,0
1166,blocking_view,A2,0
1166,nested_view,A3,0
1166,mutable_view,A3,0
1166,blocking_view,A3,0
1166,nested_view,A4,0
1166,mutable_view,A4,0
1166,blocking_view,A4,0
1166,nested_view,A5,0
1166,mutable_view,A5,0
1166,blocking_view,A5,0
1166,nested_view,A6,0
1166,mutable_view,A6,0
1166,blocking_view,A6,0
1167,nested_view,A1,0
1167,mutable_view,A1,0
1167,blocking_view,A1,0
1167,nested_view,A2,0
1167,mutable_view,A2,0
1167,blocking_view,A2,0
1167,nested_view,A3,0
1167,mutable_view,A3,0
1167,blocking_view,A3,0
1167,nested_view,A4,0
1167,mutable_view,A4,0
1167,blocking_view,A4,0
1167,nested_view,A5,0
1167,mutable_view,A5,0
1167,blocking_view,A5,0
1167,nested_view,A6,0
1167,mutable_view,A6,0
1167,blocking_view,A6,0
1168,nested_view,A1,1
1168,mutable_view,A1,1
1168,blocking_view,A1,1
1168,nested_view,A2,1
1168,mutable_view,A2,1
1168,blocking_view,A2,1
1168,nested_view,A3,1
1168,mutable_view,A3,1
1168,blocking_view,A3,1
1168,nested_view,A4,1
1168,mutable_view,A4,1
1168,blocking_view,A4,0
1168,nested_view,A5,1
1168,mutable_view,A5,1
1168,blocking_view,A5,1
1168,nested_view,A6,0
1168,mutable_view,A6,1
1168,blocking_view,A6,1
1169,nested_view,A1,1
1169,mutable_view,A1,1
1169,blocking_view,A1,1
1169,nested_view,A2,1
1169,mutable_view,A2,1
1169,blocking_view,A2,1
1169,nested_view,A3,1
1169,mutable_view,A3,1
1169,blocking_view,A3,1
1169,nested_view,A4,1
1169,mutable_view,A4,1
1169,blocking_view,A4,0
1169,nested_view,A5,1
1169,mutable_view,A5,1
1169,blocking_view,A5,1
1169,nested_view,A6,0
1169,mutable_view,A6,1
1169,blocking_view,A6,1
1170,nested_view,A1,1
1170,mutable_view,A1,1
1170,blocking_view,A1,1
1170,nested_view,A2,1
1170,mutable_view,A2,1
1170,blocking_view,A2,1
1170,nested_view,A3,1
1170,mutable_view,A3,1
1170,blocking_view,A3,0
1170,nested_view,A4,1
1170,mutable_view,A4,1
1170,blocking_view,A4,0
1170,nested_view,A5,1
1170,mutable_view,A5,1
1170,blocking_view,A5,0
1170,nested_view,A6,0
1170,mutable_view,A6,1
1170,blocking_view,A6,1
1171,nested_view,A1,1
1171,mutable_view,A1,1
1171,blocking_view,A1,1
1171,nested_view,A2,1
1171,mutable_view,A2,1
1171,blocking_view,A2,1
1171,nested_view,A3,1
1171,mutable_view,A3,1
1171,blocking_view,A3,1
1171,nested_view,A4,1
1171,mutable_view,A4,1
1171,blocking_view,A4,0
1171,nested_view,A5,1
1171,mutable_view,A5,1
1171,blocking_view,A5,0
1171,nested_view,A6,0
1171,mutable_view,A6,1
1171,blocking_view,A6,1
1172,nested_view,A1,0
1172,mutable_view,A1,0
1172,blocking_view,A1,0
1172,nested_view,A2,0
1172,mutable_view,A2,0
1172,blocking_view,A2,0
1172,nested_view,A3,0
1172,mutable_view,A3,0
1172,blocking_view,A3,0
1172,nested_view,A4,0
1172,mutable_view,A4,0
1172,blocking_view,A4,0
1172,nested_view,A5,0
1172,mutable_view,A5,0
1172,blocking_view,A5,0
1172,nested_view,A6,0
1172,mutable_view,A6,0
1172,blocking_view,A6,0
1173,nested_view,A1,1
1173,mutable_view,A1,1
1173,blocking_view,A1,0
1173,nested_view,A2,1
1173,mutable_view,A2,1
1173,blocking_view,A2,0
1173,nested_view,A3,1
1173,mutable_view,A3,1
1173,blocking_view,A3,0
1173,nested_view,A4,1
1173,mutable_view,A4,1
1173,blocking_view,A4,0
1173,nested_view,A5,1
1173,mutable_view,A5,1
1173,blocking_view,A5,0
1173,nested_view,A6,0
1173,mutable_view,A6,0
1173,blocking_view,A6,0
1174,nested_view,A1,1
1174,mutable_view,A1,0
1174,blocking_view,A1,1
1174,nested_view,A2,1
1174,mutable_view,A2,0
1174,blocking_view,A2,1
1174,nested_view,A3,1
1174,mutable_view,A3,0
1174,blocking_view,A3,1
1174,nested_view,A4,1
1174,mutable_view,A4,0
1174,blocking_view,A4,0
1174,nested_view,A5,0
1174,mutable_view,A5,0
1174,blocking_view,A5,1
1174,nested_view,A6,0
1174,mutable_view,A6,0
1174,blocking_view,A6,0
1175,nested_view,A1,1
1175,mutable_view,A1,1
1175,blocking_view,A1,1
1175,nested_view,A2,1
1175,mutable_view,A2,1
1175,blocking_view,A2,1
1175,nested_view,A3,1
1175,mutable_view,A3,1
1175,blocking_view,A3,1
1175,nested_view,A4,1
1175,mutable_view,A4,1
1175,blocking_view,A4,0
1175,nested_view,A5,1
1175,mutable_view,A5,1
1175,blocking_view,A5,1
1175,nested_view,A6,0
1175,mutable_view,A6,1
1175,blocking_view,A6,0
1176,nested_view,A1,0
1176,mutable_view,A1,0
1176,blocking_view,A1,0
1176,nested_view,A2,0
1176,mutable_view,A2,0
1176,blocking_view,A2,0
1176,nested_view,A3,0
1176,mutable_view,A3,0
1176,blocking_view,A3,0
1176,nested_view,A4,0
1176,mutable_view,A4,0
1176,blocking_view,A4,0
1176,nested_view,A5,0
1176,mutable_view,A5,0
1176,blocking_view,A5,0
1176,nested_view,A6,0
1176,mutable_view,A6,0
1176,blocking_view,A6,0
1177,nested_view,A1,1
1177,mutable_view,A1,1
1177,blocking_view,A1,0
1177,nested_view,A2,1
1177,mutable_view,A2,1
1177,blocking_view,A2,0
1177,nested_view,A3,1
1177,mutable_view,A3,1
1177,blocking_view,A3,0
1177,nested_view,A4,1
1177,mutable_view,A4,1
1177,blocking_view,A4,0
1177,nested_view,A5,1
1177,mutable_view,A5,1
1177,blocking_view,A5,0
1177,nested_view,A6,0
1177,mutable_view,A6,0
1177,blocking_view,A6,0
1178,nested_view,A1,1
1178,mutable_view,A1,1
1178,blocking_view,A1,0
1178,nested_view,A2,1
1178,mutable_view,A2,1
1178,blocking_view,A2,0
1178,nested_view,A3,1
1178,mutable_view,A3,1
1178,blocking_view,A3,0
1178,nested_view,A4,1
1178,mutable_view,A4,1
1178,blocking_view,A4,0
1178,nested_view,A5,1
1178,mutable_view,A5,1
1178,blocking_view,A5,0
1178,nested_view,A6,0
1178,mutable_view,A6,0
1178,blocking_view,A6,0
1179,nested_view,A1,0
1179,mutable_view,A1,0
1179,blocking_view,A1,0
1179,nested_view,A2,0
1179,mutable_view,A2,0
1179,blocking_view,A2,0
1179,nested_view,A3,0
1179,mutable_view,A3,0
1179,blocking_view,A3,0
1179,nested_view,A4,0
1179,mutable_view,A4,0
1179,blocking_view,A4,0
1179,nested_view,A5,0
1179,mutable_view,A5,1
1179,blocking_view,A5,0
1179,nested_view,A6,0
1179,mutable_view,A6,0
1179,blocking_view,A6,0
1180,nested_view,A1,1
1180,mutable_view,A1,1
1180,blocking_view,A1,1
1180,nested_view,A2,1
1180,mutable_view,A2,1
1180,blocking_view,A2,1
1180,nested_view,A3,1
1180,mutable_view,A3,1
1180,blocking_view,A3,0
1180,nested_view,A4,0
1180,mutable_view,A4,1
1180,blocking_view,A4,0
1180,nested_view,A5,1
1180,mutable_view,A5,1
1180,blocking_view,A5,0
1180,nested_view,A6,0
1180,mutable_view,A6,0
1180,blocking_view,A6,0
1181,nested_view,A1,0
1181,mutable_view,A1,0
1181,blocking_view,A1,0
1181,nested_view,A2,0
1181,mutable_view,A2,0
1181,blocking_view,A2,0
1181,nested_view,A3,0
1181,mutable_view,A3,0
1181,blocking_view,A3,0
1181,nested_view,A4,0
1181,mutable_view,A4,0
1181,blocking_view,A4,0
1181,nested_view,A5,0
1181,mutable_view,A5,0
1181,blocking_view,A5,0
1181,nested_view,A6,0
1181,mutable_view,A6,0
1181,blocking_view,A6,0
1182,nested_view,A1,1
1182,mutable_view,A1,1
1182,blocking_view,A1,0
1182,nested_view,A2,1
1182,mutable_view,A2,1
1182,blocking_view,A2,0
1182,nested_view,A3,1
1182,mutable_view,A3,1
1182,blocking_view,A3,0
1182,nested_view,A4,1
1182,mutable_view,A4,1
1182,blocking_view,A4,0
1182,nested_view,A5,1
1182,mutable_view,A5,1
1182,blocking_view,A5,0
1182,nested_view,A6,0
1182,mutable_view,A6,0
1182,blocking_view,A6,1
1183,nested_view,A1,1
1183,mutable_view,A1,1
1183,blocking_view,A1,0
1183,nested_view,A2,1
1183,mutable_view,A2,1
1183,blocking_view,A2,0
1183,nested_view,A3,1
1183,mutable_view,A3,1
1183,blocking_view,A3,0
1183,nested_view,A4,1
1183,mutable_view,A4,1
1183,blocking_view,A4,0
1183,nested_view,A5,1
1183,mutable_view,A5,1
1183,blocking_view,A5,0
1183,nested_view,A6,0
1183,mutable_view,A6,0
1183,blocking_view,A6,0
1184,nested_view,A1,1
1184,mutable_view,A1,1
1184,blocking_view,A1,0
1184,nested_view,A2,1
1184,mutable_view,A2,1
1184,blocking_view,A2,0
1184,nested_view,A3,1
1184,mutable_view,A3,1
1184,blocking_view,A3,0
1184,nested_view,A4,1
1184,mutable_view,A4,1
1184,blocking_view,A4,0
1184,nested_view,A5,1
1184,mutable_view,A5,0
1184,blocking_view,A5,0
1184,nested_view,A6,0
1184,mutable_view,A6,0
1184,blocking_view,A6,0
1185,nested_view,A1,1
1185,mutable_view,A1,1
1185,blocking_view,A1,0
1185,nested_view,A2,1
1185,mutable_view,A2,1
1185,blocking_view,A2,0
1185,nested_view,A3,1
1185,mutable_view,A3,1
1185,blocking_view,A3,0
1185,nested_view,A4,1
1185,mutable_view,A4,1
1185,blocking_view,A4,0
1185,nested_view,A5,1
1185,mutable_view,A5,1
1185,blocking_view,A5,0
1185,nested_view,A6,0
1185,mutable_view,A6,0
1185,blocking_view,A6,1
1186,nested_view,A1,1
1186,mutable_view,A1,1
1186,blocking_view,A1,0
1186,nested_view,A2,1
1186,mutable_view,A2,1
1186,blocking_view,A2,0
1186,nested_view,A3,1
1186,mutable_view,A3,1
1186,blocking_view,A3,0
1186,nested_view,A4,1
1186,mutable_view,A4,1
1186,blocking_view,A4,0
1186,nested_view,A5,1
1186,mutable_view,A5,1
1186,blocking_view,A5,0
1186,nested_view,A6,0
1186,mutable_view,A6,0
1186,blocking_view,A6,0
1187,nested_view,A1,1
1187,mutable_view,A1,0
1187,blocking_view,A1,1
1187,nested_view,A2,1
1187,mutable_view,A2,0
1187,blocking_view,A2,1
1187,nested_view,A3,1
1187,mutable_view,A3,0
1187,blocking_view,A3,1
1187,nested_view,A4,1
1187,mutable_view,A4,0
1187,blocking_view,A4,0
1187,nested_view,A5,1
1187,mutable_view,A5,0
1187,blocking_view,A5,1
1187,nested_view,A6,0
1187,mutable_view,A6,0
1187,blocking_view,A6,0
1188,nested_view,A1,1
1188,mutable_view,A1,0
1188,blocking_view,A1,1
1188,nested_view,A2,1
1188,mutable_view,A2,0
1188,blocking_view,A2,1
1188,nested_view,A3,1
1188,mutable_view,A3,0
1188,blocking_view,A3,1
1188,nested_view,A4,1
1188,mutable_view,A4,0
1188,blocking_view,A4,0
1188,nested_view,A5,1
1188,mutable_view,A5,0
1188,blocking_view,A5,1
1188,nested_view,A6,0
1188,mutable_view,A6,0
1188,blocking_view,A6,0
1189,nested_view,A1,1
1189,mutable_view,A1,1
1189,blocking_view,A1,1
1189,nested_view,A2,1
1189,mutable_view,A2,1
1189,blocking_view,A2,1
1189,nested_view,A3,1
1189,mutable_view,A3,1
1189,blocking_view,A3,1
1189,nested_view,A4,1
1189,mutable_view,A4,1
1189,blocking_view,A4,0
1189,nested_view,A5,1
1189,mutable_view,A5,1
1189,blocking_view,A5,1
1189,nested_view,A6,0
1189,mutable_view,A6,0
1189,blocking_view,A6,0
1190,nested_view,A1,1
1190,mutable_view,A1,1
1190,blocking_view,A1,0
1190,nested_view,A2,1
1190,mutable_view,A2,1
1190,blocking_view,A2,0
1190,nested_view,A3,1
1190,mutable_view,A3,1
1190,blocking_view,A3,0
1190,nested_view,A4,1
1190,mutable_view,A4,1
1190,blocking_view,A4,0
1190,nested_view,A5,1
1190,mutable_view,A5,1
1190,blocking_view,A5,0
1190,nested_view,A6,0
1190,mutable_view,A6,0
1190,blocking_view,A6,0
1191,nested_view,A1,0
1191,mutable_view,A1,0
1191,blocking_view,A1,0
1191,nested_view,A2,0
1191,mutable_view,A2,0
1191,blocking_view,A2,0
1191,nested_view,A3,0
1191,mutable_view,A3,0
1191,blocking_view,A3,0
1191,nested_view,A4,0
1191,mutable_view,A4,0
1191,blocking_view,A4,0
1191,nested_view,A5,0
1191,mutable_view,A5,1
1191,blocking_view,A5,0
1191,nested_view,A6,0
1191,mutable_view,A6,0
1191,blocking_view,A6,0
1192,nested_view,A1,1
1192,mutable_view,A1,1
1192,blocking_view,A1,1
1192,nested_view,A2,1
1192,mutable_view,A2,1
1192,blocking_view,A2,1
1192,nested_view,A3,1
1192,mutable_view,A3,1
1192,blocking_view,A3,1
1192,nested_view,A4,1
1192,mutable_view,A4,1
1192,blocking_view,A4,0
1192,nested_view,A5,0
1192,mutable_view,A5,1
1192,blocking_view,A5,0
1192,nested_view,A6,0
1192,mutable_view,A6,0
1192,blocking_view,A6,0
1193,nested_view,A1,1
1193,mutable_view,A1,1
1193,blocking_view,A1,1
1193,nested_view,A2,1
1193,mutable_view,A2,1
1193,blocking_view,A2,1
1193,nested_view,A3,1
1193,mutable_view,A3,1
1193,blocking_view,A3,1
1193,nested_view,A4,1
1193,mutable_view,A4,1
1193,blocking_view,A4,0
1193,nested_view,A5,0
1193,mutable_view,A5,1
1193,blocking_view,A5,1
1193,nested_view,A6,0
1193,mutable_view,A6,0
1193,blocking_view,A6,0
1194,nested_view,A1,1
1194,mutable_view,A1,1
1194,blocking_view,A1,1
1194,nested_view,A2,1
1194,mutable_view,A2,1
1194,blocking_view,A2,1
1194,nested_view,A3,1
1194,mutable_view,A3,1
1194,blocking_view,A3,1
1194,nested_view,A4,1
1194,mutable_view,A4,1
1194,blocking_view,A4,0
1194,nested_view,A5,1
1194,mutable_view,A5,1
1194,blocking_view,A5,1
1194,nested_view,A6,1
1194,mutable_view,A6,1
1194,blocking_view,A6,1
1195,nested_view,A1,1
1195,mutable_view,A1,1
1195,blocking_view,A1,1
1195,nested_view,A2,1
1195,mutable_view,A2,1
1195,blocking_view,A2,1
1195,nested_view,A3,1
1195,mutable_view,A3,1
1195,blocking_view,A3,0
1195,nested_view,A4,1
1195,mutable_view,A4,1
1195,blocking_view,A4,0
1195,nested_view,A5,1
1195,mutable_view,A5,1
1195,blocking_view,A5,0
1195,nested_view,A6,1
1195,mutable_view,A6,1
1195,blocking_view,A6,1
1196,nested_view,A1,1
1196,mutable_view,A1,1
1196,blocking_view,A1,0
1196,nested_view,A2,1
1196,mutable_view,A2,1
1196,blocking_view,A2,0
1196,nested_view,A3,1
1196,mutable_view,A3,1
1196,blocking_view,A3,0
1196,nested_view,A4,1
1196,mutable_view,A4,1
1196,blocking_view,A4,0
1196,nested_view,A5,1
1196,mutable_view,A5,1
1196,blocking_view,A5,0
1196,nested_view,A6,0
1196,mutable_view,A6,1
1196,blocking_view,A6,0
1197,nested_view,A1,1
1197,mutable_view,A1,1
1197,blocking_view,A1,0
1197,nested_view,A2,1
1197,mutable_view,A2,1
1197,blocking_view,A2,0
1197,nested_view,A3,1
1197,mutable_view,A3,1
1197,blocking_view,A3,0
1197,nested_view,A4,1
1197,mutable_view,A4,1
1197,blocking_view,A4,0
1197,nested_view,A5,1
1197,mutable_view,A5,1
1197,blocking_view,A5,0
1197,nested_view,A6,0
1197,mutable_view,A6,0
1197,blocking_view,A6,0
1198,nested_view,A1,1
1198,mutable_view,A1,1
1198,blocking_view,A1,1
1198,nested_view,A2,1
1198,mutable_view,A2,1
1198,blocking_view,A2,1
1198,nested_view,A3,1
1198,mutable_view,A3,1
1198,blocking_view,A3,1
1198,nested_view,A4,1
1198,mutable_view,A4,1
1198,blocking_view,A4,0
1198,nested_view,A5,1
1198,mutable_view,A5,1
1198,blocking_view,A5,1
1198,nested_view,A6,0
1198,mutable_view,A6,1
1198,blocking_view,A6,1
1199,nested_view,A1,1
1199,mutable_view,A1,1
1199,blocking_view,A1,1
1199,nested_view,A2,1
1199,mutable_view,A2,1
1199,blocking_view,A2,1
1199,nested_view,A3,1
1199,mutable_view,A3,1
1199,blocking_view,A3,1
1199,nested_view,A4,1
1199,mutable_view,A4,1
1199,blocking_view,A4,0
1199,nested_view,A5,1
1199,mutable_view,A5,1
1199,blocking_view,A5,1
1199,nested_view,A6,0
1199,mutable_view,A6,0
1199,blocking_view,A6,0
1200,nested_view,A1,1
1200,mutable_view,A1,1
1200,blocking_view,A1,0
1200,nested_view,A2,1
1200,mutable_view,A2,1
1200,blocking_view,A2,0
1200,nested_view,A3,1
1200,mutable_view,A3,1
1200,blocking_view,A3,0
1200,nested_view,A4,1
1200,mutable_view,A4,0
1200,blocking_view,A4,0
1200,nested_view,A5,1
1200,mutable_view,A5,1
1200,blocking_view,A5,0
1200,nested_view,A6,0
1200,mutable_view,A6,0
1200,blocking_view,A6,0
1201,nested_view,A1,1
1201,mutable_view,A1,1
1201,blocking_view,A1,1
1201,nested_view,A2,1
1201,mutable_view,A2,1
1201,blocking_view,A2,1
1201,nested_view,A3,1
1201,mutable_view,A3,1
1201,blocking_view,A3,1
1201,nested_view,A4,1
1201,mutable_view,A4,1
1201,blocking_view,A4,0
1201,nested_view,A5,1
1201,mutable_view,A5,1
1201,blocking_view,A5,1
1201,nested_view,A6,0
1201,mutable_view,A6,0
1201,blocking_view,A6,0
1202,nested_view,A1,1
1202,mutable_view,A1,1
1202,blocking_view,A1,0
1202,nested_view,A2,1
1202,mutable_view,A2,1
1202,blocking_view,A2,0
1202,nested_view,A3,1
1202,mutable_view,A3,1
1202,blocking_view,A3,0
1202,nested_view,A4,1
1202,mutable_view,A4,1
1202,blocking_view,A4,0
1202,nested_view,A5,1
1202,mutable_view,A5,1
1202,blocking_view,A5,0
1202,nested_view,A6,0
1202,mutable_view,A6,0
1202,blocking_view,A6,0
1203,nested_view,A1,1
1203,mutable_view,A1,1
1203,blocking_view,A1,0
1203,nested_view,A2,1
1203,mutable_view,A2,1
1203,blocking_view,A2,0
1203,nested_view,A3,1
1203,mutable_view,A3,1
1203,blocking_view,A3,0
1203,nested_view,A4,1
1203,mutable_view,A4,1
1203,blocking_view,A4,0
1203,nested_view,A5,1
1203,mutable_view,A5,0
1203,blocking_view,A5,0
1203,nested_view,A6,0
1203,mutable_view,A6,0
1203,blocking_view,A6,0
1204,nested_view,A1,1
1204,mutable_view,A1,1
1204,blocking_view,A1,0
1204,nested_view,A2,1
1204,mutable_view,A2,1
1204,blocking_view,A2,0
1204,nested_view,A3,1
1204,mutable_view,A3,1
1204,blocking_view,A3,0
1204,nested_view,A4,1
1204,mutable_view,A4,1
1204,blocking_view,A4,0
1204,nested_view,A5,1
1204,mutable_view,A5,1
1204,blocking_view,A5,0
1204,nested_view,A6,0
1204,mutable_view,A6,0
1204,blocking_view,A6,0
1205,nested_view,A1,1
1205,mutable_view,A1,1
1205,blocking_view,A1,0
1205,nested_view,A2,1
1205,mutable_view,A2,1
1205,blocking_view,A2,0
1205,nested_view,A3,1
1205,mutable_view,A3,1
1205,blocking_view,A3,0
1205,nested_view,A4,1
1205,mutable_view,A4,1
1205,blocking_view,A4,0
1205,nested_view,A5,1
1205,mutable_view,A5,1
1205,blocking_view,A5,0
1205,nested_view,A6,0
1205,mutable_view,A6,0
1205,blocking_view,A6,0
1206,nested_view,A1,1
1206,mutable_view,A1,1
1206,blocking_view,A1,1
1206,nested_view,A2,1
1206,mutable_view,A2,1
1206,blocking_view,A2,1
1206,nested_view,A3,1
1206,mutable_view,A3,1
1206,blocking_view,A3,1
1206,nested_view,A4,1
1206,mutable_view,A4,1
1206,blocking_view,A4,1
1206,nested_view,A5,1
1206,mutable_view,A5,1
1206,blocking_view,A5,1
1206,nested_view,A6,0
1206,mutable_view,A6,1
1206,blocking_view,A6,1
1207,nested_view,A1,1
1207,mutable_view,A1,1
1207,blocking_view,A1,1
1207,nested_view,A2,1
1207,mutable_view,A2,1
1207,blocking_view,A2,1
1207,nested_view,A3,1
1207,mutable_view,A3,1
1207,blocking_view,A3,1
1207,nested_view,A4,1
1207,mutable_view,A4,1
1207,blocking_view,A4,0
1207,nested_view,A5,1
1207,mutable_view,A5,0
1207,blocking_view,A5,1
1207,nested_view,A6,0
1207,mutable_view,A6,0
1207,blocking_view,A6,1
1208,nested_view,A1,1
1208,mutable_view,A1,1
1208,blocking_view,A1,1
1208,nested_view,A2,1
1208,mutable_view,A2,1
1208,blocking_view,A2,1
1208,nested_view,A3,1
1208,mutable_view,A3,1
1208,blocking_view,A3,1
1208,nested_view,A4,1
1208,mutable_view,A4,1
1208,blocking_view,A4,0
1208,nested_view,A5,0
1208,mutable_view,A5,1
1208,blocking_view,A5,1
1208,nested_view,A6,0
1208,mutable_view,A6,0
1208,blocking_view,A6,0
1209,nested_view,A1,1
1209,mutable_view,A1,1
1209,blocking_view,A1,0
1209,nested_view,A2,1
1209,mutable_view,A2,1
1209,blocking_view,A2,0
1209,nested_view,A3,1
1209,mutable_view,A3,1
1209,blocking_view,A3,0
1209,nested_view,A4,1
1209,mutable_view,A4,0
1209,blocking_view,A4,1
1209,nested_view,A5,1
1209,mutable_view,A5,1
1209,blocking_view,A5,0
1209,nested_view,A6,0
1209,mutable_view,A6,0
1209,blocking_view,A6,1
1210,nested_view,A1,0
1210,mutable_view,A1,0
1210,blocking_view,A1,0
1210,nested_view,A2,0
1210,mutable_view,A2,0
1210,blocking_view,A2,0
1210,nested_view,A3,0
1210,mutable_view,A3,0
1210,blocking_view,A3,0
1210,nested_view,A4,0
1210,mutable_view,A4,0
1210,blocking_view,A4,0
1210,nested_view,A5,0
1210,mutable_view,A5,0
1210,blocking_view,A5,0
1210,nested_view,A6,0
1210,mutable_view,A6,0
1210,blocking_view,A6,0
1211,nested_view,A1,0
1211,mutable_view,A1,0
1211,blocking_view,A1,0
1211,nested_view,A2,0
1211,mutable_view,A2,0
1211,blocking_view,A2,0
1211,nested_view,A3,0
1211,mutable_view,A3,0
1211,blocking_view,A3,0
1211,nested_view,A4,0
1211,mutable_view,A4,0
1211,blocking_view,A4,0
1211,nested_view,A5,0
1211,mutable_view,A5,0
1211,blocking_view,A5,0
1211,nested_view,A6,0
1211,mutable_view,A6,0
1211,blocking_view,A6,0
1212,nested_view,A1,1
1212,mutable_view,A1,1
1212,blocking_view,A1,1
1212,nested_view,A2,1
1212,mutable_view,A2,1
1212,blocking_view,A2,1
1212,nested_view,A3,1
1212,mutable_view,A3,1
1212,blocking_view,A3,1
1212,nested_view,A4,1
1212,mutable_view,A4,1
1212,blocking_view,A4,0
1212,nested_view,A5,0
1212,mutable_view,A5,1
1212,blocking_view,A5,1
1212,nested_view,A6,0
1212,mutable_view,A6,0
1212,blocking_view,A6,0
1213,nested_view,A1,1
1213,mutable_view,A1,1
1213,blocking_view,A1,0
1213,nested_view,A2,1
1213,mutable_view,A2,1
1213,blocking_view,A2,0
1213,nested_view,A3,1
1213,mutable_view,A3,1
1213,blocking_view,A3,0
1213,nested_view,A4,1
1213,mutable_view,A4,1
1213,blocking_view,A4,0
1213,nested_view,A5,1
1213,mutable_view,A5,1
1213,blocking_view,A5,0
1213,nested_view,A6,0
1213,mutable_view,A6,0
1213,blocking_view,A6,0
1214,nested_view,A1,0
1214,mutable_view,A1,0
1214,blocking_view,A1,0
1214,nested_view,A2,0
1214,mutable_view,A2,0
1214,blocking_view,A2,0
1214,nested_view,A3,0
1214,mutable_view,A3,0
1214,blocking_view,A3,0
1214,nested_view,A4,0
1214,mutable_view,A4,0
1214,blocking_view,A4,0
1214,nested_view,A5,1
1214,mutable_view,A5,0
1214,blocking_view,A5,0
1214,nested_view,A6,0
1214,mutable_view,A6,0
1214,blocking_view,A6,0
1215,nested_view,A1,0
1215,mutable_view,A1,0
1215,blocking_view,A1,0
1215,nested_view,A2,0
1215,mutable_view,A2,0
1215,blocking_view,A2,0
1215,nested_view,A3,0
1215,mutable_view,A3,0
1215,blocking_view,A3,0
1215,nested_view,A4,0
1215,mutable_view,A4,0
1215,blocking_view,A4,0
1215,nested_view,A5,0
1215,mutable_view,A5,0
1215,blocking_view,A5,0
1215,nested_view,A6,0
1215,mutable_view,A6,0
1215,blocking_view,A6,0
1216,nested_view,A1,1
1216,mutable_view,A1,1
1216,blocking_view,A1,0
1216,nested_view,A2,1
1216,mutable_view,A2,1
1216,blocking_view,A2,0
1216,nested_view,A3,1
1216,mutable_view,A3,1
1216,blocking_view,A3,0
1216,nested_view,A4,1
1216,mutable_view,A4,1
1216,blocking_view,A4,0
1216,nested_view,A5,1
1216,mutable_view,A5,1
1216,blocking_view,A5,0
1216,nested_view,A6,0
1216,mutable_view,A6,1
1216,blocking_view,A6,1
1217,nested_view,A1,1
1217,mutable_view,A1,1
1217,blocking_view,A1,0
1217,nested_view,A2,1
1217,mutable_view,A2,1
1217,blocking_view,A2,0
1217,nested_view,A3,1
1217,mutable_view,A3,1
1217,blocking_view,A3,0
1217,nested_view,A4,1
1217,mutable_view,A4,1
1217,blocking_view,A4,0
1217,nested_view,A5,1
1217,mutable_view,A5,1
1217,blocking_view,A5,0
1217,nested_view,A6,0
1217,mutable_view,A6,0
1217,blocking_view,A6,0
1218,nested_view,A1,0
1218,mutable_view,A1,0
1218,blocking_view,A1,0
1218,nested_view,A2,0
1218,mutable_view,A2,0
1218,blocking_view,A2,0
1218,nested_view,A3,0
1218,mutable_view,A3,0
1218,blocking_view,A3,0
1218,nested_view,A4,0
1218,mutable_view,A4,0
1218,blocking_view,A4,0
1218,nested_view,A5,0
1218,mutable_view,A5,1
1218,blocking_view,A5,0
1218,nested_view,A6,0
1218,mutable_view,A6,0
1218,blocking_view,A6,0
1219,nested_view,A1,0
1219,mutable_view,A1,0
1219,blocking_view,A1,0
1219,nested_view,A2,0
1219,mutable_view,A2,0
1219,blocking_view,A2,0
1219,nested_view,A3,0
1219,mutable_view,A3,0
1219,blocking_view,A3,0
1219,nested_view,A4,0
1219,mutable_view,A4,0
1219,blocking_view,A4,0
1219,nested_view,A5,0
1219,mutable_view,A5,0
1219,blocking_view,A5,0
1219,nested_view,A6,0
1219,mutable_view,A6,0
1219,blocking_view,A6,0
1220,nested_view,A1,1
1220,mutable_view,A1,1
1220,blocking_view,A1,0
1220,nested_view,A2,1
1220,mutable_view,A2,1
1220,blocking_view,A2,0
1220,nested_view,A3,1
1220,mutable_view,A3,1
1220,blocking_view,A3,0
1220,nested_view,A4,1
1220,mutable_view,A4,1
1220,blocking_view,A4,0
1220,nested_view,A5,1
1220,mutable_view,A5,1
1220,blocking_view,A5,0
1220,nested_view,A6,0
1220,mutable_view,A6,1
1220,blocking_view,A6,0
1221,nested_view,A1,1
1221,mutable_view,A1,1
1221,blocking_view,A1,1
1221,nested_view,A2,1
1221,mutable_view,A2,1
1221,blocking_view,A2,1
1221,nested_view,A3,1
1221,mutable_view,A3,1
1221,blocking_view,A3,1
1221,nested_view,A4,1
1221,mutable_view,A4,1
1221,blocking_view,A4,0
1221,nested_view,A5,1
1221,mutable_view,A5,1
1221,blocking_view,A5,1
1221,nested_view,A6,0
1221,mutable_view,A6,1
1221,blocking_view,A6,1
1222,nested_view,A1,1
1222,mutable_view,A1,1
1222,blocking_view,A1,0
1222,nested_view,A2,1
1222,mutable_view,A2,1
1222,blocking_view,A2,0
1222,nested_view,A3,1
1222,mutable_view,A3,1
1222,blocking_view,A3,0
1222,nested_view,A4,1
1222,mutable_view,A4,1
1222,blocking_view,A4,0
1222,nested_view,A5,1
1222,mutable_view,A5,1
1222,blocking_view,A5,0
1222,nested_view,A6,0
1222,mutable_view,A6,0
1222,blocking_view,A6,0
1223,nested_view,A1,0
1223,mutable_view,A1,0
1223,blocking_view,A1,0
1223,nested_view,A2,0
1223,mutable_view,A2,0
1223,blocking_view,A2,0
1223,nested_view,A3,0
1223,mutable_view,A3,0
1223,blocking_view,A3,0
1223,nested_view,A4,0
1223,mutable_view,A4,0
1223,blocking_view,A4,0
1223,nested_view,A5,0
1223,mutable_view,A5,0
1223,blocking_view,A5,0
1223,nested_view,A6,0
1223,mutable_view,A6,0
1223,blocking_view,A6,0
1224,nested_view,A1,1
1224,mutable_view,A1,1
1224,blocking_view,A1,0
1224,nested_view,A2,1
1224,mutable_view,A2,1
1224,blocking_view,A2,0
1224,nested_view,A3,1
1224,mutable_view,A3,1
1224,blocking_view,A3,0
1224,nested_view,A4,1
1224,mutable_view,A4,1
1224,blocking_view,A4,0
1224,nested_view,A5,1
1224,mutable_view,A5,1
1224,blocking_view,A5,0
1224,nested_view,A6,0
1224,mutable_view,A6,0
1224,blocking_view,A6,0
1225,nested_view,A1,1
1225,mutable_view,A1,1
1225,blocking_view,A1,0
1225,nested_view,A2,1
1225,mutable_view,A2,1
1225,blocking_view,A2,0
1225,nested_view,A3,1
1225,mutable_view,A3,1
1225,blocking_view,A3,0
1225,nested_view,A4,1
1225,mutable_view,A4,1
1225,blocking_view,A4,0
1225,nested_view,A5,1
1225,mutable_view,A5,1
1225,blocking_view,A5,0
1225,nested_view,A6,0
1225,mutable_view,A6,0
1225,blocking_view,A6,0
1226,nested_view,A1,0
1226,mutable_view,A1,0
1226,blocking_view,A1,0
1226,nested_view,A2,0
1226,mutable_view,A2,0
1226,blocking_view,A2,0
1226,nested_view,A3,0
1226,mutable_view,A3,0
1226,blocking_view,A3,0
1226,nested_view,A4,0
1226,mutable_view,A4,0
1226,blocking_view,A4,0
1226,nested_view,A5,0
1226,mutable_view,A5,0
1226,blocking_view,A5,0
1226,nested_view,A6,0
1226,mutable_view,A6,0
1226,blocking_view,A6,0
1227,nested_view,A1,1
1227,mutable_view,A1,1
1227,blocking_view,A1,0
1227,nested_view,A2,1
1227,mutable_view,A2,1
1227,blocking_view,A2,0
1227,nested_view,A3,1
1227,mutable_view,A3,1
1227,blocking_view,A3,0
1227,nested_view,A4,1
1227,mutable_view,A4,1
1227,blocking_view,A4,0
1227,nested_view,A5,1
1227,mutable_view,A5,1
1227,blocking_view,A5,0
1227,nested_view,A6,0
1227,mutable_view,A6,0
1227,blocking_view,A6,0
1228,nested_view,A1,1
1228,mutable_view,A1,1
1228,blocking_view,A1,0
1228,nested_view,A2,1
1228,mutable_view,A2,1
1228,blocking_view,A2,0
1228,nested_view,A3,1
1228,mutable_view,A3,1
1228,blocking_view,A3,0
1228,nested_view,A4,1
1228,mutable_view,A4,1
1228,blocking_view,A4,0
1228,nested_view,A5,1
1228,mutable_view,A5,1
1228,blocking_view,A5,0
1228,nested_view,A6,0
1228,mutable_view,A6,0
1228,blocking_view,A6,0
1229,nested_view,A1,1
1229,mutable_view,A1,1
1229,blocking_view,A1,0
1229,nested_view,A2,1
1229,mutable_view,A2,1
1229,blocking_view,A2,0
1229,nested_view,A3,1
1229,mutable_view,A3,1
1229,blocking_view,A3,0
1229,nested_view,A4,1
1229,mutable_view,A4,1
1229,blocking_view,A4,0
1229,nested_view,A5,1
1229,mutable_view,A5,1
1229,blocking_view,A5,0
1229,nested_view,A6,0
1229,mutable_view,A6,0
1229,blocking_view,A6,0
1230,nested_view,A1,0
1230,mutable_view,A1,0
1230,blocking_view,A1,0
1230,nested_view,A2,0
1230,mutable_view,A2,0
1230,blocking_view,A2,0
1230,nested_view,A3,0
1230,mutable_view,A3,0
1230,blocking_view,A3,0
1230,nested_view,A4,0
1230,mutable_view,A4,0
1230,blocking_view,A4,0
1230,nested_view,A5,0
1230,mutable_view,A5,1
1230,blocking_view,A5,0
1230,nested_view,A6,0
1230,mutable_view,A6,0
1230,blocking_view,A6,0
1231,nested_view,A1,1
1231,mutable_view,A1,1
1231,blocking_view,A1,0
1231,nested_view,A2,1
1231,mutable_view,A2,1
1231,blocking_view,A2,0
1231,nested_view,A3,1
1231,mutable_view,A3,1
1231,blocking_view,A3,0
1231,nested_view,A4,1
1231,mutable_view,A4,1
1231,blocking_view,A4,0
1231,nested_view,A5,1
1231,mutable_view,A5,1
1231,blocking_view,A5,1
1231,nested_view,A6,0
1231,mutable_view,A6,0
1231,blocking_view,A6,0
1232,nested_view,A1,1
1232,mutable_view,A1,1
1232,blocking_view,A1,0
1232,nested_view,A2,1
1232,mutable_view,A2,1
1232,blocking_view,A2,0
1232,nested_view,A3,1
1232,mutable_view,A3,1
1232,blocking_view,A3,0
1232,nested_view,A4,1
1232,mutable_view,A4,1
1232,blocking_view,A4,0
1232,nested_view,A5,1
1232,mutable_view,A5,1
1232,blocking_view,A5,0
1232,nested_view,A6,0
1232,mutable_view,A6,0
1232,blocking_view,A6,0
1233,nested_view,A1,0
1233,mutable_view,A1,0
1233,blocking_view,A1,0
1233,nested_view,A2,0
1233,mutable_view,A2,0
1233,blocking_view,A2,0
1233,nested_view,A3,0
1233,mutable_view,A3,0
1233,blocking_view,A3,0
1233,nested_view,A4,0
1233,mutable_view,A4,0
1233,blocking_view,A4,0
1233,nested_view,A5,0
1233,mutable_view,A5,0
1233,blocking_view,A5,0
1233,nested_view,A6,0
1233,mutable_view,A6,1
1233,blocking_view,A6,1
1234,nested_view,A1,1
1234,mutable_view,A1,1
1234,blocking_view,A1,0
1234,nested_view,A2,1
1234,mutable_view,A2,1
1234,blocking_view,A2,0
1234,nested_view,A3,1
1234,mutable_view,A3,1
1234,blocking_view,A3,0
1234,nested_view,A4,1
1234,mutable_view,A4,1
1234,blocking_view,A4,0
1234,nested_view,A5,1
1234,mutable_view,A5,0
1234,blocking_view,A5,0
1234,nested_view,A6,0
1234,mutable_view,A6,0
1234,blocking_view,A6,0
1235,nested_view,A1,1
1235,mutable_view,A1,1
1235,blocking_view,A1,0
1235,nested_view,A2,1
1235,mutable_view,A2,1
1235,blocking_view,A2,0
1235,nested_view,A3,1
1235,mutable_view,A3,1
1235,blocking_view,A3,0
1235,nested_view,A4,1
1235,mutable_view,A4,1
1235,blocking_view,A4,0
1235,nested_view,A5,0
1235,mutable_view,A5,1
1235,blocking_view,A5,0
1235,nested_view,A6,0
1235,mutable_view,A6,0
1235,blocking_view,A6,0
1236,nested_view,A1,1
1236,mutable_view,A1,1
1236,blocking_view,A1,0
1236,nested_view,A2,1
1236,mutable_view,A2,1
1236,blocking_view,A2,0
1236,nested_view,A3,1
1236,mutable_view,A3,1
1236,blocking_view,A3,0
1236,nested_view,A4,1
1236,mutable_view,A4,1
1236,blocking_view,A4,0
1236,nested_view,A5,1
1236,mutable_view,A5,1
1236,blocking_view,A5,0
1236,nested_view,A6,0
1236,mutable_view,A6,0
1236,blocking_view,A6,0
1237,nested_view,A1,1
1237,mutable_view,A1,1
1237,blocking_view,A1,0
1237,nested_view,A2,1
1237,mutable_view,A2,1
1237,blocking_view,A2,0
1237,nested_view,A3,1
1237,mutable_view,A3,1
1237,blocking_view,A3,0
1237,nested_view,A4,1
1237,mutable_view,A4,1
1237,blocking_view,A4,0
1237,nested_view,A5,1
1237,mutable_view,A5,1
1237,blocking_view,A5,0
1237,nested_view,A6,0
1237,mutable_view,A6,0
1237,blocking_view,A6,0
1238,nested_view,A1,1
1238,mutable_view,A1,1
1238,blocking_view,A1,0
1238,nested_view,A2,1
1238,mutable_view,A2,1
1238,blocking_view,A2,0
1238,nested_view,A3,1
1238,mutable_view,A3,1
1238,blocking_view,A3,0
1238,nested_view,A4,1
1238,mutable_view,A4,1
1238,blocking_view,A4,0
1238,nested_view,A5,1
1238,mutable_view,A5,1
1238,blocking_view,A5,0
1238,nested_view,A6,0
1238,mutable_view,A6,0
1238,blocking_view,A6,0
1239,nested_view,A1,1
1239,mutable_view,A1,1
1239,blocking_view,A1,0
1239,nested_view,A2,1
1239,mutable_view,A2,1
1239,blocking_view,A2,0
1239,nested_view,A3,1
1239,mutable_view,A3,1
1239,blocking_view,A3,0
1239,nested_view,A4,1
1239,mutable_view,A4,1
1239,blocking_view,A4,0
1239,nested_view,A5,1
1239,mutable_view,A5,1
1239,blocking_view,A5,0
1239,nested_view,A6,0
1239,mutable_view,A6,0
1239,blocking_view,A6,0
1240,nested_view,A1,1
1240,mutable_view,A1,1
1240,blocking_view,A1,0
1240,nested_view,A2,1
1240,mutable_view,A2,1
1240,blocking_view,A2,0
1240,nested_view,A3,1
1240,mutable_view,A3,1
1240,blocking_view,A3,0
1240,nested_view,A4,1
1240,mutable_view,A4,1
1240,blocking_view,A4,0
1240,nested_view,A5,1
1240,mutable_view,A5,1
1240,blocking_view,A5,0
1240,nested_view,A6,0
1240,mutable_view,A6,0
1240,blocking_view,A6,0
1241,nested_view,A1,1
1241,mutable_view,A1,1
1241,blocking_view,A1,0
1241,nested_view,A2,1
1241,mutable_view,A2,1
1241,blocking_view,A2,0
1241,nested_view,A3,1
1241,mutable_view,A3,1
1241,blocking_view,A3,0
1241,nested_view,A4,1
1241,mutable_view,A4,1
1241,blocking_view,A4,0
1241,nested_view,A5,1
1241,mutable_view,A5,1
1241,blocking_view,A5,0
1241,nested_view,A6,0
1241,mutable_view,A6,1
1241,blocking_view,A6,0
1242,nested_view,A1,1
1242,mutable_view,A1,1
1242,blocking_view,A1,0
1242,nested_view,A2,1
1242,mutable_view,A2,1
1242,blocking_view,A2,0
1242,nested_view,A3,1
1242,mutable_view,A3,1
1242,blocking_view,A3,0
1242,nested_view,A4,1
1242,mutable_view,A4,1
1242,blocking_view,A4,0
1242,nested_view,A5,1
1242,mutable_view,A5,1
1242,blocking_view,A5,0
1242,nested_view,A6,0
1242,mutable_view,A6,0
1242,blocking_view,A6,0
1243,nested_view,A1,1
1243,mutable_view,A1,1
1243,blocking_view,A1,0
1243,nested_view,A2,1
1243,mutable_view,A2,1
1243,blocking_view,A2,0
1243,nested_view,A3,1
1243,mutable_view,A3,1
1243,blocking_view,A3,0
1243,nested_view,A4,1
1243,mutable_view,A4,1
1243,blocking_view,A4,0
1243,nested_view,A5,1
1243,mutable_view,A5,1
1243,blocking_view,A5,1
1243,nested_view,A6,0
1243,mutable_view,A6,0
1243,blocking_view,A6,0
1244,nested_view,A1,1
1244,mutable_view,A1,1
1244,blocking_view,A1,1
1244,nested_view,A2,1
1244,mutable_view,A2,1
1244,blocking_view,A2,1
1244,nested_view,A3,1
1244,mutable_view,A3,1
1244,blocking_view,A3,1
1244,nested_view,A4,1
1244,mutable_view,A4,1
1244,blocking_view,A4,0
1244,nested_view,A5,1
1244,mutable_view,A5,1
1244,blocking_view,A5,1
1244,nested_view,A6,0
1244,mutable_view,A6,0
1244,blocking_view,A6,0
1245,nested_view,A1,1
1245,mutable_view,A1,1
1245,blocking_view,A1,1
1245,nested_view,A2,1
1245,mutable_view,A2,1
1245,blocking_view,A2,1
1245,nested_view,A3,1
1245,mutable_view,A3,1
1245,blocking_view,A3,0
1245,nested_view,A4,1
1245,mutable_view,A4,1
1245,blocking_view,A4,0
1245,nested_view,A5,1
1245,mutable_view,A5,1
1245,blocking_view,A5,0
1245,nested_view,A6,0
1245,mutable_view,A6,0
1245,blocking_view,A6,0
1246,nested_view,A1,1
1246,mutable_view,A1,1
1246,blocking_view,A1,1
1246,nested_view,A2,1
1246,mutable_view,A2,1
1246,blocking_view,A2,1
1246,nested_view,A3,1
1246,mutable_view,A3,1
1246,blocking_view,A3,1
1246,nested_view,A4,1
1246,mutable_view,A4,1
1246,blocking_view,A4,0
1246,nested_view,A5,1
1246,mutable_view,A5,1
1246,blocking_view,A5,1
1246,nested_view,A6,1
1246,mutable_view,A6,1
1246,blocking_view,A6,1
1247,nested_view,A1,1
1247,mutable_view,A1,1
1247,blocking_view,A1,1
1247,nested_view,A2,1
1247,mutable_view,A2,1
1247,blocking_view,A2,1
1247,nested_view,A3,1
1247,mutable_view,A3,1
1247,blocking_view,A3,1
1247,nested_view,A4,1
1247,mutable_view,A4,1
1247,blocking_view,A4,0
1247,nested_view,A5,1
1247,mutable_view,A5,1
1247,blocking_view,A5,1
1247,nested_view,A6,1
1247,mutable_view,A6,1
1247,blocking_view,A6,1
1248,nested_view,A1,1
1248,mutable_view,A1,1
1248,blocking_view,A1,0
1248,nested_view,A2,1
1248,mutable_view,A2,1
1248,blocking_view,A2,0
1248,nested_view,A3,1
1248,mutable_view,A3,1
1248,blocking_view,A3,0
1248,nested_view,A4,1
1248,mutable_view,A4,1
1248,blocking_view,A4,0
1248,nested_view,A5,1
1248,mutable_view,A5,1
1248,blocking_view,A5,0
1248,nested_view,A6,0
1248,mutable_view,A6,0
1248,blocking_view,A6,0
1249,nested_view,A1,1
1249,mutable_view,A1,1
1249,blocking_view,A1,1
1249,nested_view,A2,1
1249,mutable_view,A2,1
1249,blocking_view,A2,1
1249,nested_view,A3,1
1249,mutable_view,A3,1
1249,blocking_view,A3,1
1249,nested_view,A4,1
1249,mutable_view,A4,1
1249,blocking_view,A4,0
1249,nested_view,A5,1
1249,mutable_view,A5,1
1249,blocking_view,A5,1
1249,nested_view,A6,1
1249,mutable_view,A6,1
1249,blocking_view,A6,1
1250,nested_view,A1,1
1250,mutable_view,A1,1
1250,blocking_view,A1,1
1250,nested_view,A2,1
1250,mutable_view,A2,1
1250,blocking_view,A2,1
1250,nested_view,A3,1
1250,mutable_view,A3,1
1250,blocking_view,A3,1
1250,nested_view,A4,1
1250,mutable_view,A4,1
1250,blocking_view,A4,0
1250,nested_view,A5,1
1250,mutable_view,A5,1
1250,blocking_view,A5,1
1250,nested_view,A6,0
1250,mutable_view,A6,1
1250,blocking_view,A6,0
1251,nested_view,A1,1
1251,mutable_view,A1,1
1251,blocking_view,A1,0
1251,nested_view,A2,1
1251,mutable_view,A2,1
1251,blocking_view,A2,0
1251,nested_view,A3,1
1251,mutable_view,A3,1
1251,blocking_view,A3,0
1251,nested_view,A4,1
1251,mutable_view,A4,1
1251,blocking_view,A4,0
1251,nested_view,A5,1
1251,mutable_view,A5,1
1251,blocking_view,A5,1
1251,nested_view,A6,0
1251,mutable_view,A6,1
1251,blocking_view,A6,0
1252,nested_view,A1,1
1252,mutable_view,A1,1
1252,blocking_view,A1,0
1252,nested_view,A2,1
1252,mutable_view,A2,1
1252,blocking_view,A2,0
1252,nested_view,A3,1
1252,mutable_view,A3,1
1252,blocking_view,A3,0
1252,nested_view,A4,1
1252,mutable_view,A4,0
1252,blocking_view,A4,0
1252,nested_view,A5,1
1252,mutable_view,A5,1
1252,blocking_view,A5,0
1252,nested_view,A6,0
1252,mutable_view,A6,0
1252,blocking_view,A6,0
1253,nested_view,A1,1
1253,mutable_view,A1,1
1253,blocking_view,A1,0
1253,nested_view,A2,1
1253,mutable_view,A2,1
1253,blocking_view,A2,0
1253,nested_view,A3,1
1253,mutable_view,A3,1
1253,blocking_view,A3,0
1253,nested_view,A4,1
1253,mutable_view,A4,0
1253,blocking_view,A4,0
1253,nested_view,A5,1
1253,mutable_view,A5,1
1253,blocking_view,A5,1
1253,nested_view,A6,0
1253,mutable_view,A6,0
1253,blocking_view,A6,0
1254,nested_view,A1,1
1254,mutable_view,A1,1
1254,blocking_view,A1,1
1254,nested_view,A2,1
1254,mutable_view,A2,1
1254,blocking_view,A2,1
1254,nested_view,A3,1
1254,mutable_view,A3,1
1254,blocking_view,A3,1
1254,nested_view,A4,1
1254,mutable_view,A4,1
1254,blocking_view,A4,0
1254,nested_view,A5,0
1254,mutable_view,A5,1
1254,blocking_view,A5,1
1254,nested_view,A6,0
1254,mutable_view,A6,0
1254,blocking_view,A6,0
1255,nested_view,A1,1
1255,mutable_view,A1,1
1255,blocking_view,A1,1
1255,nested_view,A2,1
1255,mutable_view,A2,1
1255,blocking_view,A2,1
1255,nested_view,A3,1
1255,mutable_view,A3,0
1255,blocking_view,A3,0
1255,nested_view,A4,1
1255,mutable_view,A4,1
1255,blocking_view,A4,0
1255,nested_view,A5,1
1255,mutable_view,A5,1
1255,blocking_view,A5,0
1255,nested_view,A6,0
1255,mutable_view,A6,1
1255,blocking_view,A6,1
1256,nested_view,A1,1
1256,mutable_view,A1,1
1256,blocking_view,A1,1
1256,nested_view,A2,1
1256,mutable_view,A2,1
1256,blocking_view,A2,1
1256,nested_view,A3,1
1256,mutable_view,A3,1
1256,blocking_view,A3,1
1256,nested_view,A4,1
1256,mutable_view,A4,1
1256,blocking_view,A4,0
1256,nested_view,A5,1
1256,mutable_view,A5,0
1256,blocking_view,A5,1
1256,nested_view,A6,0
1256,mutable_view,A6,1
1256,blocking_view,A6,1
1257,nested_view,A1,1
1257,mutable_view,A1,1
1257,blocking_view,A1,1
1257,nested_view,A2,1
1257,mutable_view,A2,1
1257,blocking_view,A2,1
1257,nested_view,A3,1
1257,mutable_view,A3,1
1257,blocking_view,A3,1
1257,nested_view,A4,1
1257,mutable_view,A4,1
1257,blocking_view,A4,0
1257,nested_view,A5,1
1257,mutable_view,A5,1
1257,blocking_view,A5,1
1257,nested_view,A6,0
1257,mutable_view,A6,1
1257,blocking_view,A6,1
1258,nested_view,A1,1
1258,mutable_view,A1,1
1258,blocking_view,A1,1
1258,nested_view,A2,1
1258,mutable_view,A2,1
1258,blocking_view,A2,1
1258,nested_view,A3,1
1258,mutable_view,A3,1
1258,blocking_view,A3,1
1258,nested_view,A4,1
1258,mutable_view,A4,1
1258,blocking_view,A4,0
1258,nested_view,A5,1
1258,mutable_view,A5,1
1258,blocking_view,A5,1
1258,nested_view,A6,0
1258,mutable_view,A6,0
1258,blocking_view,A6,0
1259,nested_view,A1,1
1259,mutable_view,A1,1
1259,blocking_view,A1,1
1259,nested_view,A2,1
1259,mutable_view,A2,1
1259,blocking_view,A2,1
1259,nested_view,A3,1
1259,mutable_view,A3,1
1259,blocking_view,A3,1
1259,nested_view,A4,1
1259,mutable_view,A4,1
1259,blocking_view,A4,0
1259,nested_view,A5,0
1259,mutable_view,A5,1
1259,blocking_view,A5,1
1259,nested_view,A6,0
1259,mutable_view,A6,0
1259,blocking_view,A6,0
1260,nested_view,A1,1
1260,mutable_view,A1,1
1260,blocking_view,A1,1
1260,nested_view,A2,1
1260,mutable_view,A2,1
1260,blocking_view,A2,1
1260,nested_view,A3,1
1260,mutable_view,A3,1
1260,blocking_view,A3,0
1260,nested_view,A4,1
1260,mutable_view,A4,1
1260,blocking_view,A4,0
1260,nested_view,A5,1
1260,mutable_view,A5,0
1260,blocking_view,A5,0
1260,nested_view,A6,0
1260,mutable_view,A6,1
1260,blocking_view,A6,0
1261,nested_view,A1,1
1261,mutable_view,A1,1
1261,blocking_view,A1,1
1261,nested_view,A2,1
1261,mutable_view,A2,1
1261,blocking_view,A2,1
1261,nested_view,A3,1
1261,mutable_view,A3,1
1261,blocking_view,A3,1
1261,nested_view,A4,1
1261,mutable_view,A4,1
1261,blocking_view,A4,0
1261,nested_view,A5,1
1261,mutable_view,A5,1
1261,blocking_view,A5,1
1261,nested_view,A6,0
1261,mutable_view,A6,1
1261,blocking_view,A6,1
1262,nested_view,A1,1
1262,mutable_view,A1,1
1262,blocking_view,A1,0
1262,nested_view,A2,1
1262,mutable_view,A2,1
1262,blocking_view,A2,0
1262,nested_view,A3,1
1262,mutable_view,A3,1
1262,blocking_view,A3,0
1262,nested_view,A4,1
1262,mutable_view,A4,1
1262,blocking_view,A4,0
1262,nested_view,A5,1
1262,mutable_view,A5,1
1262,blocking_view,A5,0
1262,nested_view,A6,0
1262,mutable_view,A6,1
1262,blocking_view,A6,0
1263,nested_view,A1,1
1263,mutable_view,A1,1
1263,blocking_view,A1,0
1263,nested_view,A2,1
1263,mutable_view,A2,1
1263,blocking_view,A2,0
1263,nested_view,A3,1
1263,mutable_view,A3,1
1263,blocking_view,A3,0
1263,nested_view,A4,1
1263,mutable_view,A4,1
1263,blocking_view,A4,0
1263,nested_view,A5,1
1263,mutable_view,A5,0
1263,blocking_view,A5,0
1263,nested_view,A6,0
1263,mutable_view,A6,0
1263,blocking_view,A6,0
1264,nested_view,A1,1
1264,mutable_view,A1,1
1264,blocking_view,A1,1
1264,nested_view,A2,1
1264,mutable_view,A2,1
1264,blocking_view,A2,1
1264,nested_view,A3,1
1264,mutable_view,A3,1
1264,blocking_view,A3,1
1264,nested_view,A4,1
1264,mutable_view,A4,1
1264,blocking_view,A4,0
1264,nested_view,A5,1
1264,mutable_view,A5,1
1264,blocking_view,A5,1
1264,nested_view,A6,0
1264,mutable_view,A6,1
1264,blocking_view,A6,1
1265,nested_view,A1,1
1265,mutable_view,A1,1
1265,blocking_view,A1,0
1265,nested_view,A2,1
1265,mutable_view,A2,1
1265,blocking_view,A2,0
1265,nested_view,A3,1
1265,mutable_view,A3,1
1265,blocking_view,A3,0
1265,nested_view,A4,1
1265,mutable_view,A4,1
1265,blocking_view,A4,0
1265,nested_view,A5,1
1265,mutable_view,A5,0
1265,blocking_view,A5,0
1265,nested_view,A6,0
1265,mutable_view,A6,0
1265,blocking_view,A6,0
1266,nested_view,A1,1
1266,mutable_view,A1,1
1266,blocking_view,A1,0
1266,nested_view,A2,1
1266,mutable_view,A2,1
1266,blocking_view,A2,0
1266,nested_view,A3,1
1266,mutable_view,A3,1
1266,blocking_view,A3,0
1266,nested_view,A4,1
1266,mutable_view,A4,1
1266,blocking_view,A4,0
1266,nested_view,A5,1
1266,mutable_view,A5,1
1266,blocking_view,A5,0
1266,nested_view,A6,0
1266,mutable_view,A6,1
1266,blocking_view,A6,1
1267,nested_view,A1,1
1267,mutable_view,A1,1
1267,blocking_view,A1,1
1267,nested_view,A2,1
1267,mutable_view,A2,1
1267,blocking_view,A2,1
1267,nested_view,A3,1
1267,mutable_view,A3,1
1267,blocking_view,A3,1
1267,nested_view,A4,1
1267,mutable_view,A4,1
1267,blocking_view,A4,0
1267,nested_view,A5,0
1267,mutable_view,A5,1
1267,blocking_view,A5,1
1267,nested_view,A6,0
1267,mutable_view,A6,0
1267,blocking_view,A6,0
1268,nested_view,A1,1
1268,mutable_view,A1,1
1268,blocking_view,A1,0
1268,nested_view,A2,1
1268,mutable_view,A2,1
1268,blocking_view,A2,0
1268,nested_view,A3,1
1268,mutable_view,A3,1
1268,blocking_view,A3,0
1268,nested_view,A4,1
1268,mutable_view,A4,1
1268,blocking_view,A4,0
1268,nested_view,A5,1
1268,mutable_view,A5,1
1268,blocking_view,A5,0
1268,nested_view,A6,0
1268,mutable_view,A6,1
1268,blocking_view,A6,0
1269,nested_view,A1,1
1269,mutable_view,A1,1
1269,blocking_view,A1,0
1269,nested_view,A2,1
1269,mutable_view,A2,1
1269,blocking_view,A2,0
1269,nested_view,A3,1
1269,mutable_view,A3,1
1269,blocking_view,A3,0
1269,nested_view,A4,1
1269,mutable_view,A4,1
1269,blocking_view,A4,0
1269,nested_view,A5,1
1269,mutable_view,A5,1
1269,blocking_view,A5,0
1269,nested_view,A6,1
1269,mutable_view,A6,1
1269,blocking_view,A6,1
1270,nested_view,A1,1
1270,mutable_view,A1,1
1270,blocking_view,A1,0
1270,nested_view,A2,1
1270,mutable_view,A2,1
1270,blocking_view,A2,0
1270,nested_view,A3,1
1270,mutable_view,A3,1
1270,blocking_view,A3,0
1270,nested_view,A4,1
1270,mutable_view,A4,1
1270,blocking_view,A4,0
1270,nested_view,A5,1
1270,mutable_view,A5,1
1270,blocking_view,A5,0
1270,nested_view,A6,1
1270,mutable_view,A6,1
1270,blocking_view,A6,1
1271,nested_view,A1,1
1271,mutable_view,A1,1
1271,blocking_view,A1,1
1271,nested_view,A2,1
1271,mutable_view,A2,1
1271,blocking_view,A2,1
1271,nested_view,A3,1
1271,mutable_view,A3,1
1271,blocking_view,A3,1
1271,nested_view,A4,1
1271,mutable_view,A4,1
1271,blocking_view,A4,0
1271,nested_view,A5,1
1271,mutable_view,A5,1
1271,blocking_view,A5,1
1271,nested_view,A6,0
1271,mutable_view,A6,1
1271,blocking_view,A6,1
1272,nested_view,A1,1
1272,mutable_view,A1,1
1272,blocking_view,A1,1
1272,nested_view,A2,1
1272,mutable_view,A2,1
1272,blocking_view,A2,1
1272,nested_view,A3,1
1272,mutable_view,A3,1
1272,blocking_view,A3,1
1272,nested_view,A4,1
1272,mutable_view,A4,1
1272,blocking_view,A4,0
1272,nested_view,A5,1
1272,mutable_view,A5,1
1272,blocking_view,A5,1
1272,nested_view,A6,0
1272,mutable_view,A6,0
1272,blocking_view,A6,0
1273,nested_view,A1,1
1273,mutable_view,A1,1
1273,blocking_view,A1,0
1273,nested_view,A2,1
1273,mutable_view,A2,1
1273,blocking_view,A2,0
1273,nested_view,A3,1
1273,mutable_view,A3,1
1273,blocking_view,A3,0
1273,nested_view,A4,1
1273,mutable_view,A4,1
1273,blocking_view,A4,0
1273,nested_view,A5,1
1273,mutable_view,A5,1
1273,blocking_view,A5,0
1273,nested_view,A6,0
1273,mutable_view,A6,0
1273,blocking_view,A6,0
1274,nested_view,A1,1
1274,mutable_view,A1,1
1274,blocking_view,A1,1
1274,nested_view,A2,1
1274,mutable_view,A2,1
1274,blocking_view,A2,1
1274,nested_view,A3,1
1274,mutable_view,A3,1
1274,blocking_view,A3,1
1274,nested_view,A4,1
1274,mutable_view,A4,1
1274,blocking_view,A4,0
1274,nested_view,A5,1
1274,mutable_view,A5,1
1274,blocking_view,A5,1
1274,nested_view,A6,0
1274,mutable_view,A6,1
1274,blocking_view,A6,0
1275,nested_view,A1,1
1275,mutable_view,A1,1
1275,blocking_view,A1,0
1275,nested_view,A2,1
1275,mutable_view,A2,1
1275,blocking_view,A2,0
1275,nested_view,A3,1
1275,mutable_view,A3,1
1275,blocking_view,A3,0
1275,nested_view,A4,1
1275,mutable_view,A4,1
1275,blocking_view,A4,0
1275,nested_view,A5,1
1275,mutable_view,A5,1
1275,blocking_view,A5,0
1275,nested_view,A6,0
1275,mutable_view,A6,0
1275,blocking_view,A6,0
1276,nested_view,A1,1
1276,mutable_view,A1,1
1276,blocking_view,A1,1
1276,nested_view,A2,1
1276,mutable_view,A2,1
1276,blocking_view,A2,1
1276,nested_view,A3,1
1276,mutable_view,A3,1
1276,blocking_view,A3,1
1276,nested_view,A4,1
1276,mutable_view,A4,1
1276,blocking_view,A4,0
1276,nested_view,A5,1
1276,mutable_view,A5,1
1276,blocking_view,A5,1
1276,nested_view,A6,0
1276,mutable_view,A6,0
1276,blocking_view,A6,0
1277,nested_view,A1,1
1277,mutable_view,A1,0
1277,blocking_view,A1,1
1277,nested_view,A2,1
1277,mutable_view,A2,0
1277,blocking_view,A2,1
1277,nested_view,A3,1
1277,mutable_view,A3,0
1277,blocking_view,A3,1
1277,nested_view,A4,1
1277,mutable_view,A4,0
1277,blocking_view,A4,0
1277,nested_view,A5,1
1277,mutable_view,A5,0
1277,blocking_view,A5,1
1277,nested_view,A6,0
1277,mutable_view,A6,0
1277,blocking_view,A6,0
1278,nested_view,A1,1
1278,mutable_view,A1,1
1278,blocking_view,A1,1
1278,nested_view,A2,1
1278,mutable_view,A2,1
1278,blocking_view,A2,1
1278,nested_view,A3,1
1278,mutable_view,A3,1
1278,blocking_view,A3,1
1278,nested_view,A4,1
1278,mutable_view,A4,1
1278,blocking_view,A4,0
1278,nested_view,A5,1
1278,mutable_view,A5,1
1278,blocking_view,A5,1
1278,nested_view,A6,0
1278,mutable_view,A6,0
1278,blocking_view,A6,1
1279,nested_view,A1,1
1279,mutable_view,A1,1
1279,blocking_view,A1,1
1279,nested_view,A2,1
1279,mutable_view,A2,1
1279,blocking_view,A2,1
1279,nested_view,A3,1
1279,mutable_view,A3,1
1279,blocking_view,A3,1
1279,nested_view,A4,1
1279,mutable_view,A4,1
1279,blocking_view,A4,0
1279,nested_view,A5,0
1279,mutable_view,A5,1
1279,blocking_view,A5,1
1279,nested_view,A6,0
1279,mutable_view,A6,1
1279,blocking_view,A6,1
1280,nested_view,A1,0
1280,mutable_view,A1,0
1280,blocking_view,A1,0
1280,nested_view,A2,0
1280,mutable_view,A2,0
1280,blocking_view,A2,0
1280,nested_view,A3,0
1280,mutable_view,A3,0
1280,blocking_view,A3,0
1280,nested_view,A4,0
1280,mutable_view,A4,0
1280,blocking_view,A4,0
1280,nested_view,A5,0
1280,mutable_view,A5,0
1280,blocking_view,A5,0
1280,nested_view,A6,0
1280,mutable_view,A6,0
1280,blocking_view,A6,0
1281,nested_view,A1,1
1281,mutable_view,A1,1
1281,blocking_view,A1,1
1281,nested_view,A2,1
1281,mutable_view,A2,1
1281,blocking_view,A2,1
1281,nested_view,A3,1
1281,mutable_view,A3,1
1281,blocking_view,A3,1
1281,nested_view,A4,1
1281,mutable_view,A4,1
1281,blocking_view,A4,0
1281,nested_view,A5,0
1281,mutable_view,A5,1
1281,blocking_view,A5,1
1281,nested_view,A6,0
1281,mutable_view,A6,0
1281,blocking_view,A6,1
1282,nested_view,A1,1
1282,mutable_view,A1,1
1282,blocking_view,A1,1
1282,nested_view,A2,1
1282,mutable_view,A2,1
1282,blocking_view,A2,1
1282,nested_view,A3,1
1282,mutable_view,A3,1
1282,blocking_view,A3,1
1282,nested_view,A4,1
1282,mutable_view,A4,1
1282,blocking_view,A4,0
1282,nested_view,A5,1
1282,mutable_view,A5,1
1282,blocking_view,A5,1
1282,nested_view,A6,0
1282,mutable_view,A6,1
1282,blocking_view,A6,0
1283,nested_view,A1,1
1283,mutable_view,A1,1
1283,blocking_view,A1,1
1283,nested_view,A2,1
1283,mutable_view,A2,1
1283,blocking_view,A2,1
1283,nested_view,A3,1
1283,mutable_view,A3,1
1283,blocking_view,A3,1
1283,nested_view,A4,1
1283,mutable_view,A4,1
1283,blocking_view,A4,0
1283,nested_view,A5,1
1283,mutable_view,A5,1
1283,blocking_view,A5,1
1283,nested_view,A6,0
1283,mutable_view,A6,1
1283,blocking_view,A6,1
1284,nested_view,A1,1
1284,mutable_view,A1,1
1284,blocking_view,A1,0
1284,nested_view,A2,1
1284,mutable_view,A2,1
1284,blocking_view,A2,0
1284,nested_view,A3,1
1284,mutable_view,A3,1
1284,blocking_view,A3,0
1284,nested_view,A4,1
1284,mutable_view,A4,1
1284,blocking_view,A4,0
1284,nested_view,A5,1
1284,mutable_view,A5,1
1284,blocking_view,A5,0
1284,nested_view,A6,0
1284,mutable_view,A6,0
1284,blocking_view,A6,0
1285,nested_view,A1,1
1285,mutable_view,A1,1
1285,blocking_view,A1,0
1285,nested_view,A2,1
1285,mutable_view,A2,1
1285,blocking_view,A2,0
1285,nested_view,A3,1
1285,mutable_view,A3,1
1285,blocking_view,A3,0
1285,nested_view,A4,1
1285,mutable_view,A4,1
1285,blocking_view,A4,0
1285,nested_view,A5,1
1285,mutable_view,A5,1
1285,blocking_view,A5,0
1285,nested_view,A6,0
1285,mutable_view,A6,0
1285,blocking_view,A6,0
1286,nested_view,A1,1
1286,mutable_view,A1,1
1286,blocking_view,A1,0
1286,nested_view,A2,1
1286,mutable_view,A2,1
1286,blocking_view,A2,0
1286,nested_view,A3,1
1286,mutable_view,A3,1
1286,blocking_view,A3,0
1286,nested_view,A4,1
1286,mutable_view,A4,1
1286,blocking_view,A4,0
1286,nested_view,A5,1
1286,mutable_view,A5,1
1286,blocking_view,A5,1
1286,nested_view,A6,0
1286,mutable_view,A6,0
1286,blocking_view,A6,0
1287,nested_view,A1,1
1287,mutable_view,A1,1
1287,blocking_view,A1,0
1287,nested_view,A2,1
1287,mutable_view,A2,1
1287,blocking_view,A2,0
1287,nested_view,A3,1
1287,mutable_view,A3,1
1287,blocking_view,A3,0
1287,nested_view,A4,1
1287,mutable_view,A4,1
1287,blocking_view,A4,0
1287,nested_view,A5,1
1287,mutable_view,A5,1
1287,blocking_view,A5,0
1287,nested_view,A6,0
1287,mutable_view,A6,0
1287,blocking_view,A6,0
1288,nested_view,A1,1
1288,mutable_view,A1,1
1288,blocking_view,A1,0
1288,nested_view,A2,1
1288,mutable_view,A2,1
1288,blocking_view,A2,0
1288,nested_view,A3,1
1288,mutable_view,A3,1
1288,blocking_view,A3,0
1288,nested_view,A4,1
1288,mutable_view,A4,1
1288,blocking_view,A4,0
1288,nested_view,A5,1
1288,mutable_view,A5,1
1288,blocking_view,A5,0
1288,nested_view,A6,0
1288,mutable_view,A6,0
1288,blocking_view,A6,0
1289,nested_view,A1,1
1289,mutable_view,A1,1
1289,blocking_view,A1,0
1289,nested_view,A2,1
1289,mutable_view,A2,1
1289,blocking_view,A2,0
1289,nested_view,A3,1
1289,mutable_view,A3,1
1289,blocking_view,A3,0
1289,nested_view,A4,1
1289,mutable_view,A4,1
1289,blocking_view,A4,0
1289,nested_view,A5,1
1289,mutable_view,A5,1
1289,blocking_view,A5,1
1289,nested_view,A6,0
1289,mutable_view,A6,0
1289,blocking_view,A6,0
1290,nested_view,A1,1
1290,mutable_view,A1,1
1290,blocking_view,A1,0
1290,nested_view,A2,1
1290,mutable_view,A2,1
1290,blocking_view,A2,0
1290,nested_view,A3,1
1290,mutable_view,A3,1
1290,blocking_view,A3,0
1290,nested_view,A4,1
1290,mutable_view,A4,1
1290,blocking_view,A4,0
1290,nested_view,A5,0
1290,mutable_view,A5,1
1290,blocking_view,A5,0
1290,nested_view,A6,0
1290,mutable_view,A6,0
1290,blocking_view,A6,0
1291,nested_view,A1,1
1291,mutable_view,A1,1
1291,blocking_view,A1,0
1291,nested_view,A2,1
1291,mutable_view,A2,1
1291,blocking_view,A2,0
1291,nested_view,A3,1
1291,mutable_view,A3,1
1291,blocking_view,A3,0
1291,nested_view,A4,1
1291,mutable_view,A4,1
1291,blocking_view,A4,0
1291,nested_view,A5,1
1291,mutable_view,A5,1
1291,blocking_view,A5,0
1291,nested_view,A6,0
1291,mutable_view,A6,0
1291,blocking_view,A6,0
1292,nested_view,A1,0
1292,mutable_view,A1,0
1292,blocking_view,A1,0
1292,nested_view,A2,0
1292,mutable_view,A2,0
1292,blocking_view,A2,0
1292,nested_view,A3,0
1292,mutable_view,A3,0
1292,blocking_view,A3,0
1292,nested_view,A4,0
1292,mutable_view,A4,0
1292,blocking_view,A4,0
1292,nested_view,A5,0
1292,mutable_view,A5,0
1292,blocking_view,A5,0
1292,nested_view,A6,0
1292,mutable_view,A6,0
1292,blocking_view,A6,0
1293,nested_view,A1,1
1293,mutable_view,A1,1
1293,blocking_view,A1,0
1293,nested_view,A2,1
1293,mutable_view,A2,1
1293,blocking_view,A2,0
1293,nested_view,A3,1
1293,mutable_view,A3,1
1293,blocking_view,A3,0
1293,nested_view,A4,0
1293,mutable_view,A4,1
1293,blocking_view,A4,0
1293,nested_view,A5,1
1293,mutable_view,A5,1
1293,blocking_view,A5,0
1293,nested_view,A6,0
1293,mutable_view,A6,0
1293,blocking_view,A6,0
1294,nested_view,A1,0
1294,mutable_view,A1,0
1294,blocking_view,A1,0
1294,nested_view,A2,0
1294,mutable_view,A2,0
1294,blocking_view,A2,0
1294,nested_view,A3,0
1294,mutable_view,A3,0
1294,blocking_view,A3,0
1294,nested_view,A4,0
1294,mutable_view,A4,0
1294,blocking_view,A4,0
1294,nested_view,A5,0
1294,mutable_view,A5,0
1294,blocking_view,A5,0
1294,nested_view,A6,0
1294,mutable_view,A6,0
1294,blocking_view,A6,0
1295,nested_view,A1,1
1295,mutable_view,A1,1
1295,blocking_view,A1,0
1295,nested_view,A2,1
1295,mutable_view,A2,1
1295,blocking_view,A2,0
1295,nested_view,A3,1
1295,mutable_view,A3,1
1295,blocking_view,A3,0
1295,nested_view,A4,1
1295,mutable_view,A4,1
1295,blocking_view,A4,0
1295,nested_view,A5,1
1295,mutable_view,A5,1
1295,blocking_view,A5,0
1295,nested_view,A6,0
1295,mutable_view,A6,0
1295,blocking_view,A6,0
1296,nested_view,A1,1
1296,mutable_view,A1,1
1296,blocking_view,A1,0
1296,nested_view,A2,1
1296,mutable_view,A2,1
1296,blocking_view,A2,0
1296,nested_view,A3,1
1296,mutable_view,A3,1
1296,blocking_view,A3,0
1296,nested_view,A4,1
1296,mutable_view,A4,1
1296,blocking_view,A4,0
1296,nested_view,A5,1
1296,mutable_view,A5,1
1296,blocking_view,A5,0
1296,nested_view,A6,0
1296,mutable_view,A6,0
1296,blocking_view,A6,0
1297,nested_view,A1,1
1297,mutable_view,A1,1
1297,blocking_view,A1,0
1297,nested_view,A2,1
1297,mutable_view,A2,1
1297,blocking_view,A2,0
1297,nested_view,A3,1
1297,mutable_view,A3,1
1297,blocking_view,A3,0
1297,nested_view,A4,1
1297,mutable_view,A4,1
1297,blocking_view,A4,0
1297,nested_view,A5,1
1297,mutable_view,A5,1
1297,blocking_view,A5,0
1297,nested_view,A6,0
1297,mutable_view,A6,0
1297,blocking_view,A6,0
1298,nested_view,A1,1
1298,mutable_view,A1,1
1298,blocking_view,A1,0
1298,nested_view,A2,1
1298,mutable_view,A2,1
1298,blocking_view,A2,0
1298,nested_view,A3,1
1298,mutable_view,A3,1
1298,blocking_view,A3,0
1298,nested_view,A4,1
1298,mutable_view,A4,1
1298,blocking_view,A4,0
1298,nested_view,A5,1
1298,mutable_view,A5,1
1298,blocking_view,A5,0
1298,nested_view,A6,0
1298,mutable_view,A6,1
1298,blocking_view,A6,0
1299,nested_view,A1,1
1299,mutable_view,A1,1
1299,blocking_view,A1,1
1299,nested_view,A2,1
1299,mutable_view,A2,1
1299,blocking_view,A2,1
1299,nested_view,A3,1
1299,mutable_view,A3,1
1299,blocking_view,A3,1
1299,nested_view,A4,1
1299,mutable_view,A4,1
1299,blocking_view,A4,0
1299,nested_view,A5,1
1299,mutable_view,A5,1
1299,blocking_view,A5,1
1299,nested_view,A6,0
1299,mutable_view,A6,0
1299,blocking_view,A6,0
1300,nested_view,A1,1
1300,mutable_view,A1,1
1300,blocking_view,A1,1
1300,nested_view,A2,1
1300,mutable_view,A2,1
1300,blocking_view,A2,1
1300,nested_view,A3,1
1300,mutable_view,A3,1
1300,blocking_view,A3,1
1300,nested_view,A4,1
1300,mutable_view,A4,1
1300,blocking_view,A4,0
1300,nested_view,A5,1
1300,mutable_view,A5,1
1300,blocking_view,A5,1
1300,nested_view,A6,0
1300,mutable_view,A6,0
1300,blocking_view,A6,0
1301,nested_view,A1,1
1301,mutable_view,A1,1
1301,blocking_view,A1,1
1301,nested_view,A2,1
1301,mutable_view,A2,1
1301,blocking_view,A2,1
1301,nested_view,A3,1
1301,mutable_view,A3,1
1301,blocking_view,A3,1
1301,nested_view,A4,1
1301,mutable_view,A4,1
1301,blocking_view,A4,0
1301,nested_view,A5,1
1301,mutable_view,A5,1
1301,blocking_view,A5,1
1301,nested_view,A6,0
1301,mutable_view,A6,1
1301,blocking_view,A6,1
1302,nested_view,A1,1
1302,mutable_view,A1,1
1302,blocking_view,A1,1
1302,nested_view,A2,1
1302,mutable_view,A2,1
1302,blocking_view,A2,1
1302,nested_view,A3,1
1302,mutable_view,A3,1
1302,blocking_view,A3,1
1302,nested_view,A4,1
1302,mutable_view,A4,1
1302,blocking_view,A4,0
1302,nested_view,A5,1
1302,mutable_view,A5,1
1302,blocking_view,A5,1
1302,nested_view,A6,0
1302,mutable_view,A6,1
1302,blocking_view,A6,1
1303,nested_view,A1,1
1303,mutable_view,A1,1
1303,blocking_view,A1,1
1303,nested_view,A2,1
1303,mutable_view,A2,1
1303,blocking_view,A2,1
1303,nested_view,A3,1
1303,mutable_view,A3,1
1303,blocking_view,A3,1
1303,nested_view,A4,1
1303,mutable_view,A4,1
1303,blocking_view,A4,0
1303,nested_view,A5,1
1303,mutable_view,A5,1
1303,blocking_view,A5,1
1303,nested_view,A6,0
1303,mutable_view,A6,0
1303,blocking_view,A6,0
1304,nested_view,A1,1
1304,mutable_view,A1,1
1304,blocking_view,A1,1
1304,nested_view,A2,1
1304,mutable_view,A2,1
1304,blocking_view,A2,1
1304,nested_view,A3,1
1304,mutable_view,A3,1
1304,blocking_view,A3,1
1304,nested_view,A4,1
1304,mutable_view,A4,1
1304,blocking_view,A4,0
1304,nested_view,A5,1
1304,mutable_view,A5,1
1304,blocking_view,A5,1
1304,nested_view,A6,0
1304,mutable_view,A6,1
1304,blocking_view,A6,0
1305,nested_view,A1,1
1305,mutable_view,A1,1
1305,blocking_view,A1,0
1305,nested_view,A2,1
1305,mutable_view,A2,1
1305,blocking_view,A2,0
1305,nested_view,A3,1
1305,mutable_view,A3,0
1305,blocking_view,A3,0
1305,nested_view,A4,1
1305,mutable_view,A4,0
1305,blocking_view,A4,0
1305,nested_view,A5,1
1305,mutable_view,A5,0
1305,blocking_view,A5,0
1305,nested_view,A6,0
1305,mutable_view,A6,0
1305,blocking_view,A6,0
1306,nested_view,A1,1
1306,mutable_view,A1,1
1306,blocking_view,A1,1
1306,nested_view,A2,1
1306,mutable_view,A2,1
1306,blocking_view,A2,1
1306,nested_view,A3,1
1306,mutable_view,A3,1
1306,blocking_view,A3,1
1306,nested_view,A4,1
1306,mutable_view,A4,1
1306,blocking_view,A4,0
1306,nested_view,A5,1
1306,mutable_view,A5,1
1306,blocking_view,A5,1
1306,nested_view,A6,0
1306,mutable_view,A6,1
1306,blocking_view,A6,0
1307,nested_view,A1,1
1307,mutable_view,A1,1
1307,blocking_view,A1,0
1307,nested_view,A2,1
1307,mutable_view,A2,1
1307,blocking_view,A2,0
1307,nested_view,A3,1
1307,mutable_view,A3,1
1307,blocking_view,A3,0
1307,nested_view,A4,1
1307,mutable_view,A4,1
1307,blocking_view,A4,0
1307,nested_view,A5,1
1307,mutable_view,A5,1
1307,blocking_view,A5,0
1307,nested_view,A6,1
1307,mutable_view,A6,1
1307,blocking_view,A6,1
1308,nested_view,A1,1
1308,mutable_view,A1,1
1308,blocking_view,A1,0
1308,nested_view,A2,1
1308,mutable_view,A2,1
1308,blocking_view,A2,0
1308,nested_view,A3,1
1308,mutable_view,A3,1
1308,blocking_view,A3,0
1308,nested_view,A4,1
1308,mutable_view,A4,1
1308,blocking_view,A4,0
1308,nested_view,A5,1
1308,mutable_view,A5,1
1308,blocking_view,A5,0
1308,nested_view,A6,0
1308,mutable_view,A6,0
1308,blocking_view,A6,0
1309,nested_view,A1,1
1309,mutable_view,A1,1
1309,blocking_view,A1,0
1309,nested_view,A2,1
1309,mutable_view,A2,1
1309,blocking_view,A2,0
1309,nested_view,A3,1
1309,mutable_view,A3,1
1309,blocking_view,A3,0
1309,nested_view,A4,1
1309,mutable_view,A4,1
1309,blocking_view,A4,0
1309,nested_view,A5,0
1309,mutable_view,A5,1
1309,blocking_view,A5,0
1309,nested_view,A6,0
1309,mutable_view,A6,0
1309,blocking_view,A6,0
1310,nested_view,A1,0
1310,mutable_view,A1,0
1310,blocking_view,A1,0
1310,nested_view,A2,0
1310,mutable_view,A2,0
1310,blocking_view,A2,0
1310,nested_view,A3,0
1310,mutable_view,A3,0
1310,blocking_view,A3,0
1310,nested_view,A4,0
1310,mutable_view,A4,0
1310,blocking_view,A4,0
1310,nested_view,A5,0
1310,mutable_view,A5,0
1310,blocking_view,A5,0
1310,nested_view,A6,0
1310,mutable_view,A6,0
1310,blocking_view,A6,0
1311,nested_view,A1,1
1311,mutable_view,A1,1
1311,blocking_view,A1,0
1311,nested_view,A2,1
1311,mutable_view,A2,1
1311,blocking_view,A2,0
1311,nested_view,A3,1
1311,mutable_view,A3,1
1311,blocking_view,A3,0
1311,nested_view,A4,1
1311,mutable_view,A4,1
1311,blocking_view,A4,0
1311,nested_view,A5,1
1311,mutable_view,A5,1
1311,blocking_view,A5,0
1311,nested_view,A6,0
1311,mutable_view,A6,0
1311,blocking_view,A6,0
1312,nested_view,A1,1
1312,mutable_view,A1,1
1312,blocking_view,A1,0
1312,nested_view,A2,1
1312,mutable_view,A2,1
1312,blocking_view,A2,0
1312,nested_view,A3,1
1312,mutable_view,A3,1
1312,blocking_view,A3,0
1312,nested_view,A4,1
1312,mutable_view,A4,1
1312,blocking_view,A4,0
1312,nested_view,A5,1
1312,mutable_view,A5,1
1312,blocking_view,A5,1
1312,nested_view,A6,0
1312,mutable_view,A6,1
1312,blocking_view,A6,0
1313,nested_view,A1,1
1313,mutable_view,A1,1
1313,blocking_view,A1,1
1313,nested_view,A2,1
1313,mutable_view,A2,1
1313,blocking_view,A2,1
1313,nested_view,A3,1
1313,mutable_view,A3,1
1313,blocking_view,A3,1
1313,nested_view,A4,1
1313,mutable_view,A4,1
1313,blocking_view,A4,0
1313,nested_view,A5,1
1313,mutable_view,A5,1
1313,blocking_view,A5,1
1313,nested_view,A6,0
1313,mutable_view,A6,1
1313,blocking_view,A6,1
1314,nested_view,A1,1
1314,mutable_view,A1,1
1314,blocking_view,A1,0
1314,nested_view,A2,1
1314,mutable_view,A2,1
1314,blocking_view,A2,0
1314,nested_view,A3,1
1314,mutable_view,A3,1
1314,blocking_view,A3,0
1314,nested_view,A4,1
1314,mutable_view,A4,1
1314,blocking_view,A4,0
1314,nested_view,A5,1
1314,mutable_view,A5,1
1314,blocking_view,A5,1
1314,nested_view,A6,0
1314,mutable_view,A6,0
1314,blocking_view,A6,0
1315,nested_view,A1,1
1315,mutable_view,A1,1
1315,blocking_view,A1,1
1315,nested_view,A2,1
1315,mutable_view,A2,1
1315,blocking_view,A2,1
1315,nested_view,A3,1
1315,mutable_view,A3,1
1315,blocking_view,A3,0
1315,nested_view,A4,1
1315,mutable_view,A4,1
1315,blocking_view,A4,0
1315,nested_view,A5,0
1315,mutable_view,A5,1
1315,blocking_view,A5,0
1315,nested_view,A6,0
1315,mutable_view,A6,1
1315,blocking_view,A6,1
1316,nested_view,A1,1
1316,mutable_view,A1,1
1316,blocking_view,A1,1
1316,nested_view,A2,1
1316,mutable_view,A2,1
1316,blocking_view,A2,1
1316,nested_view,A3,1
1316,mutable_view,A3,1
1316,blocking_view,A3,1
1316,nested_view,A4,1
1316,mutable_view,A4,1
1316,blocking_view,A4,0
1316,nested_view,A5,1
1316,mutable_view,A5,1
1316,blocking_view,A5,0
1316,nested_view,A6,0
1316,mutable_view,A6,1
1316,blocking_view,A6,0
1317,nested_view,A1,1
1317,mutable_view,A1,1
1317,blocking_view,A1,0
1317,nested_view,A2,1
1317,mutable_view,A2,1
1317,blocking_view,A2,0
1317,nested_view,A3,1
1317,mutable_view,A3,1
1317,blocking_view,A3,0
1317,nested_view,A4,1
1317,mutable_view,A4,1
1317,blocking_view,A4,0
1317,nested_view,A5,1
1317,mutable_view,A5,0
1317,blocking_view,A5,0
1317,nested_view,A6,1
1317,mutable_view,A6,1
1317,blocking_view,A6,1
1318,nested_view,A1,1
1318,mutable_view,A1,1
1318,blocking_view,A1,0
1318,nested_view,A2,1
1318,mutable_view,A2,1
1318,blocking_view,A2,0
1318,nested_view,A3,1
1318,mutable_view,A3,1
1318,blocking_view,A3,0
1318,nested_view,A4,1
1318,mutable_view,A4,1
1318,blocking_view,A4,0
1318,nested_view,A5,1
1318,mutable_view,A5,1
1318,blocking_view,A5,1
1318,nested_view,A6,0
1318,mutable_view,A6,0
1318,blocking_view,A6,0
1319,nested_view,A1,1
1319,mutable_view,A1,1
1319,blocking_view,A1,0
1319,nested_view,A2,1
1319,mutable_view,A2,1
1319,blocking_view,A2,0
1319,nested_view,A3,1
1319,mutable_view,A3,1
1319,blocking_view,A3,0
1319,nested_view,A4,1
1319,mutable_view,A4,1
1319,blocking_view,A4,0
1319,nested_view,A5,1
1319,mutable_view,A5,1
1319,blocking_view,A5,0
1319,nested_view,A6,1
1319,mutable_view,A6,0
1319,blocking_view,A6,1
1320,nested_view,A1,0
1320,mutable_view,A1,0
1320,blocking_view,A1,0
1320,nested_view,A2,0
1320,mutable_view,A2,0
1320,blocking_view,A2,0
1320,nested_view,A3,0
1320,mutable_view,A3,0
1320,blocking_view,A3,0
1320,nested_view,A4,1
1320,mutable_view,A4,0
1320,blocking_view,A4,0
1320,nested_view,A5,0
1320,mutable_view,A5,0
1320,blocking_view,A5,0
1320,nested_view,A6,0
1320,mutable_view,A6,0
1320,blocking_view,A6,0
1321,nested_view,A1,0
1321,mutable_view,A1,0
1321,blocking_view,A1,0
1321,nested_view,A2,0
1321,mutable_view,A2,0
1321,blocking_view,A2,0
1321,nested_view,A3,0
1321,mutable_view,A3,0
1321,blocking_view,A3,0
1321,nested_view,A4,1
1321,mutable_view,A4,0
1321,blocking_view,A4,0
1321,nested_view,A5,0
1321,mutable_view,A5,0
1321,blocking_view,A5,0
1321,nested_view,A6,0
1321,mutable_view,A6,0
1321,blocking_view,A6,0
1322,nested_view,A1,1
1322,mutable_view,A1,1
1322,blocking_view,A1,0
1322,nested_view,A2,1
1322,mutable_view,A2,1
1322,blocking_view,A2,0
1322,nested_view,A3,1
1322,mutable_view,A3,1
1322,blocking_view,A3,0
1322,nested_view,A4,1
1322,mutable_view,A4,1
1322,blocking_view,A4,0
1322,nested_view,A5,1
1322,mutable_view,A5,0
1322,blocking_view,A5,0
1322,nested_view,A6,1
1322,mutable_view,A6,1
1322,blocking_view,A6,1
1323,nested_view,A1,1
1323,mutable_view,A1,1
1323,blocking_view,A1,0
1323,nested_view,A2,1
1323,mutable_view,A2,1
1323,blocking_view,A2,0
1323,nested_view,A3,1
1323,mutable_view,A3,1
1323,blocking_view,A3,0
1323,nested_view,A4,1
1323,mutable_view,A4,1
1323,blocking_view,A4,0
1323,nested_view,A5,1
1323,mutable_view,A5,1
1323,blocking_view,A5,0
1323,nested_view,A6,1
1323,mutable_view,A6,1
1323,blocking_view,A6,1
1324,nested_view,A1,1
1324,mutable_view,A1,1
1324,blocking_view,A1,1
1324,nested_view,A2,1
1324,mutable_view,A2,1
1324,blocking_view,A2,1
1324,nested_view,A3,1
1324,mutable_view,A3,1
1324,blocking_view,A3,1
1324,nested_view,A4,1
1324,mutable_view,A4,1
1324,blocking_view,A4,0
1324,nested_view,A5,0
1324,mutable_view,A5,1
1324,blocking_view,A5,1
1324,nested_view,A6,0
1324,mutable_view,A6,1
1324,blocking_view,A6,1
1325,nested_view,A1,1
1325,mutable_view,A1,1
1325,blocking_view,A1,1
1325,nested_view,A2,1
1325,mutable_view,A2,1
1325,blocking_view,A2,1
1325,nested_view,A3,1
1325,mutable_view,A3,1
1325,blocking_view,A3,1
1325,nested_view,A4,1
1325,mutable_view,A4,1
1325,blocking_view,A4,0
1325,nested_view,A5,1
1325,mutable_view,A5,0
1325,blocking_view,A5,1
1325,nested_view,A6,0
1325,mutable_view,A6,1
1325,blocking_view,A6,1
1326,nested_view,A1,1
1326,mutable_view,A1,1
1326,blocking_view,A1,0
1326,nested_view,A2,1
1326,mutable_view,A2,1
1326,blocking_view,A2,0
1326,nested_view,A3,1
1326,mutable_view,A3,1
1326,blocking_view,A3,0
1326,nested_view,A4,1
1326,mutable_view,A4,1
1326,blocking_view,A4,0
1326,nested_view,A5,1
1326,mutable_view,A5,1
1326,blocking_view,A5,1
1326,nested_view,A6,1
1326,mutable_view,A6,1
1326,blocking_view,A6,1
1327,nested_view,A1,1
1327,mutable_view,A1,1
1327,blocking_view,A1,0
1327,nested_view,A2,1
1327,mutable_view,A2,1
1327,blocking_view,A2,0
1327,nested_view,A3,1
1327,mutable_view,A3,1
1327,blocking_view,A3,0
1327,nested_view,A4,1
1327,mutable_view,A4,1
1327,blocking_view,A4,0
1327,nested_view,A5,1
1327,mutable_view,A5,1
1327,blocking_view,A5,0
1327,nested_view,A6,1
1327,mutable_view,A6,1
1327,blocking_view,A6,1
1328,nested_view,A1,1
1328,mutable_view,A1,1
1328,blocking_view,A1,0
1328,nested_view,A2,1
1328,mutable_view,A2,1
1328,blocking_view,A2,0
1328,nested_view,A3,1
1328,mutable_view,A3,1
1328,blocking_view,A3,0
1328,nested_view,A4,1
1328,mutable_view,A4,1
1328,blocking_view,A4,0
1328,nested_view,A5,1
1328,mutable_view,A5,1
1328,blocking_view,A5,0
1328,nested_view,A6,0
1328,mutable_view,A6,1
1328,blocking_view,A6,1
1329,nested_view,A1,1
1329,mutable_view,A1,1
1329,blocking_view,A1,0
1329,nested_view,A2,1
1329,mutable_view,A2,1
1329,blocking_view,A2,0
1329,nested_view,A3,1
1329,mutable_view,A3,1
1329,blocking_view,A3,0
1329,nested_view,A4,1
1329,mutable_view,A4,1
1329,blocking_view,A4,0
1329,nested_view,A5,1
1329,mutable_view,A5,1
1329,blocking_view,A5,0
1329,nested_view,A6,0
1329,mutable_view,A6,1
1329,blocking_view,A6,1
1330,nested_view,A1,1
1330,mutable_view,A1,1
1330,blocking_view,A1,0
1330,nested_view,A2,1
1330,mutable_view,A2,1
1330,blocking_view,A2,0
1330,nested_view,A3,1
1330,mutable_view,A3,1
1330,blocking_view,A3,0
1330,nested_view,A4,1
1330,mutable_view,A4,1
1330,blocking_view,A4,0
1330,nested_view,A5,1
1330,mutable_view,A5,1
1330,blocking_view,A5,0
1330,nested_view,A6,0
1330,mutable_view,A6,0
1330,blocking_view,A6,0
1331,nested_view,A1,0
1331,mutable_view,A1,1
1331,blocking_view,A1,0
1331,nested_view,A2,0
1331,mutable_view,A2,1
1331,blocking_view,A2,0
1331,nested_view,A3,0
1331,mutable_view,A3,1
1331,blocking_view,A3,0
1331,nested_view,A4,0
1331,mutable_view,A4,1
1331,blocking_view,A4,0
1331,nested_view,A5,0
1331,mutable_view,A5,1
1331,blocking_view,A5,0
1331,nested_view,A6,0
1331,mutable_view,A6,0
1331,blocking_view,A6,0
1332,nested_view,A1,0
1332,mutable_view,A1,1
1332,blocking_view,A1,0
1332,nested_view,A2,0
1332,mutable_view,A2,1
1332,blocking_view,A2,0
1332,nested_view,A3,0
1332,mutable_view,A3,1
1332,blocking_view,A3,0
1332,nested_view,A4,0
1332,mutable_view,A4,1
1332,blocking_view,A4,0
1332,nested_view,A5,0
1332,mutable_view,A5,1
1332,blocking_view,A5,0
1332,nested_view,A6,0
1332,mutable_view,A6,1
1332,blocking_view,A6,1
1333,nested_view,A1,1
1333,mutable_view,A1,1
1333,blocking_view,A1,0
1333,nested_view,A2,1
1333,mutable_view,A2,1
1333,blocking_view,A2,0
1333,nested_view,A3,1
1333,mutable_view,A3,1
1333,blocking_view,A3,0
1333,nested_view,A4,0
1333,mutable_view,A4,1
1333,blocking_view,A4,0
1333,nested_view,A5,1
1333,mutable_view,A5,0
1333,blocking_view,A5,0
1333,nested_view,A6,0
1333,mutable_view,A6,0
1333,blocking_view,A6,0
1334,nested_view,A1,0
1334,mutable_view,A1,1
1334,blocking_view,A1,0
1334,nested_view,A2,0
1334,mutable_view,A2,1
1334,blocking_view,A2,0
1334,nested_view,A3,0
1334,mutable_view,A3,1
1334,blocking_view,A3,0
1334,nested_view,A4,0
1334,mutable_view,A4,1
1334,blocking_view,A4,0
1334,nested_view,A5,0
1334,mutable_view,A5,1
1334,blocking_view,A5,0
1334,nested_view,A6,0
1334,mutable_view,A6,0
1334,blocking_view,A6,0
1335,nested_view,A1,0
1335,mutable_view,A1,1
1335,blocking_view,A1,0
1335,nested_view,A2,0
1335,mutable_view,A2,1
1335,blocking_view,A2,0
1335,nested_view,A3,0
1335,mutable_view,A3,1
1335,blocking_view,A3,0
1335,nested_view,A4,0
1335,mutable_view,A4,1
1335,blocking_view,A4,0
1335,nested_view,A5,0
1335,mutable_view,A5,1
1335,blocking_view,A5,0
1335,nested_view,A6,0
1335,mutable_view,A6,1
1335,blocking_view,A6,0
1336,nested_view,A1,1
1336,mutable_view,A1,1
1336,blocking_view,A1,0
1336,nested_view,A2,1
1336,mutable_view,A2,1
1336,blocking_view,A2,0
1336,nested_view,A3,1
1336,mutable_view,A3,1
1336,blocking_view,A3,0
1336,nested_view,A4,0
1336,mutable_view,A4,0
1336,blocking_view,A4,0
1336,nested_view,A5,1
1336,mutable_view,A5,1
1336,blocking_view,A5,0
1336,nested_view,A6,0
1336,mutable_view,A6,0
1336,blocking_view,A6,0
1337,nested_view,A1,0
1337,mutable_view,A1,0
1337,blocking_view,A1,0
1337,nested_view,A2,0
1337,mutable_view,A2,0
1337,blocking_view,A2,0
1337,nested_view,A3,0
1337,mutable_view,A3,0
1337,blocking_view,A3,0
1337,nested_view,A4,0
1337,mutable_view,A4,0
1337,blocking_view,A4,0
1337,nested_view,A5,0
1337,mutable_view,A5,0
1337,blocking_view,A5,0
1337,nested_view,A6,0
1337,mutable_view,A6,0
1337,blocking_view,A6,0
1338,nested_view,A1,1
1338,mutable_view,A1,1
1338,blocking_view,A1,0
1338,nested_view,A2,1
1338,mutable_view,A2,1
1338,blocking_view,A2,0
1338,nested_view,A3,1
1338,mutable_view,A3,1
1338,blocking_view,A3,0
1338,nested_view,A4,1
1338,mutable_view,A4,0
1338,blocking_view,A4,0
1338,nested_view,A5,1
1338,mutable_view,A5,1
1338,blocking_view,A5,0
1338,nested_view,A6,0
1338,mutable_view,A6,0
1338,blocking_view,A6,0
1339,nested_view,A1,1
1339,mutable_view,A1,1
1339,blocking_view,A1,0
1339,nested_view,A2,1
1339,mutable_view,A2,1
1339,blocking_view,A2,0
1339,nested_view,A3,1
1339,mutable_view,A3,1
1339,blocking_view,A3,0
1339,nested_view,A4,1
1339,mutable_view,A4,1
1339,blocking_view,A4,0
1339,nested_view,A5,1
1339,mutable_view,A5,1
1339,blocking_view,A5,0
1339,nested_view,A6,0
1339,mutable_view,A6,0
1339,blocking_view,A6,0
1340,nested_view,A1,0
1340,mutable_view,A1,1
1340,blocking_view,A1,0
1340,nested_view,A2,0
1340,mutable_view,A2,1
1340,blocking_view,A2,0
1340,nested_view,A3,0
1340,mutable_view,A3,1
1340,blocking_view,A3,0
1340,nested_view,A4,0
1340,mutable_view,A4,1
1340,blocking_view,A4,0
1340,nested_view,A5,0
1340,mutable_view,A5,0
1340,blocking_view,A5,1
1340,nested_view,A6,0
1340,mutable_view,A6,0
1340,blocking_view,A6,0
1341,nested_view,A1,0
1341,mutable_view,A1,1
1341,blocking_view,A1,0
1341,nested_view,A2,0
1341,mutable_view,A2,1
1341,blocking_view,A2,0
1341,nested_view,A3,0
1341,mutable_view,A3,1
1341,blocking_view,A3,0
1341,nested_view,A4,0
1341,mutable_view,A4,1
1341,blocking_view,A4,0
1341,nested_view,A5,0
1341,mutable_view,A5,1
1341,blocking_view,A5,0
1341,nested_view,A6,0
1341,mutable_view,A6,1
1341,blocking_view,A6,1
1342,nested_view,A1,1
1342,mutable_view,A1,1
1342,blocking_view,A1,0
1342,nested_view,A2,1
1342,mutable_view,A2,1
1342,blocking_view,A2,0
1342,nested_view,A3,1
1342,mutable_view,A3,1
1342,blocking_view,A3,0
1342,nested_view,A4,1
1342,mutable_view,A4,0
1342,blocking_view,A4,0
1342,nested_view,A5,0
1342,mutable_view,A5,1
1342,blocking_view,A5,0
1342,nested_view,A6,0
1342,mutable_view,A6,0
1342,blocking_view,A6,0
1343,nested_view,A1,1
1343,mutable_view,A1,1
1343,blocking_view,A1,0
1343,nested_view,A2,1
1343,mutable_view,A2,1
1343,blocking_view,A2,0
1343,nested_view,A3,1
1343,mutable_view,A3,1
1343,blocking_view,A3,0
1343,nested_view,A4,1
1343,mutable_view,A4,1
1343,blocking_view,A4,0
1343,nested_view,A5,1
1343,mutable_view,A5,1
1343,blocking_view,A5,0
1343,nested_view,A6,0
1343,mutable_view,A6,0
1343,blocking_view,A6,0
1344,nested_view,A1,1
1344,mutable_view,A1,1
1344,blocking_view,A1,0
1344,nested_view,A2,1
1344,mutable_view,A2,1
1344,blocking_view,A2,0
1344,nested_view,A3,1
1344,mutable_view,A3,1
1344,blocking_view,A3,0
1344,nested_view,A4,1
1344,mutable_view,A4,1
1344,blocking_view,A4,0
1344,nested_view,A5,1
1344,mutable_view,A5,0
1344,blocking_view,A5,0
1344,nested_view,A6,0
1344,mutable_view,A6,0
1344,blocking_view,A6,0
1345,nested_view,A1,1
1345,mutable_view,A1,1
1345,blocking_view,A1,0
1345,nested_view,A2,1
1345,mutable_view,A2,1
1345,blocking_view,A2,0
1345,nested_view,A3,1
1345,mutable_view,A3,0
1345,blocking_view,A3,0
1345,nested_view,A4,1
1345,mutable_view,A4,0
1345,blocking_view,A4,0
1345,nested_view,A5,1
1345,mutable_view,A5,0
1345,blocking_view,A5,0
1345,nested_view,A6,0
1345,mutable_view,A6,0
1345,blocking_view,A6,0
1346,nested_view,A1,0
1346,mutable_view,A1,0
1346,blocking_view,A1,0
1346,nested_view,A2,0
1346,mutable_view,A2,0
1346,blocking_view,A2,0
1346,nested_view,A3,0
1346,mutable_view,A3,0
1346,blocking_view,A3,0
1346,nested_view,A4,0
1346,mutable_view,A4,0
1346,blocking_view,A4,0
1346,nested_view,A5,0
1346,mutable_view,A5,0
1346,blocking_view,A5,0
1346,nested_view,A6,0
1346,mutable_view,A6,0
1346,blocking_view,A6,0
1347,nested_view,A1,1
1347,mutable_view,A1,1
1347,blocking_view,A1,0
1347,nested_view,A2,1
1347,mutable_view,A2,1
1347,blocking_view,A2,0
1347,nested_view,A3,1
1347,mutable_view,A3,1
1347,blocking_view,A3,0
1347,nested_view,A4,1
1347,mutable_view,A4,0
1347,blocking_view,A4,0
1347,nested_view,A5,1
1347,mutable_view,A5,1
1347,blocking_view,A5,0
1347,nested_view,A6,0
1347,mutable_view,A6,0
1347,blocking_view,A6,0
1348,nested_view,A1,1
1348,mutable_view,A1,1
1348,blocking_view,A1,0
1348,nested_view,A2,1
1348,mutable_view,A2,1
1348,blocking_view,A2,0
1348,nested_view,A3,1
1348,mutable_view,A3,1
1348,blocking_view,A3,0
1348,nested_view,A4,1
1348,mutable_view,A4,1
1348,blocking_view,A4,0
1348,nested_view,A5,1
1348,mutable_view,A5,1
1348,blocking_view,A5,0
1348,nested_view,A6,0
1348,mutable_view,A6,0
1348,blocking_view,A6,0
1349,nested_view,A1,0
1349,mutable_view,A1,0
1349,blocking_view,A1,0
1349,nested_view,A2,0
1349,mutable_view,A2,0
1349,blocking_view,A2,0
1349,nested_view,A3,0
1349,mutable_view,A3,0
1349,blocking_view,A3,0
1349,nested_view,A4,0
1349,mutable_view,A4,0
1349,blocking_view,A4,0
1349,nested_view,A5,0
1349,mutable_view,A5,0
1349,blocking_view,A5,0
1349,nested_view,A6,0
1349,mutable_view,A6,0
1349,blocking_view,A6,0
1350,nested_view,A1,1
1350,mutable_view,A1,1
1350,blocking_view,A1,0
1350,nested_view,A2,1
1350,mutable_view,A2,1
1350,blocking_view,A2,0
1350,nested_view,A3,1
1350,mutable_view,A3,1
1350,blocking_view,A3,0
1350,nested_view,A4,1
1350,mutable_view,A4,1
1350,blocking_view,A4,0
1350,nested_view,A5,0
1350,mutable_view,A5,1
1350,blocking_view,A5,1
1350,nested_view,A6,0
1350,mutable_view,A6,1
1350,blocking_view,A6,0
1351,nested_view,A1,1
1351,mutable_view,A1,1
1351,blocking_view,A1,0
1351,nested_view,A2,1
1351,mutable_view,A2,1
1351,blocking_view,A2,0
1351,nested_view,A3,1
1351,mutable_view,A3,1
1351,blocking_view,A3,0
1351,nested_view,A4,1
1351,mutable_view,A4,1
1351,blocking_view,A4,0
1351,nested_view,A5,1
1351,mutable_view,A5,1
1351,blocking_view,A5,0
1351,nested_view,A6,0
1351,mutable_view,A6,0
1351,blocking_view,A6,0
1352,nested_view,A1,0
1352,mutable_view,A1,1
1352,blocking_view,A1,0
1352,nested_view,A2,0
1352,mutable_view,A2,1
1352,blocking_view,A2,0
1352,nested_view,A3,0
1352,mutable_view,A3,1
1352,blocking_view,A3,0
1352,nested_view,A4,0
1352,mutable_view,A4,1
1352,blocking_view,A4,0
1352,nested_view,A5,0
1352,mutable_view,A5,1
1352,blocking_view,A5,0
1352,nested_view,A6,0
1352,mutable_view,A6,0
1352,blocking_view,A6,0
1353,nested_view,A1,0
1353,mutable_view,A1,1
1353,blocking_view,A1,0
1353,nested_view,A2,0
1353,mutable_view,A2,1
1353,blocking_view,A2,0
1353,nested_view,A3,0
1353,mutable_view,A3,1
1353,blocking_view,A3,0
1353,nested_view,A4,0
1353,mutable_view,A4,1
1353,blocking_view,A4,0
1353,nested_view,A5,0
1353,mutable_view,A5,1
1353,blocking_view,A5,0
1353,nested_view,A6,0
1353,mutable_view,A6,0
1353,blocking_view,A6,0
1354,nested_view,A1,1
1354,mutable_view,A1,1
1354,blocking_view,A1,0
1354,nested_view,A2,1
1354,mutable_view,A2,1
1354,blocking_view,A2,0
1354,nested_view,A3,1
1354,mutable_view,A3,1
1354,blocking_view,A3,0
1354,nested_view,A4,0
1354,mutable_view,A4,1
1354,blocking_view,A4,0
1354,nested_view,A5,1
1354,mutable_view,A5,1
1354,blocking_view,A5,0
1354,nested_view,A6,0
1354,mutable_view,A6,0
1354,blocking_view,A6,0
1355,nested_view,A1,0
1355,mutable_view,A1,1
1355,blocking_view,A1,0
1355,nested_view,A2,0
1355,mutable_view,A2,1
1355,blocking_view,A2,0
1355,nested_view,A3,0
1355,mutable_view,A3,1
1355,blocking_view,A3,0
1355,nested_view,A4,0
1355,mutable_view,A4,1
1355,blocking_view,A4,0
1355,nested_view,A5,0
1355,mutable_view,A5,1
1355,blocking_view,A5,0
1355,nested_view,A6,0
1355,mutable_view,A6,0
1355,blocking_view,A6,0
1356,nested_view,A1,0
1356,mutable_view,A1,1
1356,blocking_view,A1,0
1356,nested_view,A2,0
1356,mutable_view,A2,1
1356,blocking_view,A2,0
1356,nested_view,A3,0
1356,mutable_view,A3,1
1356,blocking_view,A3,0
1356,nested_view,A4,0
1356,mutable_view,A4,1
1356,blocking_view,A4,0
1356,nested_view,A5,0
1356,mutable_view,A5,1
1356,blocking_view,A5,0
1356,nested_view,A6,0
1356,mutable_view,A6,1
1356,blocking_view,A6,0
1357,nested_view,A1,1
1357,mutable_view,A1,1
1357,blocking_view,A1,0
1357,nested_view,A2,1
1357,mutable_view,A2,1
1357,blocking_view,A2,0
1357,nested_view,A3,1
1357,mutable_view,A3,1
1357,blocking_view,A3,0
1357,nested_view,A4,0
1357,mutable_view,A4,1
1357,blocking_view,A4,0
1357,nested_view,A5,1
1357,mutable_view,A5,1
1357,blocking_view,A5,0
1357,nested_view,A6,0
1357,mutable_view,A6,0
1357,blocking_view,A6,0
1358,nested_view,A1,0
1358,mutable_view,A1,1
1358,blocking_view,A1,0
1358,nested_view,A2,0
1358,mutable_view,A2,1
1358,blocking_view,A2,0
1358,nested_view,A3,0
1358,mutable_view,A3,1
1358,blocking_view,A3,0
1358,nested_view,A4,0
1358,mutable_view,A4,1
1358,blocking_view,A4,0
1358,nested_view,A5,0
1358,mutable_view,A5,0
1358,blocking_view,A5,0
1358,nested_view,A6,0
1358,mutable_view,A6,0
1358,blocking_view,A6,0
1359,nested_view,A1,0
1359,mutable_view,A1,1
1359,blocking_view,A1,0
1359,nested_view,A2,0
1359,mutable_view,A2,1
1359,blocking_view,A2,0
1359,nested_view,A3,0
1359,mutable_view,A3,1
1359,blocking_view,A3,0
1359,nested_view,A4,0
1359,mutable_view,A4,1
1359,blocking_view,A4,0
1359,nested_view,A5,0
1359,mutable_view,A5,1
1359,blocking_view,A5,0
1359,nested_view,A6,0
1359,mutable_view,A6,1
1359,blocking_view,A6,0
1360,nested_view,A1,1
1360,mutable_view,A1,1
1360,blocking_view,A1,0
1360,nested_view,A2,1
1360,mutable_view,A2,1
1360,blocking_view,A2,0
1360,nested_view,A3,1
1360,mutable_view,A3,1
1360,blocking_view,A3,0
1360,nested_view,A4,0
1360,mutable_view,A4,1
1360,blocking_view,A4,0
1360,nested_view,A5,1
1360,mutable_view,A5,1
1360,blocking_view,A5,0
1360,nested_view,A6,0
1360,mutable_view,A6,0
1360,blocking_view,A6,0
1361,nested_view,A1,0
1361,mutable_view,A1,1
1361,blocking_view,A1,0
1361,nested_view,A2,0
1361,mutable_view,A2,1
1361,blocking_view,A2,0
1361,nested_view,A3,0
1361,mutable_view,A3,1
1361,blocking_view,A3,0
1361,nested_view,A4,0
1361,mutable_view,A4,1
1361,blocking_view,A4,0
1361,nested_view,A5,0
1361,mutable_view,A5,1
1361,blocking_view,A5,0
1361,nested_view,A6,0
1361,mutable_view,A6,0
1361,blocking_view,A6,0
1362,nested_view,A1,0
1362,mutable_view,A1,1
1362,blocking_view,A1,0
1362,nested_view,A2,0
1362,mutable_view,A2,1
1362,blocking_view,A2,0
1362,nested_view,A3,0
1362,mutable_view,A3,1
1362,blocking_view,A3,0
1362,nested_view,A4,0
1362,mutable_view,A4,1
1362,blocking_view,A4,0
1362,nested_view,A5,0
1362,mutable_view,A5,1
1362,blocking_view,A5,0
1362,nested_view,A6,0
1362,mutable_view,A6,0
1362,blocking_view,A6,0
1363,nested_view,A1,1
1363,mutable_view,A1,1
1363,blocking_view,A1,0
1363,nested_view,A2,1
1363,mutable_view,A2,1
1363,blocking_view,A2,0
1363,nested_view,A3,1
1363,mutable_view,A3,1
1363,blocking_view,A3,0
1363,nested_view,A4,0
1363,mutable_view,A4,1
1363,blocking_view,A4,0
1363,nested_view,A5,1
1363,mutable_view,A5,0
1363,blocking_view,A5,0
1363,nested_view,A6,0
1363,mutable_view,A6,0
1363,blocking_view,A6,0
1364,nested_view,A1,0
1364,mutable_view,A1,1
1364,blocking_view,A1,0
1364,nested_view,A2,0
1364,mutable_view,A2,1
1364,blocking_view,A2,0
1364,nested_view,A3,0
1364,mutable_view,A3,1
1364,blocking_view,A3,0
1364,nested_view,A4,0
1364,mutable_view,A4,1
1364,blocking_view,A4,0
1364,nested_view,A5,0
1364,mutable_view,A5,1
1364,blocking_view,A5,1
1364,nested_view,A6,0
1364,mutable_view,A6,0
1364,blocking_view,A6,0
1365,nested_view,A1,0
1365,mutable_view,A1,1
1365,blocking_view,A1,0
1365,nested_view,A2,0
1365,mutable_view,A2,1
1365,blocking_view,A2,0
1365,nested_view,A3,0
1365,mutable_view,A3,1
1365,blocking_view,A3,0
1365,nested_view,A4,0
1365,mutable_view,A4,1
1365,blocking_view,A4,0
1365,nested_view,A5,0
1365,mutable_view,A5,1
1365,blocking_view,A5,0
1365,nested_view,A6,0
1365,mutable_view,A6,1
1365,blocking_view,A6,1
1366,nested_view,A1,1
1366,mutable_view,A1,1
1366,blocking_view,A1,0
1366,nested_view,A2,1
1366,mutable_view,A2,1
1366,blocking_view,A2,0
1366,nested_view,A3,1
1366,mutable_view,A3,1
1366,blocking_view,A3,0
1366,nested_view,A4,0
1366,mutable_view,A4,1
1366,blocking_view,A4,0
1366,nested_view,A5,1
1366,mutable_view,A5,1
1366,blocking_view,A5,0
1366,nested_view,A6,0
1366,mutable_view,A6,0
1366,blocking_view,A6,0
1367,nested_view,A1,0
1367,mutable_view,A1,1
1367,blocking_view,A1,0
1367,nested_view,A2,0
1367,mutable_view,A2,1
1367,blocking_view,A2,0
1367,nested_view,A3,0
1367,mutable_view,A3,1
1367,blocking_view,A3,0
1367,nested_view,A4,0
1367,mutable_view,A4,1
1367,blocking_view,A4,0
1367,nested_view,A5,0
1367,mutable_view,A5,1
1367,blocking_view,A5,0
1367,nested_view,A6,0
1367,mutable_view,A6,0
1367,blocking_view,A6,0
1368,nested_view,A1,0
1368,mutable_view,A1,1
1368,blocking_view,A1,0
1368,nested_view,A2,0
1368,mutable_view,A2,1
1368,blocking_view,A2,0
1368,nested_view,A3,0
1368,mutable_view,A3,1
1368,blocking_view,A3,0
1368,nested_view,A4,0
1368,mutable_view,A4,1
1368,blocking_view,A4,0
1368,nested_view,A5,1
1368,mutable_view,A5,1
1368,blocking_view,A5,0
1368,nested_view,A6,0
1368,mutable_view,A6,1
1368,blocking_view,A6,0
1369,nested_view,A1,1
1369,mutable_view,A1,1
1369,blocking_view,A1,0
1369,nested_view,A2,1
1369,mutable_view,A2,1
1369,blocking_view,A2,0
1369,nested_view,A3,1
1369,mutable_view,A3,1
1369,blocking_view,A3,0
1369,nested_view,A4,0
1369,mutable_view,A4,1
1369,blocking_view,A4,0
1369,nested_view,A5,1
1369,mutable_view,A5,1
1369,blocking_view,A5,0
1369,nested_view,A6,0
1369,mutable_view,A6,0
1369,blocking_view,A6,0
1370,nested_view,A1,0
1370,mutable_view,A1,1
1370,blocking_view,A1,0
1370,nested_view,A2,0
1370,mutable_view,A2,1
1370,blocking_view,A2,0
1370,nested_view,A3,0
1370,mutable_view,A3,1
1370,blocking_view,A3,0
1370,nested_view,A4,0
1370,mutable_view,A4,1
1370,blocking_view,A4,0
1370,nested_view,A5,0
1370,mutable_view,A5,1
1370,blocking_view,A5,0
1370,nested_view,A6,0
1370,mutable_view,A6,0
1370,blocking_view,A6,0
1371,nested_view,A1,0
1371,mutable_view,A1,1
1371,blocking_view,A1,0
1371,nested_view,A2,0
1371,mutable_view,A2,1
1371,blocking_view,A2,0
1371,nested_view,A3,0
1371,mutable_view,A3,1
1371,blocking_view,A3,0
1371,nested_view,A4,0
1371,mutable_view,A4,1
1371,blocking_view,A4,0
1371,nested_view,A5,0
1371,mutable_view,A5,1
1371,blocking_view,A5,0
1371,nested_view,A6,0
1371,mutable_view,A6,1
1371,blocking_view,A6,1
1372,nested_view,A1,1
1372,mutable_view,A1,1
1372,blocking_view,A1,0
1372,nested_view,A2,1
1372,mutable_view,A2,1
1372,blocking_view,A2,0
1372,nested_view,A3,1
1372,mutable_view,A3,1
1372,blocking_view,A3,0
1372,nested_view,A4,0
1372,mutable_view,A4,1
1372,blocking_view,A4,0
1372,nested_view,A5,1
1372,mutable_view,A5,1
1372,blocking_view,A5,0
1372,nested_view,A6,0
1372,mutable_view,A6,0
1372,blocking_view,A6,0
1373,nested_view,A1,0
1373,mutable_view,A1,1
1373,blocking_view,A1,0
1373,nested_view,A2,0
1373,mutable_view,A2,1
1373,blocking_view,A2,0
1373,nested_view,A3,0
1373,mutable_view,A3,1
1373,blocking_view,A3,0
1373,nested_view,A4,0
1373,mutable_view,A4,1
1373,blocking_view,A4,0
1373,nested_view,A5,0
1373,mutable_view,A5,1
1373,blocking_view,A5,0
1373,nested_view,A6,0
1373,mutable_view,A6,0
1373,blocking_view,A6,0
1374,nested_view,A1,0
1374,mutable_view,A1,1
1374,blocking_view,A1,0
1374,nested_view,A2,0
1374,mutable_view,A2,1
1374,blocking_view,A2,0
1374,nested_view,A3,0
1374,mutable_view,A3,1
1374,blocking_view,A3,0
1374,nested_view,A4,0
1374,mutable_view,A4,1
1374,blocking_view,A4,0
1374,nested_view,A5,0
1374,mutable_view,A5,1
1374,blocking_view,A5,0
1374,nested_view,A6,0
1374,mutable_view,A6,1
1374,blocking_view,A6,1
1375,nested_view,A1,1
1375,mutable_view,A1,1
1375,blocking_view,A1,0
1375,nested_view,A2,1
1375,mutable_view,A2,1
1375,blocking_view,A2,0
1375,nested_view,A3,1
1375,mutable_view,A3,1
1375,blocking_view,A3,0
1375,nested_view,A4,0
1375,mutable_view,A4,1
1375,blocking_view,A4,0
1375,nested_view,A5,1
1375,mutable_view,A5,0
1375,blocking_view,A5,0
1375,nested_view,A6,0
1375,mutable_view,A6,0
1375,blocking_view,A6,0
1376,nested_view,A1,0
1376,mutable_view,A1,1
1376,blocking_view,A1,0
1376,nested_view,A2,0
1376,mutable_view,A2,1
1376,blocking_view,A2,0
1376,nested_view,A3,0
1376,mutable_view,A3,1
1376,blocking_view,A3,0
1376,nested_view,A4,0
1376,mutable_view,A4,1
1376,blocking_view,A4,0
1376,nested_view,A5,1
1376,mutable_view,A5,0
1376,blocking_view,A5,0
1376,nested_view,A6,0
1376,mutable_view,A6,0
1376,blocking_view,A6,0
1377,nested_view,A1,0
1377,mutable_view,A1,1
1377,blocking_view,A1,0
1377,nested_view,A2,0
1377,mutable_view,A2,1
1377,blocking_view,A2,0
1377,nested_view,A3,0
1377,mutable_view,A3,1
1377,blocking_view,A3,0
1377,nested_view,A4,0
1377,mutable_view,A4,1
1377,blocking_view,A4,0
1377,nested_view,A5,0
1377,mutable_view,A5,1
1377,blocking_view,A5,0
1377,nested_view,A6,0
1377,mutable_view,A6,1
1377,blocking_view,A6,1
1378,nested_view,A1,1
1378,mutable_view,A1,1
1378,blocking_view,A1,0
1378,nested_view,A2,1
1378,mutable_view,A2,1
1378,blocking_view,A2,0
1378,nested_view,A3,1
1378,mutable_view,A3,1
1378,blocking_view,A3,0
1378,nested_view,A4,0
1378,mutable_view,A4,1
1378,blocking_view,A4,0
1378,nested_view,A5,1
1378,mutable_view,A5,1
1378,blocking_view,A5,0
1378,nested_view,A6,0
1378,mutable_view,A6,0
1378,blocking_view,A6,0
1379,nested_view,A1,0
1379,mutable_view,A1,1
1379,blocking_view,A1,0
1379,nested_view,A2,0
1379,mutable_view,A2,1
1379,blocking_view,A2,0
1379,nested_view,A3,0
1379,mutable_view,A3,1
1379,blocking_view,A3,0
1379,nested_view,A4,0
1379,mutable_view,A4,1
1379,blocking_view,A4,0
1379,nested_view,A5,0
1379,mutable_view,A5,1
1379,blocking_view,A5,0
1379,nested_view,A6,0
1379,mutable_view,A6,0
1379,blocking_view,A6,0
1380,nested_view,A1,0
1380,mutable_view,A1,1
1380,blocking_view,A1,0
1380,nested_view,A2,0
1380,mutable_view,A2,1
1380,blocking_view,A2,0
1380,nested_view,A3,0
1380,mutable_view,A3,1
1380,blocking_view,A3,0
1380,nested_view,A4,0
1380,mutable_view,A4,1
1380,blocking_view,A4,0
1380,nested_view,A5,0
1380,mutable_view,A5,0
1380,blocking_view,A5,0
1380,nested_view,A6,0
1380,mutable_view,A6,1
1380,blocking_view,A6,0
1381,nested_view,A1,1
1381,mutable_view,A1,1
1381,blocking_view,A1,0
1381,nested_view,A2,1
1381,mutable_view,A2,1
1381,blocking_view,A2,0
1381,nested_view,A3,1
1381,mutable_view,A3,1
1381,blocking_view,A3,0
1381,nested_view,A4,0
1381,mutable_view,A4,1
1381,blocking_view,A4,0
1381,nested_view,A5,1
1381,mutable_view,A5,1
1381,blocking_view,A5,1
1381,nested_view,A6,0
1381,mutable_view,A6,1
1381,blocking_view,A6,0
1382,nested_view,A1,0
1382,mutable_view,A1,0
1382,blocking_view,A1,0
1382,nested_view,A2,0
1382,mutable_view,A2,0
1382,blocking_view,A2,0
1382,nested_view,A3,0
1382,mutable_view,A3,0
1382,blocking_view,A3,0
1382,nested_view,A4,0
1382,mutable_view,A4,0
1382,blocking_view,A4,0
1382,nested_view,A5,0
1382,mutable_view,A5,0
1382,blocking_view,A5,0
1382,nested_view,A6,0
1382,mutable_view,A6,0
1382,blocking_view,A6,0
1383,nested_view,A1,0
1383,mutable_view,A1,0
1383,blocking_view,A1,0
1383,nested_view,A2,0
1383,mutable_view,A2,0
1383,blocking_view,A2,0
1383,nested_view,A3,0
1383,mutable_view,A3,0
1383,blocking_view,A3,0
1383,nested_view,A4,0
1383,mutable_view,A4,0
1383,blocking_view,A4,0
1383,nested_view,A5,0
1383,mutable_view,A5,0
1383,blocking_view,A5,0
1383,nested_view,A6,0
1383,mutable_view,A6,0
1383,blocking_view,A6,0
1384,nested_view,A1,1
1384,mutable_view,A1,1
1384,blocking_view,A1,0
1384,nested_view,A2,1
1384,mutable_view,A2,1
1384,blocking_view,A2,0
1384,nested_view,A3,1
1384,mutable_view,A3,1
1384,blocking_view,A3,0
1384,nested_view,A4,1
1384,mutable_view,A4,1
1384,blocking_view,A4,0
1384,nested_view,A5,1
1384,mutable_view,A5,1
1384,blocking_view,A5,0
1384,nested_view,A6,0
1384,mutable_view,A6,0
1384,blocking_view,A6,0
1385,nested_view,A1,1
1385,mutable_view,A1,1
1385,blocking_view,A1,0
1385,nested_view,A2,1
1385,mutable_view,A2,1
1385,blocking_view,A2,0
1385,nested_view,A3,1
1385,mutable_view,A3,0
1385,blocking_view,A3,0
1385,nested_view,A4,1
1385,mutable_view,A4,0
1385,blocking_view,A4,0
1385,nested_view,A5,1
1385,mutable_view,A5,0
1385,blocking_view,A5,0
1385,nested_view,A6,0
1385,mutable_view,A6,0
1385,blocking_view,A6,0
1386,nested_view,A1,1
1386,mutable_view,A1,1
1386,blocking_view,A1,0
1386,nested_view,A2,1
1386,mutable_view,A2,1
1386,blocking_view,A2,0
1386,nested_view,A3,1
1386,mutable_view,A3,1
1386,blocking_view,A3,0
1386,nested_view,A4,1
1386,mutable_view,A4,1
1386,blocking_view,A4,0
1386,nested_view,A5,1
1386,mutable_view,A5,0
1386,blocking_view,A5,0
1386,nested_view,A6,0
1386,mutable_view,A6,0
1386,blocking_view,A6,0
1387,nested_view,A1,1
1387,mutable_view,A1,1
1387,blocking_view,A1,0
1387,nested_view,A2,1
1387,mutable_view,A2,1
1387,blocking_view,A2,0
1387,nested_view,A3,1
1387,mutable_view,A3,1
1387,blocking_view,A3,0
1387,nested_view,A4,1
1387,mutable_view,A4,1
1387,blocking_view,A4,0
1387,nested_view,A5,0
1387,mutable_view,A5,1
1387,blocking_view,A5,0
1387,nested_view,A6,0
1387,mutable_view,A6,0
1387,blocking_view,A6,0
1388,nested_view,A1,1
1388,mutable_view,A1,1
1388,blocking_view,A1,0
1388,nested_view,A2,1
1388,mutable_view,A2,1
1388,blocking_view,A2,0
1388,nested_view,A3,1
1388,mutable_view,A3,1
1388,blocking_view,A3,0
1388,nested_view,A4,1
1388,mutable_view,A4,1
1388,blocking_view,A4,0
1388,nested_view,A5,1
1388,mutable_view,A5,1
1388,blocking_view,A5,0
1388,nested_view,A6,0
1388,mutable_view,A6,0
1388,blocking_view,A6,0
1389,nested_view,A1,0
1389,mutable_view,A1,0
1389,blocking_view,A1,0
1389,nested_view,A2,0
1389,mutable_view,A2,0
1389,blocking_view,A2,0
1389,nested_view,A3,0
1389,mutable_view,A3,0
1389,blocking_view,A3,0
1389,nested_view,A4,0
1389,mutable_view,A4,0
1389,blocking_view,A4,0
1389,nested_view,A5,0
1389,mutable_view,A5,0
1389,blocking_view,A5,0
1389,nested_view,A6,0
1389,mutable_view,A6,0
1389,blocking_view,A6,0
1390,nested_view,A1,1
1390,mutable_view,A1,1
1390,blocking_view,A1,0
1390,nested_view,A2,1
1390,mutable_view,A2,1
1390,blocking_view,A2,0
1390,nested_view,A3,1
1390,mutable_view,A3,1
1390,blocking_view,A3,0
1390,nested_view,A4,1
1390,mutable_view,A4,1
1390,blocking_view,A4,0
1390,nested_view,A5,1
1390,mutable_view,A5,1
1390,blocking_view,A5,0
1390,nested_view,A6,0
1390,mutable_view,A6,1
1390,blocking_view,A6,0
1391,nested_view,A1,1
1391,mutable_view,A1,1
1391,blocking_view,A1,0
1391,nested_view,A2,1
1391,mutable_view,A2,1
1391,blocking_view,A2,0
1391,nested_view,A3,1
1391,mutable_view,A3,1
1391,blocking_view,A3,0
1391,nested_view,A4,1
1391,mutable_view,A4,1
1391,blocking_view,A4,0
1391,nested_view,A5,0
1391,mutable_view,A5,1
1391,blocking_view,A5,0
1391,nested_view,A6,0
1391,mutable_view,A6,0
1391,blocking_view,A6,0
1392,nested_view,A1,0
1392,mutable_view,A1,0
1392,blocking_view,A1,0
1392,nested_view,A2,0
1392,mutable_view,A2,0
1392,blocking_view,A2,0
1392,nested_view,A3,0
1392,mutable_view,A3,0
1392,blocking_view,A3,0
1392,nested_view,A4,0
1392,mutable_view,A4,0
1392,blocking_view,A4,0
1392,nested_view,A5,0
1392,mutable_view,A5,0
1392,blocking_view,A5,0
1392,nested_view,A6,0
1392,mutable_view,A6,1
1392,blocking_view,A6,0
1393,nested_view,A1,1
1393,mutable_view,A1,1
1393,blocking_view,A1,0
1393,nested_view,A2,1
1393,mutable_view,A2,1
1393,blocking_view,A2,0
1393,nested_view,A3,1
1393,mutable_view,A3,1
1393,blocking_view,A3,0
1393,nested_view,A4,0
1393,mutable_view,A4,1
1393,blocking_view,A4,0
1393,nested_view,A5,1
1393,mutable_view,A5,1
1393,blocking_view,A5,0
1393,nested_view,A6,0
1393,mutable_view,A6,0
1393,blocking_view,A6,1
1394,nested_view,A1,0
1394,mutable_view,A1,0
1394,blocking_view,A1,0
1394,nested_view,A2,0
1394,mutable_view,A2,0
1394,blocking_view,A2,0
1394,nested_view,A3,0
1394,mutable_view,A3,0
1394,blocking_view,A3,0
1394,nested_view,A4,0
1394,mutable_view,A4,0
1394,blocking_view,A4,0
1394,nested_view,A5,0
1394,mutable_view,A5,0
1394,blocking_view,A5,0
1394,nested_view,A6,0
1394,mutable_view,A6,0
1394,blocking_view,A6,0
1395,nested_view,A1,1
1395,mutable_view,A1,1
1395,blocking_view,A1,0
1395,nested_view,A2,1
1395,mutable_view,A2,1
1395,blocking_view,A2,0
1395,nested_view,A3,1
1395,mutable_view,A3,0
1395,blocking_view,A3,0
1395,nested_view,A4,1
1395,mutable_view,A4,0
1395,blocking_view,A4,0
1395,nested_view,A5,1
1395,mutable_view,A5,0
1395,blocking_view,A5,0
1395,nested_view,A6,0
1395,mutable_view,A6,0
1395,blocking_view,A6,0
1396,nested_view,A1,1
1396,mutable_view,A1,1
1396,blocking_view,A1,0
1396,nested_view,A2,1
1396,mutable_view,A2,1
1396,blocking_view,A2,0
1396,nested_view,A3,1
1396,mutable_view,A3,1
1396,blocking_view,A3,0
1396,nested_view,A4,1
1396,mutable_view,A4,1
1396,blocking_view,A4,0
1396,nested_view,A5,1
1396,mutable_view,A5,1
1396,blocking_view,A5,0
1396,nested_view,A6,0
1396,mutable_view,A6,0
1396,blocking_view,A6,0
1397,nested_view,A1,0
1397,mutable_view,A1,0
1397,blocking_view,A1,0
1397,nested_view,A2,0
1397,mutable_view,A2,0
1397,blocking_view,A2,0
1397,nested_view,A3,0
1397,mutable_view,A3,0
1397,blocking_view,A3,0
1397,nested_view,A4,0
1397,mutable_view,A4,0
1397,blocking_view,A4,0
1397,nested_view,A5,0
1397,mutable_view,A5,0
1397,blocking_view,A5,0
1397,nested_view,A6,0
1397,mutable_view,A6,0
1397,blocking_view,A6,0
1398,nested_view,A1,1
1398,mutable_view,A1,1
1398,blocking_view,A1,0
1398,nested_view,A2,1
1398,mutable_view,A2,1
1398,blocking_view,A2,0
1398,nested_view,A3,1
1398,mutable_view,A3,1
1398,blocking_view,A3,0
1398,nested_view,A4,1
1398,mutable_view,A4,1
1398,blocking_view,A4,0
1398,nested_view,A5,1
1398,mutable_view,A5,0
1398,blocking_view,A5,0
1398,nested_view,A6,0
1398,mutable_view,A6,0
1398,blocking_view,A6,0
1399,nested_view,A1,1
1399,mutable_view,A1,1
1399,blocking_view,A1,0
1399,nested_view,A2,1
1399,mutable_view,A2,1
1399,blocking_view,A2,0
1399,nested_view,A3,1
1399,mutable_view,A3,1
1399,blocking_view,A3,0
1399,nested_view,A4,1
1399,mutable_view,A4,0
1399,blocking_view,A4,0
1399,nested_view,A5,1
1399,mutable_view,A5,0
1399,blocking_view,A5,1
1399,nested_view,A6,0
1399,mutable_view,A6,0
1399,blocking_view,A6,0
1400,nested_view,A1,0
1400,mutable_view,A1,0
1400,blocking_view,A1,0
1400,nested_view,A2,0
1400,mutable_view,A2,0
1400,blocking_view,A2,0
1400,nested_view,A3,0
1400,mutable_view,A3,0
1400,blocking_view,A3,0
1400,nested_view,A4,0
1400,mutable_view,A4,0
1400,blocking_view,A4,0
1400,nested_view,A5,0
1400,mutable_view,A5,0
1400,blocking_view,A5,0
1400,nested_view,A6,0
1400,mutable_view,A6,0
1400,blocking_view,A6,0
1401,nested_view,A1,1
1401,mutable_view,A1,1
1401,blocking_view,A1,0
1401,nested_view,A2,1
1401,mutable_view,A2,1
1401,blocking_view,A2,0
1401,nested_view,A3,1
1401,mutable_view,A3,1
1401,blocking_view,A3,0
1401,nested_view,A4,0
1401,mutable_view,A4,0
1401,blocking_view,A4,0
1401,nested_view,A5,1
1401,mutable_view,A5,1
1401,blocking_view,A5,0
1401,nested_view,A6,0
1401,mutable_view,A6,0
1401,blocking_view,A6,0
1402,nested_view,A1,0
1402,mutable_view,A1,0
1402,blocking_view,A1,0
1402,nested_view,A2,0
1402,mutable_view,A2,0
1402,blocking_view,A2,0
1402,nested_view,A3,0
1402,mutable_view,A3,0
1402,blocking_view,A3,0
1402,nested_view,A4,0
1402,mutable_view,A4,0
1402,blocking_view,A4,0
1402,nested_view,A5,0
1402,mutable_view,A5,0
1402,blocking_view,A5,0
1402,nested_view,A6,0
1402,mutable_view,A6,0
1402,blocking_view,A6,0
1403,nested_view,A1,0
1403,mutable_view,A1,0
1403,blocking_view,A1,0
1403,nested_view,A2,0
1403,mutable_view,A2,0
1403,blocking_view,A2,0
1403,nested_view,A3,0
1403,mutable_view,A3,0
1403,blocking_view,A3,0
1403,nested_view,A4,0
1403,mutable_view,A4,0
1403,blocking_view,A4,0
1403,nested_view,A5,0
1403,mutable_view,A5,0
1403,blocking_view,A5,1
1403,nested_view,A6,0
1403,mutable_view,A6,0
1403,blocking_view,A6,0
1404,nested_view,A1,1
1404,mutable_view,A1,1
1404,blocking_view,A1,0
1404,nested_view,A2,1
1404,mutable_view,A2,1
1404,blocking_view,A2,0
1404,nested_view,A3,1
1404,mutable_view,A3,1
1404,blocking_view,A3,0
1404,nested_view,A4,0
1404,mutable_view,A4,1
1404,blocking_view,A4,0
1404,nested_view,A5,1
1404,mutable_view,A5,0
1404,blocking_view,A5,0
1404,nested_view,A6,0
1404,mutable_view,A6,0
1404,blocking_view,A6,0
1405,nested_view,A1,0
1405,mutable_view,A1,1
1405,blocking_view,A1,0
1405,nested_view,A2,0
1405,mutable_view,A2,1
1405,blocking_view,A2,0
1405,nested_view,A3,0
1405,mutable_view,A3,1
1405,blocking_view,A3,0
1405,nested_view,A4,0
1405,mutable_view,A4,1
1405,blocking_view,A4,0
1405,nested_view,A5,1
1405,mutable_view,A5,1
1405,blocking_view,A5,0
1405,nested_view,A6,0
1405,mutable_view,A6,0
1405,blocking_view,A6,0
1406,nested_view,A1,0
1406,mutable_view,A1,1
1406,blocking_view,A1,0
1406,nested_view,A2,0
1406,mutable_view,A2,1
1406,blocking_view,A2,0
1406,nested_view,A3,0
1406,mutable_view,A3,1
1406,blocking_view,A3,0
1406,nested_view,A4,0
1406,mutable_view,A4,1
1406,blocking_view,A4,0
1406,nested_view,A5,0
1406,mutable_view,A5,1
1406,blocking_view,A5,0
1406,nested_view,A6,0
1406,mutable_view,A6,1
1406,blocking_view,A6,0
1407,nested_view,A1,1
1407,mutable_view,A1,1
1407,blocking_view,A1,0
1407,nested_view,A2,1
1407,mutable_view,A2,1
1407,blocking_view,A2,0
1407,nested_view,A3,1
1407,mutable_view,A3,1
1407,blocking_view,A3,0
1407,nested_view,A4,1
1407,mutable_view,A4,1
1407,blocking_view,A4,0
1407,nested_view,A5,1
1407,mutable_view,A5,1
1407,blocking_view,A5,0
1407,nested_view,A6,0
1407,mutable_view,A6,1
1407,blocking_view,A6,1
1408,nested_view,A1,1
1408,mutable_view,A1,1
1408,blocking_view,A1,0
1408,nested_view,A2,1
1408,mutable_view,A2,1
1408,blocking_view,A2,0
1408,nested_view,A3,1
1408,mutable_view,A3,1
1408,blocking_view,A3,0
1408,nested_view,A4,1
1408,mutable_view,A4,1
1408,blocking_view,A4,0
1408,nested_view,A5,0
1408,mutable_view,A5,1
1408,blocking_view,A5,0
1408,nested_view,A6,0
1408,mutable_view,A6,0
1408,blocking_view,A6,0
1409,nested_view,A1,0
1409,mutable_view,A1,0
1409,blocking_view,A1,0
1409,nested_view,A2,0
1409,mutable_view,A2,0
1409,blocking_view,A2,0
1409,nested_view,A3,0
1409,mutable_view,A3,0
1409,blocking_view,A3,0
1409,nested_view,A4,0
1409,mutable_view,A4,0
1409,blocking_view,A4,0
1409,nested_view,A5,0
1409,mutable_view,A5,1
1409,blocking_view,A5,0
1409,nested_view,A6,0
1409,mutable_view,A6,0
1409,blocking_view,A6,0
1410,nested_view,A1,1
1410,mutable_view,A1,1
1410,blocking_view,A1,0
1410,nested_view,A2,1
1410,mutable_view,A2,1
1410,blocking_view,A2,0
1410,nested_view,A3,1
1410,mutable_view,A3,0
1410,blocking_view,A3,0
1410,nested_view,A4,0
1410,mutable_view,A4,0
1410,blocking_view,A4,0
1410,nested_view,A5,1
1410,mutable_view,A5,0
1410,blocking_view,A5,0
1410,nested_view,A6,0
1410,mutable_view,A6,1
1410,blocking_view,A6,1
1411,nested_view,A1,0
1411,mutable_view,A1,0
1411,blocking_view,A1,0
1411,nested_view,A2,0
1411,mutable_view,A2,0
1411,blocking_view,A2,0
1411,nested_view,A3,0
1411,mutable_view,A3,0
1411,blocking_view,A3,0
1411,nested_view,A4,0
1411,mutable_view,A4,0
1411,blocking_view,A4,0
1411,nested_view,A5,1
1411,mutable_view,A5,0
1411,blocking_view,A5,1
1411,nested_view,A6,0
1411,mutable_view,A6,0
1411,blocking_view,A6,0
1412,nested_view,A1,0
1412,mutable_view,A1,0
1412,blocking_view,A1,0
1412,nested_view,A2,0
1412,mutable_view,A2,0
1412,blocking_view,A2,0
1412,nested_view,A3,0
1412,mutable_view,A3,0
1412,blocking_view,A3,0
1412,nested_view,A4,0
1412,mutable_view,A4,0
1412,blocking_view,A4,0
1412,nested_view,A5,0
1412,mutable_view,A5,0
1412,blocking_view,A5,0
1412,nested_view,A6,0
1412,mutable_view,A6,0
1412,blocking_view,A6,0
1413,nested_view,A1,1
1413,mutable_view,A1,1
1413,blocking_view,A1,0
1413,nested_view,A2,1
1413,mutable_view,A2,1
1413,blocking_view,A2,0
1413,nested_view,A3,1
1413,mutable_view,A3,1
1413,blocking_view,A3,0
1413,nested_view,A4,0
1413,mutable_view,A4,1
1413,blocking_view,A4,0
1413,nested_view,A5,1
1413,mutable_view,A5,1
1413,blocking_view,A5,0
1413,nested_view,A6,0
1413,mutable_view,A6,0
1413,blocking_view,A6,0
1414,nested_view,A1,0
1414,mutable_view,A1,1
1414,blocking_view,A1,0
1414,nested_view,A2,0
1414,mutable_view,A2,1
1414,blocking_view,A2,0
1414,nested_view,A3,0
1414,mutable_view,A3,1
1414,blocking_view,A3,0
1414,nested_view,A4,0
1414,mutable_view,A4,1
1414,blocking_view,A4,0
1414,nested_view,A5,0
1414,mutable_view,A5,1
1414,blocking_view,A5,1
1414,nested_view,A6,0
1414,mutable_view,A6,0
1414,blocking_view,A6,0
1415,nested_view,A1,0
1415,mutable_view,A1,1
1415,blocking_view,A1,0
1415,nested_view,A2,0
1415,mutable_view,A2,1
1415,blocking_view,A2,0
1415,nested_view,A3,0
1415,mutable_view,A3,1
1415,blocking_view,A3,0
1415,nested_view,A4,0
1415,mutable_view,A4,1
1415,blocking_view,A4,0
1415,nested_view,A5,0
1415,mutable_view,A5,1
1415,blocking_view,A5,0
1415,nested_view,A6,0
1415,mutable_view,A6,1
1415,blocking_view,A6,0
1416,nested_view,A1,1
1416,mutable_view,A1,1
1416,blocking_view,A1,0
1416,nested_view,A2,1
1416,mutable_view,A2,1
1416,blocking_view,A2,0
1416,nested_view,A3,1
1416,mutable_view,A3,1
1416,blocking_view,A3,0
1416,nested_view,A4,0
1416,mutable_view,A4,1
1416,blocking_view,A4,0
1416,nested_view,A5,1
1416,mutable_view,A5,1
1416,blocking_view,A5,0
1416,nested_view,A6,0
1416,mutable_view,A6,0
1416,blocking_view,A6,0
1417,nested_view,A1,0
1417,mutable_view,A1,1
1417,blocking_view,A1,0
1417,nested_view,A2,0
1417,mutable_view,A2,1
1417,blocking_view,A2,0
1417,nested_view,A3,0
1417,mutable_view,A3,1
1417,blocking_view,A3,0
1417,nested_view,A4,0
1417,mutable_view,A4,1
1417,blocking_view,A4,0
1417,nested_view,A5,0
1417,mutable_view,A5,1
1417,blocking_view,A5,0
1417,nested_view,A6,0
1417,mutable_view,A6,0
1417,blocking_view,A6,0
1418,nested_view,A1,0
1418,mutable_view,A1,1
1418,blocking_view,A1,0
1418,nested_view,A2,0
1418,mutable_view,A2,1
1418,blocking_view,A2,0
1418,nested_view,A3,0
1418,mutable_view,A3,1
1418,blocking_view,A3,0
1418,nested_view,A4,0
1418,mutable_view,A4,1
1418,blocking_view,A4,0
1418,nested_view,A5,0
1418,mutable_view,A5,1
1418,blocking_view,A5,0
1418,nested_view,A6,0
1418,mutable_view,A6,1
1418,blocking_view,A6,1
1419,nested_view,A1,1
1419,mutable_view,A1,1
1419,blocking_view,A1,0
1419,nested_view,A2,1
1419,mutable_view,A2,1
1419,blocking_view,A2,0
1419,nested_view,A3,1
1419,mutable_view,A3,1
1419,blocking_view,A3,0
1419,nested_view,A4,0
1419,mutable_view,A4,1
1419,blocking_view,A4,0
1419,nested_view,A5,1
1419,mutable_view,A5,1
1419,blocking_view,A5,0
1419,nested_view,A6,0
1419,mutable_view,A6,0
1419,blocking_view,A6,0
1420,nested_view,A1,0
1420,mutable_view,A1,1
1420,blocking_view,A1,0
1420,nested_view,A2,0
1420,mutable_view,A2,1
1420,blocking_view,A2,0
1420,nested_view,A3,0
1420,mutable_view,A3,1
1420,blocking_view,A3,0
1420,nested_view,A4,0
1420,mutable_view,A4,1
1420,blocking_view,A4,0
1420,nested_view,A5,0
1420,mutable_view,A5,1
1420,blocking_view,A5,0
1420,nested_view,A6,0
1420,mutable_view,A6,0
1420,blocking_view,A6,0
1421,nested_view,A1,0
1421,mutable_view,A1,1
1421,blocking_view,A1,0
1421,nested_view,A2,0
1421,mutable_view,A2,1
1421,blocking_view,A2,0
1421,nested_view,A3,0
1421,mutable_view,A3,1
1421,blocking_view,A3,0
1421,nested_view,A4,0
1421,mutable_view,A4,1
1421,blocking_view,A4,0
1421,nested_view,A5,0
1421,mutable_view,A5,1
1421,blocking_view,A5,1
1421,nested_view,A6,0
1421,mutable_view,A6,1
1421,blocking_view,A6,1
1422,nested_view,A1,1
1422,mutable_view,A1,1
1422,blocking_view,A1,0
1422,nested_view,A2,1
1422,mutable_view,A2,1
1422,blocking_view,A2,0
1422,nested_view,A3,1
1422,mutable_view,A3,1
1422,blocking_view,A3,0
1422,nested_view,A4,0
1422,mutable_view,A4,0
1422,blocking_view,A4,0
1422,nested_view,A5,1
1422,mutable_view,A5,1
1422,blocking_view,A5,1
1422,nested_view,A6,0
1422,mutable_view,A6,0
1422,blocking_view,A6,0
1423,nested_view,A1,0
1423,mutable_view,A1,0
1423,blocking_view,A1,0
1423,nested_view,A2,0
1423,mutable_view,A2,0
1423,blocking_view,A2,0
1423,nested_view,A3,0
1423,mutable_view,A3,0
1423,blocking_view,A3,0
1423,nested_view,A4,0
1423,mutable_view,A4,0
1423,blocking_view,A4,0
1423,nested_view,A5,0
1423,mutable_view,A5,0
1423,blocking_view,A5,0
1423,nested_view,A6,0
1423,mutable_view,A6,0
1423,blocking_view,A6,0
1424,nested_view,A1,1
1424,mutable_view,A1,1
1424,blocking_view,A1,0
1424,nested_view,A2,1
1424,mutable_view,A2,1
1424,blocking_view,A2,0
1424,nested_view,A3,1
1424,mutable_view,A3,1
1424,blocking_view,A3,0
1424,nested_view,A4,1
1424,mutable_view,A4,0
1424,blocking_view,A4,0
1424,nested_view,A5,1
1424,mutable_view,A5,1
1424,blocking_view,A5,0
1424,nested_view,A6,0
1424,mutable_view,A6,0
1424,blocking_view,A6,0
1425,nested_view,A1,1
1425,mutable_view,A1,1
1425,blocking_view,A1,0
1425,nested_view,A2,1
1425,mutable_view,A2,1
1425,blocking_view,A2,0
1425,nested_view,A3,1
1425,mutable_view,A3,1
1425,blocking_view,A3,0
1425,nested_view,A4,1
1425,mutable_view,A4,0
1425,blocking_view,A4,0
1425,nested_view,A5,1
1425,mutable_view,A5,1
1425,blocking_view,A5,0
1425,nested_view,A6,0
1425,mutable_view,A6,0
1425,blocking_view,A6,0
1426,nested_view,A1,0
1426,mutable_view,A1,0
1426,blocking_view,A1,0
1426,nested_view,A2,0
1426,mutable_view,A2,0
1426,blocking_view,A2,0
1426,nested_view,A3,0
1426,mutable_view,A3,0
1426,blocking_view,A3,0
1426,nested_view,A4,0
1426,mutable_view,A4,0
1426,blocking_view,A4,0
1426,nested_view,A5,0
1426,mutable_view,A5,0
1426,blocking_view,A5,0
1426,nested_view,A6,0
1426,mutable_view,A6,0
1426,blocking_view,A6,0
1427,nested_view,A1,1
1427,mutable_view,A1,1
1427,blocking_view,A1,0
1427,nested_view,A2,1
1427,mutable_view,A2,1
1427,blocking_view,A2,0
1427,nested_view,A3,1
1427,mutable_view,A3,1
1427,blocking_view,A3,0
1427,nested_view,A4,1
1427,mutable_view,A4,0
1427,blocking_view,A4,0
1427,nested_view,A5,1
1427,mutable_view,A5,1
1427,blocking_view,A5,0
1427,nested_view,A6,0
1427,mutable_view,A6,0
1427,blocking_view,A6,0
1428,nested_view,A1,1
1428,mutable_view,A1,1
1428,blocking_view,A1,0
1428,nested_view,A2,1
1428,mutable_view,A2,1
1428,blocking_view,A2,0
1428,nested_view,A3,1
1428,mutable_view,A3,1
1428,blocking_view,A3,0
1428,nested_view,A4,1
1428,mutable_view,A4,1
1428,blocking_view,A4,0
1428,nested_view,A5,1
1428,mutable_view,A5,1
1428,blocking_view,A5,0
1428,nested_view,A6,0
1428,mutable_view,A6,0
1428,blocking_view,A6,0
1429,nested_view,A1,1
1429,mutable_view,A1,1
1429,blocking_view,A1,0
1429,nested_view,A2,1
1429,mutable_view,A2,1
1429,blocking_view,A2,0
1429,nested_view,A3,1
1429,mutable_view,A3,1
1429,blocking_view,A3,0
1429,nested_view,A4,1
1429,mutable_view,A4,1
1429,blocking_view,A4,0
1429,nested_view,A5,1
1429,mutable_view,A5,1
1429,blocking_view,A5,0
1429,nested_view,A6,0
1429,mutable_view,A6,0
1429,blocking_view,A6,0
1430,nested_view,A1,1
1430,mutable_view,A1,1
1430,blocking_view,A1,1
1430,nested_view,A2,1
1430,mutable_view,A2,1
1430,blocking_view,A2,1
1430,nested_view,A3,1
1430,mutable_view,A3,1
1430,blocking_view,A3,1
1430,nested_view,A4,1
1430,mutable_view,A4,1
1430,blocking_view,A4,1
1430,nested_view,A5,1
1430,mutable_view,A5,1
1430,blocking_view,A5,1
1430,nested_view,A6,0
1430,mutable_view,A6,1
1430,blocking_view,A6,1
1431,nested_view,A1,1
1431,mutable_view,A1,1
1431,blocking_view,A1,1
1431,nested_view,A2,1
1431,mutable_view,A2,1
1431,blocking_view,A2,1
1431,nested_view,A3,1
1431,mutable_view,A3,1
1431,blocking_view,A3,1
1431,nested_view,A4,1
1431,mutable_view,A4,1
1431,blocking_view,A4,0
1431,nested_view,A5,1
1431,mutable_view,A5,1
1431,blocking_view,A5,1
1431,nested_view,A6,0
1431,mutable_view,A6,0
1431,blocking_view,A6,0
1432,nested_view,A1,1
1432,mutable_view,A1,1
1432,blocking_view,A1,0
1432,nested_view,A2,1
1432,mutable_view,A2,1
1432,blocking_view,A2,0
1432,nested_view,A3,1
1432,mutable_view,A3,1
1432,blocking_view,A3,0
1432,nested_view,A4,1
1432,mutable_view,A4,1
1432,blocking_view,A4,0
1432,nested_view,A5,1
1432,mutable_view,A5,1
1432,blocking_view,A5,0
1432,nested_view,A6,0
1432,mutable_view,A6,1
1432,blocking_view,A6,1
1433,nested_view,A1,0
1433,mutable_view,A1,0
1433,blocking_view,A1,0
1433,nested_view,A2,0
1433,mutable_view,A2,0
1433,blocking_view,A2,0
1433,nested_view,A3,0
1433,mutable_view,A3,0
1433,blocking_view,A3,0
1433,nested_view,A4,0
1433,mutable_view,A4,0
1433,blocking_view,A4,0
1433,nested_view,A5,0
1433,mutable_view,A5,0
1433,blocking_view,A5,0
1433,nested_view,A6,0
1433,mutable_view,A6,0
1433,blocking_view,A6,0
1434,nested_view,A1,1
1434,mutable_view,A1,1
1434,blocking_view,A1,0
1434,nested_view,A2,1
1434,mutable_view,A2,1
1434,blocking_view,A2,0
1434,nested_view,A3,1
1434,mutable_view,A3,1
1434,blocking_view,A3,0
1434,nested_view,A4,0
1434,mutable_view,A4,1
1434,blocking_view,A4,0
1434,nested_view,A5,1
1434,mutable_view,A5,1
1434,blocking_view,A5,0
1434,nested_view,A6,0
1434,mutable_view,A6,0
1434,blocking_view,A6,0
1435,nested_view,A1,0
1435,mutable_view,A1,0
1435,blocking_view,A1,0
1435,nested_view,A2,0
1435,mutable_view,A2,0
1435,blocking_view,A2,0
1435,nested_view,A3,0
1435,mutable_view,A3,0
1435,blocking_view,A3,0
1435,nested_view,A4,0
1435,mutable_view,A4,0
1435,blocking_view,A4,0
1435,nested_view,A5,0
1435,mutable_view,A5,0
1435,blocking_view,A5,0
1435,nested_view,A6,0
1435,mutable_view,A6,0
1435,blocking_view,A6,0
1436,nested_view,A1,0
1436,mutable_view,A1,0
1436,blocking_view,A1,0
1436,nested_view,A2,0
1436,mutable_view,A2,0
1436,blocking_view,A2,0
1436,nested_view,A3,0
1436,mutable_view,A3,0
1436,blocking_view,A3,0
1436,nested_view,A4,0
1436,mutable_view,A4,0
1436,blocking_view,A4,0
1436,nested_view,A5,0
1436,mutable_view,A5,0
1436,blocking_view,A5,1
1436,nested_view,A6,0
1436,mutable_view,A6,0
1436,blocking_view,A6,0
1437,nested_view,A1,1
1437,mutable_view,A1,1
1437,blocking_view,A1,1
1437,nested_view,A2,1
1437,mutable_view,A2,1
1437,blocking_view,A2,1
1437,nested_view,A3,1
1437,mutable_view,A3,1
1437,blocking_view,A3,1
1437,nested_view,A4,0
1437,mutable_view,A4,1
1437,blocking_view,A4,0
1437,nested_view,A5,1
1437,mutable_view,A5,1
1437,blocking_view,A5,0
1437,nested_view,A6,0
1437,mutable_view,A6,0
1437,blocking_view,A6,0
1438,nested_view,A1,0
1438,mutable_view,A1,0
1438,blocking_view,A1,0
1438,nested_view,A2,0
1438,mutable_view,A2,0
1438,blocking_view,A2,0
1438,nested_view,A3,0
1438,mutable_view,A3,0
1438,blocking_view,A3,0
1438,nested_view,A4,0
1438,mutable_view,A4,0
1438,blocking_view,A4,0
1438,nested_view,A5,0
1438,mutable_view,A5,0
1438,blocking_view,A5,0
1438,nested_view,A6,0
1438,mutable_view,A6,0
1438,blocking_view,A6,0
1439,nested_view,A1,0
1439,mutable_view,A1,0
1439,blocking_view,A1,0
1439,nested_view,A2,0
1439,mutable_view,A2,0
1439,blocking_view,A2,0
1439,nested_view,A3,0
1439,mutable_view,A3,0
1439,blocking_view,A3,0
1439,nested_view,A4,0
1439,mutable_view,A4,0
1439,blocking_view,A4,0
1439,nested_view,A5,0
1439,mutable_view,A5,1
1439,blocking_view,A5,0
1439,nested_view,A6,0
1439,mutable_view,A6,0
1439,blocking_view,A6,0
1440,nested_view,A1,0
1440,mutable_view,A1,0
1440,blocking_view,A1,0
1440,nested_view,A2,0
1440,mutable_view,A2,0
1440,blocking_view,A2,0
1440,nested_view,A3,0
1440,mutable_view,A3,0
1440,blocking_view,A3,0
1440,nested_view,A4,0
1440,mutable_view,A4,0
1440,blocking_view,A4,0
1440,nested_view,A5,0
1440,mutable_view,A5,0
1440,blocking_view,A5,0
1440,nested_view,A6,0
1440,mutable_view,A6,0
1440,blocking_view,A6,0
1441,nested_view,A1,1
1441,mutable_view,A1,1
1441,blocking_view,A1,0
1441,nested_view,A2,1
1441,mutable_view,A2,1
1441,blocking_view,A2,0
1441,nested_view,A3,1
1441,mutable_view,A3,1
1441,blocking_view,A3,0
1441,nested_view,A4,0
1441,mutable_view,A4,1
1441,blocking_view,A4,1
1441,nested_view,A5,1
1441,mutable_view,A5,1
1441,blocking_view,A5,0
1441,nested_view,A6,0
1441,mutable_view,A6,1
1441,blocking_view,A6,1
1442,nested_view,A1,0
1442,mutable_view,A1,0
1442,blocking_view,A1,0
1442,nested_view,A2,0
1442,mutable_view,A2,0
1442,blocking_view,A2,0
1442,nested_view,A3,0
1442,mutable_view,A3,0
1442,blocking_view,A3,0
1442,nested_view,A4,0
1442,mutable_view,A4,0
1442,blocking_view,A4,0
1442,nested_view,A5,0
1442,mutable_view,A5,0
1442,blocking_view,A5,0
1442,nested_view,A6,0
1442,mutable_view,A6,0
1442,blocking_view,A6,0
1443,nested_view,A1,1
1443,mutable_view,A1,1
1443,blocking_view,A1,1
1443,nested_view,A2,1
1443,mutable_view,A2,1
1443,blocking_view,A2,1
1443,nested_view,A3,1
1443,mutable_view,A3,1
1443,blocking_view,A3,1
1443,nested_view,A4,1
1443,mutable_view,A4,1
1443,blocking_view,A4,0
1443,nested_view,A5,1
1443,mutable_view,A5,1
1443,blocking_view,A5,1
1443,nested_view,A6,0
1443,mutable_view,A6,0
1443,blocking_view,A6,0
1444,nested_view,A1,1
1444,mutable_view,A1,1
1444,blocking_view,A1,1
1444,nested_view,A2,1
1444,mutable_view,A2,1
1444,blocking_view,A2,1
1444,nested_view,A3,1
1444,mutable_view,A3,1
1444,blocking_view,A3,1
1444,nested_view,A4,1
1444,mutable_view,A4,1
1444,blocking_view,A4,0
1444,nested_view,A5,1
1444,mutable_view,A5,1
1444,blocking_view,A5,1
1444,nested_view,A6,0
1444,mutable_view,A6,1
1444,blocking_view,A6,1
1445,nested_view,A1,1
1445,mutable_view,A1,1
1445,blocking_view,A1,0
1445,nested_view,A2,1
1445,mutable_view,A2,1
1445,blocking_view,A2,0
1445,nested_view,A3,1
1445,mutable_view,A3,1
1445,blocking_view,A3,0
1445,nested_view,A4,1
1445,mutable_view,A4,1
1445,blocking_view,A4,0
1445,nested_view,A5,1
1445,mutable_view,A5,1
1445,blocking_view,A5,0
1445,nested_view,A6,0
1445,mutable_view,A6,0
1445,blocking_view,A6,0
1446,nested_view,A1,0
1446,mutable_view,A1,0
1446,blocking_view,A1,0
1446,nested_view,A2,0
1446,mutable_view,A2,0
1446,blocking_view,A2,0
1446,nested_view,A3,0
1446,mutable_view,A3,0
1446,blocking_view,A3,0
1446,nested_view,A4,0
1446,mutable_view,A4,0
1446,blocking_view,A4,0
1446,nested_view,A5,0
1446,mutable_view,A5,0
1446,blocking_view,A5,0
1446,nested_view,A6,0
1446,mutable_view,A6,0
1446,blocking_view,A6,0
1447,nested_view,A1,1
1447,mutable_view,A1,1
1447,blocking_view,A1,0
1447,nested_view,A2,1
1447,mutable_view,A2,1
1447,blocking_view,A2,0
1447,nested_view,A3,1
1447,mutable_view,A3,1
1447,blocking_view,A3,0
1447,nested_view,A4,1
1447,mutable_view,A4,1
1447,blocking_view,A4,0
1447,nested_view,A5,1
1447,mutable_view,A5,1
1447,blocking_view,A5,1
1447,nested_view,A6,0
1447,mutable_view,A6,0
1447,blocking_view,A6,0
1448,nested_view,A1,1
1448,mutable_view,A1,1
1448,blocking_view,A1,0
1448,nested_view,A2,1
1448,mutable_view,A2,1
1448,blocking_view,A2,0
1448,nested_view,A3,1
1448,mutable_view,A3,1
1448,blocking_view,A3,0
1448,nested_view,A4,1
1448,mutable_view,A4,1
1448,blocking_view,A4,0
1448,nested_view,A5,1
1448,mutable_view,A5,1
1448,blocking_view,A5,0
1448,nested_view,A6,0
1448,mutable_view,A6,0
1448,blocking_view,A6,0
1449,nested_view,A1,0
1449,mutable_view,A1,0
1449,blocking_view,A1,0
1449,nested_view,A2,0
1449,mutable_view,A2,0
1449,blocking_view,A2,0
1449,nested_view,A3,0
1449,mutable_view,A3,0
1449,blocking_view,A3,0
1449,nested_view,A4,0
1449,mutable_view,A4,0
1449,blocking_view,A4,0
1449,nested_view,A5,0
1449,mutable_view,A5,0
1449,blocking_view,A5,0
1449,nested_view,A6,0
1449,mutable_view,A6,0
1449,blocking_view,A6,0
1450,nested_view,A1,0
1450,mutable_view,A1,0
1450,blocking_view,A1,0
1450,nested_view,A2,0
1450,mutable_view,A2,0
1450,blocking_view,A2,0
1450,nested_view,A3,0
1450,mutable_view,A3,0
1450,blocking_view,A3,0
1450,nested_view,A4,0
1450,mutable_view,A4,0
1450,blocking_view,A4,0
1450,nested_view,A5,0
1450,mutable_view,A5,0
1450,blocking_view,A5,0
1450,nested_view,A6,0
1450,mutable_view,A6,0
1450,blocking_view,A6,0
1451,nested_view,A1,1
1451,mutable_view,A1,1
1451,blocking_view,A1,0
1451,nested_view,A2,1
1451,mutable_view,A2,1
1451,blocking_view,A2,0
1451,nested_view,A3,1
1451,mutable_view,A3,1
1451,blocking_view,A3,0
1451,nested_view,A4,1
1451,mutable_view,A4,1
1451,blocking_view,A4,0
1451,nested_view,A5,0
1451,mutable_view,A5,1
1451,blocking_view,A5,0
1451,nested_view,A6,0
1451,mutable_view,A6,0
1451,blocking_view,A6,0
1452,nested_view,A1,1
1452,mutable_view,A1,1
1452,blocking_view,A1,0
1452,nested_view,A2,1
1452,mutable_view,A2,1
1452,blocking_view,A2,0
1452,nested_view,A3,1
1452,mutable_view,A3,1
1452,blocking_view,A3,0
1452,nested_view,A4,1
1452,mutable_view,A4,1
1452,blocking_view,A4,0
1452,nested_view,A5,1
1452,mutable_view,A5,1
1452,blocking_view,A5,0
1452,nested_view,A6,0
1452,mutable_view,A6,0
1452,blocking_view,A6,0
1453,nested_view,A1,1
1453,mutable_view,A1,1
1453,blocking_view,A1,0
1453,nested_view,A2,1
1453,mutable_view,A2,1
1453,blocking_view,A2,0
1453,nested_view,A3,1
1453,mutable_view,A3,1
1453,blocking_view,A3,0
1453,nested_view,A4,1
1453,mutable_view,A4,1
1453,blocking_view,A4,0
1453,nested_view,A5,1
1453,mutable_view,A5,1
1453,blocking_view,A5,0
1453,nested_view,A6,0
1453,mutable_view,A6,0
1453,blocking_view,A6,0
1454,nested_view,A1,1
1454,mutable_view,A1,1
1454,blocking_view,A1,0
1454,nested_view,A2,1
1454,mutable_view,A2,1
1454,blocking_view,A2,0
1454,nested_view,A3,1
1454,mutable_view,A3,1
1454,blocking_view,A3,0
1454,nested_view,A4,1
1454,mutable_view,A4,1
1454,blocking_view,A4,0
1454,nested_view,A5,1
1454,mutable_view,A5,1
1454,blocking_view,A5,0
1454,nested_view,A6,0
1454,mutable_view,A6,0
1454,blocking_view,A6,0
1455,nested_view,A1,0
1455,mutable_view,A1,0
1455,blocking_view,A1,0
1455,nested_view,A2,0
1455,mutable_view,A2,0
1455,blocking_view,A2,0
1455,nested_view,A3,0
1455,mutable_view,A3,0
1455,blocking_view,A3,0
1455,nested_view,A4,0
1455,mutable_view,A4,0
1455,blocking_view,A4,0
1455,nested_view,A5,0
1455,mutable_view,A5,0
1455,blocking_view,A5,0
1455,nested_view,A6,0
1455,mutable_view,A6,0
1455,blocking_view,A6,0
1456,nested_view,A1,1
1456,mutable_view,A1,1
1456,blocking_view,A1,0
1456,nested_view,A2,1
1456,mutable_view,A2,1
1456,blocking_view,A2,0
1456,nested_view,A3,1
1456,mutable_view,A3,1
1456,blocking_view,A3,0
1456,nested_view,A4,1
1456,mutable_view,A4,1
1456,blocking_view,A4,0
1456,nested_view,A5,0
1456,mutable_view,A5,1
1456,blocking_view,A5,0
1456,nested_view,A6,0
1456,mutable_view,A6,0
1456,blocking_view,A6,0
1457,nested_view,A1,1
1457,mutable_view,A1,1
1457,blocking_view,A1,0
1457,nested_view,A2,1
1457,mutable_view,A2,1
1457,blocking_view,A2,0
1457,nested_view,A3,1
1457,mutable_view,A3,1
1457,blocking_view,A3,0
1457,nested_view,A4,1
1457,mutable_view,A4,1
1457,blocking_view,A4,0
1457,nested_view,A5,1
1457,mutable_view,A5,0
1457,blocking_view,A5,1
1457,nested_view,A6,0
1457,mutable_view,A6,0
1457,blocking_view,A6,0
1458,nested_view,A1,1
1458,mutable_view,A1,1
1458,blocking_view,A1,0
1458,nested_view,A2,1
1458,mutable_view,A2,1
1458,blocking_view,A2,0
1458,nested_view,A3,1
1458,mutable_view,A3,1
1458,blocking_view,A3,0
1458,nested_view,A4,1
1458,mutable_view,A4,1
1458,blocking_view,A4,0
1458,nested_view,A5,1
1458,mutable_view,A5,1
1458,blocking_view,A5,0
1458,nested_view,A6,0
1458,mutable_view,A6,0
1458,blocking_view,A6,0
1459,nested_view,A1,1
1459,mutable_view,A1,1
1459,blocking_view,A1,0
1459,nested_view,A2,1
1459,mutable_view,A2,1
1459,blocking_view,A2,0
1459,nested_view,A3,1
1459,mutable_view,A3,1
1459,blocking_view,A3,0
1459,nested_view,A4,1
1459,mutable_view,A4,1
1459,blocking_view,A4,0
1459,nested_view,A5,1
1459,mutable_view,A5,1
1459,blocking_view,A5,0
1459,nested_view,A6,0
1459,mutable_view,A6,0
1459,blocking_view,A6,0
1460,nested_view,A1,1
1460,mutable_view,A1,1
1460,blocking_view,A1,0
1460,nested_view,A2,1
1460,mutable_view,A2,1
1460,blocking_view,A2,0
1460,nested_view,A3,1
1460,mutable_view,A3,1
1460,blocking_view,A3,0
1460,nested_view,A4,1
1460,mutable_view,A4,1
1460,blocking_view,A4,0
1460,nested_view,A5,1
1460,mutable_view,A5,1
1460,blocking_view,A5,0
1460,nested_view,A6,0
1460,mutable_view,A6,0
1460,blocking_view,A6,0
1461,nested_view,A1,1
1461,mutable_view,A1,1
1461,blocking_view,A1,0
1461,nested_view,A2,1
1461,mutable_view,A2,1
1461,blocking_view,A2,0
1461,nested_view,A3,1
1461,mutable_view,A3,1
1461,blocking_view,A3,0
1461,nested_view,A4,1
1461,mutable_view,A4,1
1461,blocking_view,A4,0
1461,nested_view,A5,1
1461,mutable_view,A5,1
1461,blocking_view,A5,1
1461,nested_view,A6,0
1461,mutable_view,A6,0
1461,blocking_view,A6,0
1462,nested_view,A1,1
1462,mutable_view,A1,1
1462,blocking_view,A1,0
1462,nested_view,A2,1
1462,mutable_view,A2,1
1462,blocking_view,A2,0
1462,nested_view,A3,1
1462,mutable_view,A3,1
1462,blocking_view,A3,0
1462,nested_view,A4,1
1462,mutable_view,A4,1
1462,blocking_view,A4,0
1462,nested_view,A5,1
1462,mutable_view,A5,1
1462,blocking_view,A5,0
1462,nested_view,A6,0
1462,mutable_view,A6,0
1462,blocking_view,A6,0
1463,nested_view,A1,1
1463,mutable_view,A1,1
1463,blocking_view,A1,0
1463,nested_view,A2,1
1463,mutable_view,A2,1
1463,blocking_view,A2,0
1463,nested_view,A3,1
1463,mutable_view,A3,1
1463,blocking_view,A3,0
1463,nested_view,A4,1
1463,mutable_view,A4,1
1463,blocking_view,A4,0
1463,nested_view,A5,1
1463,mutable_view,A5,1
1463,blocking_view,A5,0
1463,nested_view,A6,0
1463,mutable_view,A6,0
1463,blocking_view,A6,0
1464,nested_view,A1,1
1464,mutable_view,A1,1
1464,blocking_view,A1,0
1464,nested_view,A2,1
1464,mutable_view,A2,1
1464,blocking_view,A2,0
1464,nested_view,A3,1
1464,mutable_view,A3,1
1464,blocking_view,A3,0
1464,nested_view,A4,1
1464,mutable_view,A4,1
1464,blocking_view,A4,0
1464,nested_view,A5,0
1464,mutable_view,A5,1
1464,blocking_view,A5,1
1464,nested_view,A6,0
1464,mutable_view,A6,0
1464,blocking_view,A6,0
1465,nested_view,A1,1
1465,mutable_view,A1,1
1465,blocking_view,A1,0
1465,nested_view,A2,1
1465,mutable_view,A2,1
1465,blocking_view,A2,0
1465,nested_view,A3,1
1465,mutable_view,A3,1
1465,blocking_view,A3,0
1465,nested_view,A4,1
1465,mutable_view,A4,1
1465,blocking_view,A4,0
1465,nested_view,A5,0
1465,mutable_view,A5,1
1465,blocking_view,A5,1
1465,nested_view,A6,0
1465,mutable_view,A6,0
1465,blocking_view,A6,0
1466,nested_view,A1,1
1466,mutable_view,A1,1
1466,blocking_view,A1,0
1466,nested_view,A2,1
1466,mutable_view,A2,1
1466,blocking_view,A2,0
1466,nested_view,A3,1
1466,mutable_view,A3,1
1466,blocking_view,A3,0
1466,nested_view,A4,1
1466,mutable_view,A4,1
1466,blocking_view,A4,0
1466,nested_view,A5,1
1466,mutable_view,A5,1
1466,blocking_view,A5,0
1466,nested_view,A6,0
1466,mutable_view,A6,1
1466,blocking_view,A6,0
1467,nested_view,A1,1
1467,mutable_view,A1,1
1467,blocking_view,A1,1
1467,nested_view,A2,1
1467,mutable_view,A2,1
1467,blocking_view,A2,1
1467,nested_view,A3,1
1467,mutable_view,A3,1
1467,blocking_view,A3,1
1467,nested_view,A4,1
1467,mutable_view,A4,1
1467,blocking_view,A4,0
1467,nested_view,A5,1
1467,mutable_view,A5,0
1467,blocking_view,A5,1
1467,nested_view,A6,0
1467,mutable_view,A6,0
1467,blocking_view,A6,0
1468,nested_view,A1,1
1468,mutable_view,A1,1
1468,blocking_view,A1,1
1468,nested_view,A2,1
1468,mutable_view,A2,1
1468,blocking_view,A2,1
1468,nested_view,A3,1
1468,mutable_view,A3,1
1468,blocking_view,A3,1
1468,nested_view,A4,1
1468,mutable_view,A4,1
1468,blocking_view,A4,0
1468,nested_view,A5,1
1468,mutable_view,A5,1
1468,blocking_view,A5,1
1468,nested_view,A6,0
1468,mutable_view,A6,0
1468,blocking_view,A6,0
1469,nested_view,A1,1
1469,mutable_view,A1,1
1469,blocking_view,A1,0
1469,nested_view,A2,1
1469,mutable_view,A2,1
1469,blocking_view,A2,0
1469,nested_view,A3,1
1469,mutable_view,A3,1
1469,blocking_view,A3,0
1469,nested_view,A4,1
1469,mutable_view,A4,1
1469,blocking_view,A4,0
1469,nested_view,A5,1
1469,mutable_view,A5,1
1469,blocking_view,A5,0
1469,nested_view,A6,0
1469,mutable_view,A6,0
1469,blocking_view,A6,0
1470,nested_view,A1,1
1470,mutable_view,A1,1
1470,blocking_view,A1,1
1470,nested_view,A2,1
1470,mutable_view,A2,1
1470,blocking_view,A2,1
1470,nested_view,A3,1
1470,mutable_view,A3,1
1470,blocking_view,A3,0
1470,nested_view,A4,1
1470,mutable_view,A4,1
1470,blocking_view,A4,0
1470,nested_view,A5,1
1470,mutable_view,A5,1
1470,blocking_view,A5,0
1470,nested_view,A6,1
1470,mutable_view,A6,1
1470,blocking_view,A6,1
1471,nested_view,A1,1
1471,mutable_view,A1,1
1471,blocking_view,A1,1
1471,nested_view,A2,1
1471,mutable_view,A2,1
1471,blocking_view,A2,1
1471,nested_view,A3,1
1471,mutable_view,A3,1
1471,blocking_view,A3,1
1471,nested_view,A4,1
1471,mutable_view,A4,1
1471,blocking_view,A4,0
1471,nested_view,A5,1
1471,mutable_view,A5,1
1471,blocking_view,A5,1
1471,nested_view,A6,1
1471,mutable_view,A6,1
1471,blocking_view,A6,1
1472,nested_view,A1,1
1472,mutable_view,A1,1
1472,blocking_view,A1,1
1472,nested_view,A2,1
1472,mutable_view,A2,1
1472,blocking_view,A2,1
1472,nested_view,A3,1
1472,mutable_view,A3,1
1472,blocking_view,A3,1
1472,nested_view,A4,1
1472,mutable_view,A4,1
1472,blocking_view,A4,0
1472,nested_view,A5,1
1472,mutable_view,A5,1
1472,blocking_view,A5,1
1472,nested_view,A6,0
1472,mutable_view,A6,0
1472,blocking_view,A6,0
1473,nested_view,A1,1
1473,mutable_view,A1,1
1473,blocking_view,A1,0
1473,nested_view,A2,1
1473,mutable_view,A2,1
1473,blocking_view,A2,0
1473,nested_view,A3,1
1473,mutable_view,A3,1
1473,blocking_view,A3,0
1473,nested_view,A4,1
1473,mutable_view,A4,1
1473,blocking_view,A4,0
1473,nested_view,A5,1
1473,mutable_view,A5,1
1473,blocking_view,A5,0
1473,nested_view,A6,0
1473,mutable_view,A6,0
1473,blocking_view,A6,0
1474,nested_view,A1,1
1474,mutable_view,A1,1
1474,blocking_view,A1,1
1474,nested_view,A2,1
1474,mutable_view,A2,1
1474,blocking_view,A2,1
1474,nested_view,A3,1
1474,mutable_view,A3,1
1474,blocking_view,A3,1
1474,nested_view,A4,1
1474,mutable_view,A4,1
1474,blocking_view,A4,0
1474,nested_view,A5,0
1474,mutable_view,A5,1
1474,blocking_view,A5,1
1474,nested_view,A6,0
1474,mutable_view,A6,0
1474,blocking_view,A6,0
1475,nested_view,A1,1
1475,mutable_view,A1,1
1475,blocking_view,A1,1
1475,nested_view,A2,1
1475,mutable_view,A2,1
1475,blocking_view,A2,1
1475,nested_view,A3,1
1475,mutable_view,A3,1
1475,blocking_view,A3,1
1475,nested_view,A4,1
1475,mutable_view,A4,1
1475,blocking_view,A4,0
1475,nested_view,A5,0
1475,mutable_view,A5,1
1475,blocking_view,A5,1
1475,nested_view,A6,0
1475,mutable_view,A6,0
1475,blocking_view,A6,0
1476,nested_view,A1,1
1476,mutable_view,A1,1
1476,blocking_view,A1,1
1476,nested_view,A2,1
1476,mutable_view,A2,1
1476,blocking_view,A2,1
1476,nested_view,A3,1
1476,mutable_view,A3,1
1476,blocking_view,A3,1
1476,nested_view,A4,1
1476,mutable_view,A4,1
1476,blocking_view,A4,0
1476,nested_view,A5,1
1476,mutable_view,A5,1
1476,blocking_view,A5,1
1476,nested_view,A6,0
1476,mutable_view,A6,1
1476,blocking_view,A6,1
1477,nested_view,A1,1
1477,mutable_view,A1,1
1477,blocking_view,A1,0
1477,nested_view,A2,1
1477,mutable_view,A2,1
1477,blocking_view,A2,0
1477,nested_view,A3,1
1477,mutable_view,A3,1
1477,blocking_view,A3,0
1477,nested_view,A4,1
1477,mutable_view,A4,1
1477,blocking_view,A4,0
1477,nested_view,A5,1
1477,mutable_view,A5,1
1477,blocking_view,A5,1
1477,nested_view,A6,0
1477,mutable_view,A6,0
1477,blocking_view,A6,0
1478,nested_view,A1,1
1478,mutable_view,A1,1
1478,blocking_view,A1,1
1478,nested_view,A2,1
1478,mutable_view,A2,1
1478,blocking_view,A2,1
1478,nested_view,A3,1
1478,mutable_view,A3,1
1478,blocking_view,A3,1
1478,nested_view,A4,1
1478,mutable_view,A4,1
1478,blocking_view,A4,0
1478,nested_view,A5,1
1478,mutable_view,A5,1
1478,blocking_view,A5,1
1478,nested_view,A6,0
1478,mutable_view,A6,0
1478,blocking_view,A6,0
1479,nested_view,A1,1
1479,mutable_view,A1,1
1479,blocking_view,A1,1
1479,nested_view,A2,1
1479,mutable_view,A2,1
1479,blocking_view,A2,1
1479,nested_view,A3,1
1479,mutable_view,A3,1
1479,blocking_view,A3,1
1479,nested_view,A4,1
1479,mutable_view,A4,1
1479,blocking_view,A4,0
1479,nested_view,A5,1
1479,mutable_view,A5,1
1479,blocking_view,A5,0
1479,nested_view,A6,0
1479,mutable_view,A6,1
1479,blocking_view,A6,0
1480,nested_view,A1,1
1480,mutable_view,A1,1
1480,blocking_view,A1,0
1480,nested_view,A2,1
1480,mutable_view,A2,1
1480,blocking_view,A2,0
1480,nested_view,A3,1
1480,mutable_view,A3,1
1480,blocking_view,A3,0
1480,nested_view,A4,1
1480,mutable_view,A4,1
1480,blocking_view,A4,0
1480,nested_view,A5,1
1480,mutable_view,A5,1
1480,blocking_view,A5,0
1480,nested_view,A6,0
1480,mutable_view,A6,0
1480,blocking_view,A6,0
1481,nested_view,A1,1
1481,mutable_view,A1,1
1481,blocking_view,A1,1
1481,nested_view,A2,1
1481,mutable_view,A2,1
1481,blocking_view,A2,1
1481,nested_view,A3,1
1481,mutable_view,A3,1
1481,blocking_view,A3,1
1481,nested_view,A4,1
1481,mutable_view,A4,1
1481,blocking_view,A4,1
1481,nested_view,A5,1
1481,mutable_view,A5,0
1481,blocking_view,A5,1
1481,nested_view,A6,0
1481,mutable_view,A6,1
1481,blocking_view,A6,1
1482,nested_view,A1,1
1482,mutable_view,A1,1
1482,blocking_view,A1,1
1482,nested_view,A2,1
1482,mutable_view,A2,1
1482,blocking_view,A2,1
1482,nested_view,A3,1
1482,mutable_view,A3,1
1482,blocking_view,A3,1
1482,nested_view,A4,1
1482,mutable_view,A4,1
1482,blocking_view,A4,1
1482,nested_view,A5,1
1482,mutable_view,A5,1
1482,blocking_view,A5,1
1482,nested_view,A6,0
1482,mutable_view,A6,1
1482,blocking_view,A6,1
1483,nested_view,A1,1
1483,mutable_view,A1,1
1483,blocking_view,A1,0
1483,nested_view,A2,1
1483,mutable_view,A2,1
1483,blocking_view,A2,0
1483,nested_view,A3,1
1483,mutable_view,A3,1
1483,blocking_view,A3,0
1483,nested_view,A4,1
1483,mutable_view,A4,1
1483,blocking_view,A4,0
1483,nested_view,A5,1
1483,mutable_view,A5,1
1483,blocking_view,A5,1
1483,nested_view,A6,0
1483,mutable_view,A6,1
1483,blocking_view,A6,0
1484,nested_view,A1,1
1484,mutable_view,A1,1
1484,blocking_view,A1,0
1484,nested_view,A2,1
1484,mutable_view,A2,1
1484,blocking_view,A2,0
1484,nested_view,A3,1
1484,mutable_view,A3,1
1484,blocking_view,A3,0
1484,nested_view,A4,1
1484,mutable_view,A4,1
1484,blocking_view,A4,0
1484,nested_view,A5,1
1484,mutable_view,A5,1
1484,blocking_view,A5,0
1484,nested_view,A6,0
1484,mutable_view,A6,1
1484,blocking_view,A6,0
1485,nested_view,A1,1
1485,mutable_view,A1,1
1485,blocking_view,A1,0
1485,nested_view,A2,1
1485,mutable_view,A2,1
1485,blocking_view,A2,0
1485,nested_view,A3,1
1485,mutable_view,A3,1
1485,blocking_view,A3,0
1485,nested_view,A4,1
1485,mutable_view,A4,1
1485,blocking_view,A4,0
1485,nested_view,A5,1
1485,mutable_view,A5,1
1485,blocking_view,A5,1
1485,nested_view,A6,0
1485,mutable_view,A6,1
1485,blocking_view,A6,0
1486,nested_view,A1,1
1486,mutable_view,A1,1
1486,blocking_view,A1,1
1486,nested_view,A2,1
1486,mutable_view,A2,1
1486,blocking_view,A2,1
1486,nested_view,A3,1
1486,mutable_view,A3,1
1486,blocking_view,A3,1
1486,nested_view,A4,1
1486,mutable_view,A4,1
1486,blocking_view,A4,1
1486,nested_view,A5,1
1486,mutable_view,A5,1
1486,blocking_view,A5,1
1486,nested_view,A6,0
1486,mutable_view,A6,0
1486,blocking_view,A6,0
1487,nested_view,A1,0
1487,mutable_view,A1,0
1487,blocking_view,A1,0
1487,nested_view,A2,0
1487,mutable_view,A2,0
1487,blocking_view,A2,0
1487,nested_view,A3,0
1487,mutable_view,A3,0
1487,blocking_view,A3,0
1487,nested_view,A4,0
1487,mutable_view,A4,0
1487,blocking_view,A4,0
1487,nested_view,A5,0
1487,mutable_view,A5,0
1487,blocking_view,A5,0
1487,nested_view,A6,0
1487,mutable_view,A6,1
1487,blocking_view,A6,0
1488,nested_view,A1,1
1488,mutable_view,A1,1
1488,blocking_view,A1,0
1488,nested_view,A2,1
1488,mutable_view,A2,1
1488,blocking_view,A2,0
1488,nested_view,A3,1
1488,mutable_view,A3,1
1488,blocking_view,A3,0
1488,nested_view,A4,0
1488,mutable_view,A4,1
1488,blocking_view,A4,0
1488,nested_view,A5,1
1488,mutable_view,A5,1
1488,blocking_view,A5,0
1488,nested_view,A6,0
1488,mutable_view,A6,0
1488,blocking_view,A6,0
1489,nested_view,A1,0
1489,mutable_view,A1,0
1489,blocking_view,A1,0
1489,nested_view,A2,0
1489,mutable_view,A2,0
1489,blocking_view,A2,0
1489,nested_view,A3,0
1489,mutable_view,A3,0
1489,blocking_view,A3,0
1489,nested_view,A4,0
1489,mutable_view,A4,0
1489,blocking_view,A4,0
1489,nested_view,A5,0
1489,mutable_view,A5,0
1489,blocking_view,A5,0
1489,nested_view,A6,0
1489,mutable_view,A6,1
1489,blocking_view,A6,1
1490,nested_view,A1,1
1490,mutable_view,A1,1
1490,blocking_view,A1,0
1490,nested_view,A2,1
1490,mutable_view,A2,1
1490,blocking_view,A2,0
1490,nested_view,A3,1
1490,mutable_view,A3,1
1490,blocking_view,A3,0
1490,nested_view,A4,0
1490,mutable_view,A4,1
1490,blocking_view,A4,0
1490,nested_view,A5,1
1490,mutable_view,A5,1
1490,blocking_view,A5,0
1490,nested_view,A6,0
1490,mutable_view,A6,0
1490,blocking_view,A6,0
1491,nested_view,A1,0
1491,mutable_view,A1,0
1491,blocking_view,A1,0
1491,nested_view,A2,0
1491,mutable_view,A2,0
1491,blocking_view,A2,0
1491,nested_view,A3,0
1491,mutable_view,A3,0
1491,blocking_view,A3,0
1491,nested_view,A4,0
1491,mutable_view,A4,0
1491,blocking_view,A4,0
1491,nested_view,A5,1
1491,mutable_view,A5,0
1491,blocking_view,A5,0
1491,nested_view,A6,0
1491,mutable_view,A6,1
1491,blocking_view,A6,0
1492,nested_view,A1,1
1492,mutable_view,A1,1
1492,blocking_view,A1,0
1492,nested_view,A2,1
1492,mutable_view,A2,1
1492,blocking_view,A2,0
1492,nested_view,A3,1
1492,mutable_view,A3,1
1492,blocking_view,A3,0
1492,nested_view,A4,1
1492,mutable_view,A4,1
1492,blocking_view,A4,0
1492,nested_view,A5,1
1492,mutable_view,A5,1
1492,blocking_view,A5,0
1492,nested_view,A6,0
1492,mutable_view,A6,0
1492,blocking_view,A6,0
1493,nested_view,A1,1
1493,mutable_view,A1,1
1493,blocking_view,A1,0
1493,nested_view,A2,1
1493,mutable_view,A2,1
1493,blocking_view,A2,0
1493,nested_view,A3,1
1493,mutable_view,A3,1
1493,blocking_view,A3,0
1493,nested_view,A4,1
1493,mutable_view,A4,1
1493,blocking_view,A4,0
1493,nested_view,A5,1
1493,mutable_view,A5,1
1493,blocking_view,A5,0
1493,nested_view,A6,0
1493,mutable_view,A6,0
1493,blocking_view,A6,0
1494,nested_view,A1,0
1494,mutable_view,A1,0
1494,blocking_view,A1,0
1494,nested_view,A2,0
1494,mutable_view,A2,0
1494,blocking_view,A2,0
1494,nested_view,A3,0
1494,mutable_view,A3,0
1494,blocking_view,A3,0
1494,nested_view,A4,0
1494,mutable_view,A4,0
1494,blocking_view,A4,0
1494,nested_view,A5,0
1494,mutable_view,A5,0
1494,blocking_view,A5,0
1494,nested_view,A6,0
1494,mutable_view,A6,1
1494,blocking_view,A6,0
1495,nested_view,A1,0
1495,mutable_view,A1,0
1495,blocking_view,A1,0
1495,nested_view,A2,0
1495,mutable_view,A2,0
1495,blocking_view,A2,0
1495,nested_view,A3,0
1495,mutable_view,A3,0
1495,blocking_view,A3,0
1495,nested_view,A4,0
1495,mutable_view,A4,0
1495,blocking_view,A4,0
1495,nested_view,A5,0
1495,mutable_view,A5,0
1495,blocking_view,A5,0
1495,nested_view,A6,0
1495,mutable_view,A6,1
1495,blocking_view,A6,1
1496,nested_view,A1,0
1496,mutable_view,A1,0
1496,blocking_view,A1,0
1496,nested_view,A2,0
1496,mutable_view,A2,0
1496,blocking_view,A2,0
1496,nested_view,A3,0
1496,mutable_view,A3,0
1496,blocking_view,A3,0
1496,nested_view,A4,0
1496,mutable_view,A4,0
1496,blocking_view,A4,0
1496,nested_view,A5,0
1496,mutable_view,A5,0
1496,blocking_view,A5,0
1496,nested_view,A6,0
1496,mutable_view,A6,1
1496,blocking_view,A6,1
1497,nested_view,A1,0
1497,mutable_view,A1,0
1497,blocking_view,A1,0
1497,nested_view,A2,0
1497,mutable_view,A2,0
1497,blocking_view,A2,0
1497,nested_view,A3,0
1497,mutable_view,A3,0
1497,blocking_view,A3,0
1497,nested_view,A4,0
1497,mutable_view,A4,0
1497,blocking_view,A4,0
1497,nested_view,A5,0
1497,mutable_view,A5,0
1497,blocking_view,A5,0
1497,nested_view,A6,0
1497,mutable_view,A6,1
1497,blocking_view,A6,1
1498,nested_view,A1,0
1498,mutable_view,A1,0
1498,blocking_view,A1,0
1498,nested_view,A2,0
1498,mutable_view,A2,0
1498,blocking_view,A2,0
1498,nested_view,A3,0
1498,mutable_view,A3,0
1498,blocking_view,A3,0
1498,nested_view,A4,0
1498,mutable_view,A4,0
1498,blocking_view,A4,0
1498,nested_view,A5,0
1498,mutable_view,A5,0
1498,blocking_view,A5,0
1498,nested_view,A6,0
1498,mutable_view,A6,1
1498,blocking_view,A6,1
1499,nested_view,A1,1
1499,mutable_view,A1,1
1499,blocking_view,A1,1
1499,nested_view,A2,1
1499,mutable_view,A2,1
1499,blocking_view,A2,1
1499,nested_view,A3,1
1499,mutable_view,A3,1
1499,blocking_view,A3,1
1499,nested_view,A4,1
1499,mutable_view,A4,1
1499,blocking_view,A4,0
1499,nested_view,A5,1
1499,mutable_view,A5,1
1499,blocking_view,A5,1
1499,nested_view,A6,0
1499,mutable_view,A6,1
1499,blocking_view,A6,1
1500,nested_view,A1,1
1500,mutable_view,A1,1
1500,blocking_view,A1,0
1500,nested_view,A2,1
1500,mutable_view,A2,1
1500,blocking_view,A2,0
1500,nested_view,A3,1
1500,mutable_view,A3,1
1500,blocking_view,A3,0
1500,nested_view,A4,1
1500,mutable_view,A4,1
1500,blocking_view,A4,0
1500,nested_view,A5,1
1500,mutable_view,A5,1
1500,blocking_view,A5,0
1500,nested_view,A6,0
1500,mutable_view,A6,1
1500,blocking_view,A6,1
1501,nested_view,A1,1
1501,mutable_view,A1,1
1501,blocking_view,A1,1
1501,nested_view,A2,1
1501,mutable_view,A2,1
1501,blocking_view,A2,1
1501,nested_view,A3,1
1501,mutable_view,A3,1
1501,blocking_view,A3,1
1501,nested_view,A4,1
1501,mutable_view,A4,1
1501,blocking_view,A4,0
1501,nested_view,A5,1
1501,mutable_view,A5,0
1501,blocking_view,A5,0
1501,nested_view,A6,0
1501,mutable_view,A6,0
1501,blocking_view,A6,1
1502,nested_view,A1,0
1502,mutable_view,A1,0
1502,blocking_view,A1,0
1502,nested_view,A2,0
1502,mutable_view,A2,0
1502,blocking_view,A2,0
1502,nested_view,A3,0
1502,mutable_view,A3,0
1502,blocking_view,A3,0
1502,nested_view,A4,0
1502,mutable_view,A4,0
1502,blocking_view,A4,0
1502,nested_view,A5,1
1502,mutable_view,A5,0
1502,blocking_view,A5,0
1502,nested_view,A6,0
1502,mutable_view,A6,0
1502,blocking_view,A6,0
1503,nested_view,A1,1
1503,mutable_view,A1,1
1503,blocking_view,A1,0
1503,nested_view,A2,1
1503,mutable_view,A2,1
1503,blocking_view,A2,0
1503,nested_view,A3,1
1503,mutable_view,A3,1
1503,blocking_view,A3,0
1503,nested_view,A4,0
1503,mutable_view,A4,1
1503,blocking_view,A4,0
1503,nested_view,A5,1
1503,mutable_view,A5,0
1503,blocking_view,A5,0
1503,nested_view,A6,0
1503,mutable_view,A6,0
1503,blocking_view,A6,0
1504,nested_view,A1,0
1504,mutable_view,A1,0
1504,blocking_view,A1,0
1504,nested_view,A2,0
1504,mutable_view,A2,0
1504,blocking_view,A2,0
1504,nested_view,A3,0
1504,mutable_view,A3,0
1504,blocking_view,A3,0
1504,nested_view,A4,0
1504,mutable_view,A4,0
1504,blocking_view,A4,0
1504,nested_view,A5,0
1504,mutable_view,A5,0
1504,blocking_view,A5,0
1504,nested_view,A6,0
1504,mutable_view,A6,0
1504,blocking_view,A6,0
1505,nested_view,A1,1
1505,mutable_view,A1,1
1505,blocking_view,A1,0
1505,nested_view,A2,1
1505,mutable_view,A2,1
1505,blocking_view,A2,0
1505,nested_view,A3,1
1505,mutable_view,A3,1
1505,blocking_view,A3,0
1505,nested_view,A4,1
1505,mutable_view,A4,1
1505,blocking_view,A4,0
1505,nested_view,A5,1
1505,mutable_view,A5,1
1505,blocking_view,A5,0
1505,nested_view,A6,0
1505,mutable_view,A6,1
1505,blocking_view,A6,0
1506,nested_view,A1,1
1506,mutable_view,A1,1
1506,blocking_view,A1,0
1506,nested_view,A2,1
1506,mutable_view,A2,1
1506,blocking_view,A2,0
1506,nested_view,A3,1
1506,mutable_view,A3,0
1506,blocking_view,A3,1
1506,nested_view,A4,1
1506,mutable_view,A4,1
1506,blocking_view,A4,0
1506,nested_view,A5,1
1506,mutable_view,A5,1
1506,blocking_view,A5,0
1506,nested_view,A6,0
1506,mutable_view,A6,0
1506,blocking_view,A6,0
1507,nested_view,A1,0
1507,mutable_view,A1,0
1507,blocking_view,A1,0
1507,nested_view,A2,0
1507,mutable_view,A2,0
1507,blocking_view,A2,0
1507,nested_view,A3,0
1507,mutable_view,A3,0
1507,blocking_view,A3,0
1507,nested_view,A4,0
1507,mutable_view,A4,0
1507,blocking_view,A4,0
1507,nested_view,A5,0
1507,mutable_view,A5,0
1507,blocking_view,A5,1
1507,nested_view,A6,0
1507,mutable_view,A6,1
1507,blocking_view,A6,1
1508,nested_view,A1,0
1508,mutable_view,A1,0
1508,blocking_view,A1,0
1508,nested_view,A2,0
1508,mutable_view,A2,0
1508,blocking_view,A2,0
1508,nested_view,A3,0
1508,mutable_view,A3,0
1508,blocking_view,A3,0
1508,nested_view,A4,0
1508,mutable_view,A4,0
1508,blocking_view,A4,0
1508,nested_view,A5,0
1508,mutable_view,A5,0
1508,blocking_view,A5,0
1508,nested_view,A6,0
1508,mutable_view,A6,0
1508,blocking_view,A6,0
1509,nested_view,A1,0
1509,mutable_view,A1,0
1509,blocking_view,A1,0
1509,nested_view,A2,0
1509,mutable_view,A2,0
1509,blocking_view,A2,0
1509,nested_view,A3,0
1509,mutable_view,A3,0
1509,blocking_view,A3,0
1509,nested_view,A4,0
1509,mutable_view,A4,0
1509,blocking_view,A4,0
1509,nested_view,A5,0
1509,mutable_view,A5,0
1509,blocking_view,A5,0
1509,nested_view,A6,0
1509,mutable_view,A6,1
1509,blocking_view,A6,1
1510,nested_view,A1,0
1510,mutable_view,A1,0
1510,blocking_view,A1,0
1510,nested_view,A2,0
1510,mutable_view,A2,0
1510,blocking_view,A2,0
1510,nested_view,A3,0
1510,mutable_view,A3,0
1510,blocking_view,A3,0
1510,nested_view,A4,0
1510,mutable_view,A4,0
1510,blocking_view,A4,0
1510,nested_view,A5,0
1510,mutable_view,A5,0
1510,blocking_view,A5,0
1510,nested_view,A6,0
1510,mutable_view,A6,1
1510,blocking_view,A6,1
1511,nested_view,A1,0
1511,mutable_view,A1,0
1511,blocking_view,A1,0
1511,nested_view,A2,0
1511,mutable_view,A2,0
1511,blocking_view,A2,0
1511,nested_view,A3,0
1511,mutable_view,A3,0
1511,blocking_view,A3,0
1511,nested_view,A4,0
1511,mutable_view,A4,0
1511,blocking_view,A4,0
1511,nested_view,A5,0
1511,mutable_view,A5,0
1511,blocking_view,A5,0
1511,nested_view,A6,0
1511,mutable_view,A6,1
1511,blocking_view,A6,1
1512,nested_view,A1,0
1512,mutable_view,A1,0
1512,blocking_view,A1,0
1512,nested_view,A2,0
1512,mutable_view,A2,0
1512,blocking_view,A2,0
1512,nested_view,A3,0
1512,mutable_view,A3,0
1512,blocking_view,A3,0
1512,nested_view,A4,0
1512,mutable_view,A4,0
1512,blocking_view,A4,0
1512,nested_view,A5,0
1512,mutable_view,A5,0
1512,blocking_view,A5,0
1512,nested_view,A6,0
1512,mutable_view,A6,0
1512,blocking_view,A6,0
1513,nested_view,A1,0
1513,mutable_view,A1,0
1513,blocking_view,A1,0
1513,nested_view,A2,0
1513,mutable_view,A2,0
1513,blocking_view,A2,0
1513,nested_view,A3,0
1513,mutable_view,A3,0
1513,blocking_view,A3,0
1513,nested_view,A4,0
1513,mutable_view,A4,0
1513,blocking_view,A4,0
1513,nested_view,A5,0
1513,mutable_view,A5,0
1513,blocking_view,A5,0
1513,nested_view,A6,0
1513,mutable_view,A6,0
1513,blocking_view,A6,0
1514,nested_view,A1,0
1514,mutable_view,A1,0
1514,blocking_view,A1,0
1514,nested_view,A2,0
1514,mutable_view,A2,0
1514,blocking_view,A2,0
1514,nested_view,A3,0
1514,mutable_view,A3,0
1514,blocking_view,A3,0
1514,nested_view,A4,0
1514,mutable_view,A4,0
1514,blocking_view,A4,0
1514,nested_view,A5,0
1514,mutable_view,A5,0
1514,blocking_view,A5,0
1514,nested_view,A6,0
1514,mutable_view,A6,1
1514,blocking_view,A6,1
1515,nested_view,A1,0
1515,mutable_view,A1,0
1515,blocking_view,A1,0
1515,nested_view,A2,0
1515,mutable_view,A2,0
1515,blocking_view,A2,0
1515,nested_view,A3,0
1515,mutable_view,A3,0
1515,blocking_view,A3,0
1515,nested_view,A4,0
1515,mutable_view,A4,0
1515,blocking_view,A4,0
1515,nested_view,A5,0
1515,mutable_view,A5,0
1515,blocking_view,A5,1
1515,nested_view,A6,0
1515,mutable_view,A6,1
1515,blocking_view,A6,1
1516,nested_view,A1,0
1516,mutable_view,A1,0
1516,blocking_view,A1,0
1516,nested_view,A2,0
1516,mutable_view,A2,0
1516,blocking_view,A2,0
1516,nested_view,A3,0
1516,mutable_view,A3,0
1516,blocking_view,A3,0
1516,nested_view,A4,0
1516,mutable_view,A4,0
1516,blocking_view,A4,0
1516,nested_view,A5,0
1516,mutable_view,A5,1
1516,blocking_view,A5,1
1516,nested_view,A6,0
1516,mutable_view,A6,1
1516,blocking_view,A6,1
1517,nested_view,A1,0
1517,mutable_view,A1,0
1517,blocking_view,A1,0
1517,nested_view,A2,0
1517,mutable_view,A2,0
1517,blocking_view,A2,0
1517,nested_view,A3,0
1517,mutable_view,A3,0
1517,blocking_view,A3,0
1517,nested_view,A4,0
1517,mutable_view,A4,0
1517,blocking_view,A4,0
1517,nested_view,A5,1
1517,mutable_view,A5,0
1517,blocking_view,A5,0
1517,nested_view,A6,0
1517,mutable_view,A6,1
1517,blocking_view,A6,1
1518,nested_view,A1,0
1518,mutable_view,A1,0
1518,blocking_view,A1,0
1518,nested_view,A2,0
1518,mutable_view,A2,0
1518,blocking_view,A2,0
1518,nested_view,A3,0
1518,mutable_view,A3,0
1518,blocking_view,A3,0
1518,nested_view,A4,0
1518,mutable_view,A4,0
1518,blocking_view,A4,0
1518,nested_view,A5,0
1518,mutable_view,A5,0
1518,blocking_view,A5,1
1518,nested_view,A6,0
1518,mutable_view,A6,1
1518,blocking_view,A6,1
1519,nested_view,A1,1
1519,mutable_view,A1,1
1519,blocking_view,A1,1
1519,nested_view,A2,1
1519,mutable_view,A2,1
1519,blocking_view,A2,1
1519,nested_view,A3,1
1519,mutable_view,A3,1
1519,blocking_view,A3,1
1519,nested_view,A4,1
1519,mutable_view,A4,1
1519,blocking_view,A4,1
1519,nested_view,A5,1
1519,mutable_view,A5,1
1519,blocking_view,A5,1
1519,nested_view,A6,0
1519,mutable_view,A6,1
1519,blocking_view,A6,1
1520,nested_view,A1,1
1520,mutable_view,A1,1
1520,blocking_view,A1,1
1520,nested_view,A2,1
1520,mutable_view,A2,1
1520,blocking_view,A2,1
1520,nested_view,A3,1
1520,mutable_view,A3,1
1520,blocking_view,A3,1
1520,nested_view,A4,1
1520,mutable_view,A4,1
1520,blocking_view,A4,1
1520,nested_view,A5,1
1520,mutable_view,A5,1
1520,blocking_view,A5,1
1520,nested_view,A6,0
1520,mutable_view,A6,1
1520,blocking_view,A6,1
1521,nested_view,A1,1
1521,mutable_view,A1,1
1521,blocking_view,A1,0
1521,nested_view,A2,1
1521,mutable_view,A2,1
1521,blocking_view,A2,0
1521,nested_view,A3,1
1521,mutable_view,A3,1
1521,blocking_view,A3,0
1521,nested_view,A4,1
1521,mutable_view,A4,1
1521,blocking_view,A4,0
1521,nested_view,A5,1
1521,mutable_view,A5,1
1521,blocking_view,A5,0
1521,nested_view,A6,0
1521,mutable_view,A6,0
1521,blocking_view,A6,0
1522,nested_view,A1,1
1522,mutable_view,A1,1
1522,blocking_view,A1,0
1522,nested_view,A2,1
1522,mutable_view,A2,1
1522,blocking_view,A2,0
1522,nested_view,A3,1
1522,mutable_view,A3,1
1522,blocking_view,A3,0
1522,nested_view,A4,1
1522,mutable_view,A4,0
1522,blocking_view,A4,0
1522,nested_view,A5,1
1522,mutable_view,A5,1
1522,blocking_view,A5,0
1522,nested_view,A6,0
1522,mutable_view,A6,1
1522,blocking_view,A6,1
1523,nested_view,A1,1
1523,mutable_view,A1,1
1523,blocking_view,A1,0
1523,nested_view,A2,1
1523,mutable_view,A2,1
1523,blocking_view,A2,0
1523,nested_view,A3,1
1523,mutable_view,A3,1
1523,blocking_view,A3,0
1523,nested_view,A4,1
1523,mutable_view,A4,0
1523,blocking_view,A4,0
1523,nested_view,A5,1
1523,mutable_view,A5,0
1523,blocking_view,A5,0
1523,nested_view,A6,0
1523,mutable_view,A6,1
1523,blocking_view,A6,1
1524,nested_view,A1,0
1524,mutable_view,A1,0
1524,blocking_view,A1,0
1524,nested_view,A2,0
1524,mutable_view,A2,0
1524,blocking_view,A2,0
1524,nested_view,A3,0
1524,mutable_view,A3,0
1524,blocking_view,A3,0
1524,nested_view,A4,0
1524,mutable_view,A4,0
1524,blocking_view,A4,0
1524,nested_view,A5,1
1524,mutable_view,A5,0
1524,blocking_view,A5,0
1524,nested_view,A6,0
1524,mutable_view,A6,0
1524,blocking_view,A6,0
1525,nested_view,A1,1
1525,mutable_view,A1,1
1525,blocking_view,A1,1
1525,nested_view,A2,1
1525,mutable_view,A2,1
1525,blocking_view,A2,1
1525,nested_view,A3,1
1525,mutable_view,A3,1
1525,blocking_view,A3,1
1525,nested_view,A4,0
1525,mutable_view,A4,1
1525,blocking_view,A4,1
1525,nested_view,A5,1
1525,mutable_view,A5,1
1525,blocking_view,A5,1
1525,nested_view,A6,0
1525,mutable_view,A6,0
1525,blocking_view,A6,0
1526,nested_view,A1,0
1526,mutable_view,A1,0
1526,blocking_view,A1,0
1526,nested_view,A2,0
1526,mutable_view,A2,0
1526,blocking_view,A2,0
1526,nested_view,A3,0
1526,mutable_view,A3,0
1526,blocking_view,A3,0
1526,nested_view,A4,0
1526,mutable_view,A4,0
1526,blocking_view,A4,0
1526,nested_view,A5,0
1526,mutable_view,A5,0
1526,blocking_view,A5,0
1526,nested_view,A6,0
1526,mutable_view,A6,0
1526,blocking_view,A6,0
1527,nested_view,A1,1
1527,mutable_view,A1,1
1527,blocking_view,A1,1
1527,nested_view,A2,1
1527,mutable_view,A2,1
1527,blocking_view,A2,1
1527,nested_view,A3,1
1527,mutable_view,A3,1
1527,blocking_view,A3,1
1527,nested_view,A4,1
1527,mutable_view,A4,1
1527,blocking_view,A4,0
1527,nested_view,A5,1
1527,mutable_view,A5,1
1527,blocking_view,A5,0
1527,nested_view,A6,0
1527,mutable_view,A6,0
1527,blocking_view,A6,0
1528,nested_view,A1,1
1528,mutable_view,A1,1
1528,blocking_view,A1,1
1528,nested_view,A2,1
1528,mutable_view,A2,1
1528,blocking_view,A2,1
1528,nested_view,A3,1
1528,mutable_view,A3,1
1528,blocking_view,A3,1
1528,nested_view,A4,1
1528,mutable_view,A4,1
1528,blocking_view,A4,0
1528,nested_view,A5,1
1528,mutable_view,A5,1
1528,blocking_view,A5,1
1528,nested_view,A6,0
1528,mutable_view,A6,0
1528,blocking_view,A6,0
1529,nested_view,A1,1
1529,mutable_view,A1,1
1529,blocking_view,A1,0
1529,nested_view,A2,1
1529,mutable_view,A2,1
1529,blocking_view,A2,0
1529,nested_view,A3,1
1529,mutable_view,A3,1
1529,blocking_view,A3,0
1529,nested_view,A4,1
1529,mutable_view,A4,1
1529,blocking_view,A4,0
1529,nested_view,A5,1
1529,mutable_view,A5,1
1529,blocking_view,A5,1
1529,nested_view,A6,0
1529,mutable_view,A6,1
1529,blocking_view,A6,0
1530,nested_view,A1,1
1530,mutable_view,A1,1
1530,blocking_view,A1,0
1530,nested_view,A2,1
1530,mutable_view,A2,1
1530,blocking_view,A2,0
1530,nested_view,A3,1
1530,mutable_view,A3,1
1530,blocking_view,A3,0
1530,nested_view,A4,1
1530,mutable_view,A4,1
1530,blocking_view,A4,0
1530,nested_view,A5,1
1530,mutable_view,A5,1
1530,blocking_view,A5,0
1530,nested_view,A6,0
1530,mutable_view,A6,0
1530,blocking_view,A6,0
1531,nested_view,A1,1
1531,mutable_view,A1,1
1531,blocking_view,A1,0
1531,nested_view,A2,1
1531,mutable_view,A2,1
1531,blocking_view,A2,0
1531,nested_view,A3,1
1531,mutable_view,A3,1
1531,blocking_view,A3,0
1531,nested_view,A4,1
1531,mutable_view,A4,1
1531,blocking_view,A4,0
1531,nested_view,A5,1
1531,mutable_view,A5,1
1531,blocking_view,A5,0
1531,nested_view,A6,0
1531,mutable_view,A6,0
1531,blocking_view,A6,0
1532,nested_view,A1,1
1532,mutable_view,A1,1
1532,blocking_view,A1,1
1532,nested_view,A2,1
1532,mutable_view,A2,1
1532,blocking_view,A2,1
1532,nested_view,A3,1
1532,mutable_view,A3,1
1532,blocking_view,A3,1
1532,nested_view,A4,1
1532,mutable_view,A4,1
1532,blocking_view,A4,1
1532,nested_view,A5,1
1532,mutable_view,A5,1
1532,blocking_view,A5,1
1532,nested_view,A6,0
1532,mutable_view,A6,1
1532,blocking_view,A6,1
1533,nested_view,A1,1
1533,mutable_view,A1,1
1533,blocking_view,A1,1
1533,nested_view,A2,1
1533,mutable_view,A2,1
1533,blocking_view,A2,1
1533,nested_view,A3,1
1533,mutable_view,A3,1
1533,blocking_view,A3,1
1533,nested_view,A4,1
1533,mutable_view,A4,1
1533,blocking_view,A4,1
1533,nested_view,A5,1
1533,mutable_view,A5,1
1533,blocking_view,A5,1
1533,nested_view,A6,0
1533,mutable_view,A6,1
1533,blocking_view,A6,1
1534,nested_view,A1,1
1534,mutable_view,A1,1
1534,blocking_view,A1,1
1534,nested_view,A2,1
1534,mutable_view,A2,1
1534,blocking_view,A2,1
1534,nested_view,A3,1
1534,mutable_view,A3,1
1534,blocking_view,A3,1
1534,nested_view,A4,1
1534,mutable_view,A4,1
1534,blocking_view,A4,1
1534,nested_view,A5,1
1534,mutable_view,A5,1
1534,blocking_view,A5,1
1534,nested_view,A6,0
1534,mutable_view,A6,1
1534,blocking_view,A6,1
1535,nested_view,A1,1
1535,mutable_view,A1,1
1535,blocking_view,A1,1
1535,nested_view,A2,1
1535,mutable_view,A2,1
1535,blocking_view,A2,1
1535,nested_view,A3,1
1535,mutable_view,A3,1
1535,blocking_view,A3,1
1535,nested_view,A4,1
1535,mutable_view,A4,1
1535,blocking_view,A4,1
1535,nested_view,A5,1
1535,mutable_view,A5,1
1535,blocking_view,A5,1
1535,nested_view,A6,0
1535,mutable_view,A6,1
1535,blocking_view,A6,1
1536,nested_view,A1,1
1536,mutable_view,A1,1
1536,blocking_view,A1,1
1536,nested_view,A2,1
1536,mutable_view,A2,1
1536,blocking_view,A2,1
1536,nested_view,A3,1
1536,mutable_view,A3,1
1536,blocking_view,A3,1
1536,nested_view,A4,1
1536,mutable_view,A4,1
1536,blocking_view,A4,1
1536,nested_view,A5,1
1536,mutable_view,A5,1
1536,blocking_view,A5,0
1536,nested_view,A6,0
1536,mutable_view,A6,1
1536,blocking_view,A6,1
1537,nested_view,A1,0
1537,mutable_view,A1,0
1537,blocking_view,A1,0
1537,nested_view,A2,0
1537,mutable_view,A2,0
1537,blocking_view,A2,0
1537,nested_view,A3,0
1537,mutable_view,A3,0
1537,blocking_view,A3,0
1537,nested_view,A4,0
1537,mutable_view,A4,0
1537,blocking_view,A4,0
1537,nested_view,A5,0
1537,mutable_view,A5,0
1537,blocking_view,A5,0
1537,nested_view,A6,0
1537,mutable_view,A6,1
1537,blocking_view,A6,1
1538,nested_view,A1,1
1538,mutable_view,A1,1
1538,blocking_view,A1,1
1538,nested_view,A2,1
1538,mutable_view,A2,1
1538,blocking_view,A2,1
1538,nested_view,A3,1
1538,mutable_view,A3,1
1538,blocking_view,A3,1
1538,nested_view,A4,1
1538,mutable_view,A4,1
1538,blocking_view,A4,1
1538,nested_view,A5,1
1538,mutable_view,A5,1
1538,blocking_view,A5,1
1538,nested_view,A6,0
1538,mutable_view,A6,1
1538,blocking_view,A6,1
1539,nested_view,A1,1
1539,mutable_view,A1,1
1539,blocking_view,A1,1
1539,nested_view,A2,1
1539,mutable_view,A2,1
1539,blocking_view,A2,1
1539,nested_view,A3,1
1539,mutable_view,A3,1
1539,blocking_view,A3,1
1539,nested_view,A4,1
1539,mutable_view,A4,1
1539,blocking_view,A4,1
1539,nested_view,A5,1
1539,mutable_view,A5,1
1539,blocking_view,A5,0
1539,nested_view,A6,0
1539,mutable_view,A6,1
1539,blocking_view,A6,1
1540,nested_view,A1,1
1540,mutable_view,A1,1
1540,blocking_view,A1,1
1540,nested_view,A2,1
1540,mutable_view,A2,1
1540,blocking_view,A2,1
1540,nested_view,A3,1
1540,mutable_view,A3,1
1540,blocking_view,A3,1
1540,nested_view,A4,1
1540,mutable_view,A4,1
1540,blocking_view,A4,1
1540,nested_view,A5,1
1540,mutable_view,A5,1
1540,blocking_view,A5,0
1540,nested_view,A6,0
1540,mutable_view,A6,1
1540,blocking_view,A6,1
1541,nested_view,A1,1
1541,mutable_view,A1,1
1541,blocking_view,A1,1
1541,nested_view,A2,1
1541,mutable_view,A2,1
1541,blocking_view,A2,1
1541,nested_view,A3,1
1541,mutable_view,A3,1
1541,blocking_view,A3,1
1541,nested_view,A4,1
1541,mutable_view,A4,1
1541,blocking_view,A4,1
1541,nested_view,A5,0
1541,mutable_view,A5,1
1541,blocking_view,A5,1
1541,nested_view,A6,0
1541,mutable_view,A6,1
1541,blocking_view,A6,1
1542,nested_view,A1,1
1542,mutable_view,A1,1
1542,blocking_view,A1,1
1542,nested_view,A2,1
1542,mutable_view,A2,1
1542,blocking_view,A2,1
1542,nested_view,A3,1
1542,mutable_view,A3,1
1542,blocking_view,A3,1
1542,nested_view,A4,1
1542,mutable_view,A4,1
1542,blocking_view,A4,1
1542,nested_view,A5,1
1542,mutable_view,A5,1
1542,blocking_view,A5,1
1542,nested_view,A6,0
1542,mutable_view,A6,1
1542,blocking_view,A6,1
1543,nested_view,A1,1
1543,mutable_view,A1,1
1543,blocking_view,A1,1
1543,nested_view,A2,1
1543,mutable_view,A2,1
1543,blocking_view,A2,1
1543,nested_view,A3,1
1543,mutable_view,A3,1
1543,blocking_view,A3,1
1543,nested_view,A4,1
1543,mutable_view,A4,1
1543,blocking_view,A4,1
1543,nested_view,A5,1
1543,mutable_view,A5,1
1543,blocking_view,A5,1
1543,nested_view,A6,0
1543,mutable_view,A6,1
1543,blocking_view,A6,1
1544,nested_view,A1,1
1544,mutable_view,A1,1
1544,blocking_view,A1,1
1544,nested_view,A2,1
1544,mutable_view,A2,1
1544,blocking_view,A2,1
1544,nested_view,A3,1
1544,mutable_view,A3,1
1544,blocking_view,A3,1
1544,nested_view,A4,1
1544,mutable_view,A4,1
1544,blocking_view,A4,1
1544,nested_view,A5,1
1544,mutable_view,A5,1
1544,blocking_view,A5,1
1544,nested_view,A6,0
1544,mutable_view,A6,1
1544,blocking_view,A6,1
1545,nested_view,A1,1
1545,mutable_view,A1,1
1545,blocking_view,A1,1
1545,nested_view,A2,1
1545,mutable_view,A2,1
1545,blocking_view,A2,1
1545,nested_view,A3,1
1545,mutable_view,A3,1
1545,blocking_view,A3,1
1545,nested_view,A4,1
1545,mutable_view,A4,1
1545,blocking_view,A4,1
1545,nested_view,A5,1
1545,mutable_view,A5,1
1545,blocking_view,A5,1
1545,nested_view,A6,0
1545,mutable_view,A6,1
1545,blocking_view,A6,1
1546,nested_view,A1,1
1546,mutable_view,A1,1
1546,blocking_view,A1,1
1546,nested_view,A2,1
1546,mutable_view,A2,1
1546,blocking_view,A2,1
1546,nested_view,A3,1
1546,mutable_view,A3,1
1546,blocking_view,A3,1
1546,nested_view,A4,1
1546,mutable_view,A4,1
1546,blocking_view,A4,1
1546,nested_view,A5,1
1546,mutable_view,A5,1
1546,blocking_view,A5,1
1546,nested_view,A6,0
1546,mutable_view,A6,1
1546,blocking_view,A6,1
1547,nested_view,A1,1
1547,mutable_view,A1,1
1547,blocking_view,A1,1
1547,nested_view,A2,1
1547,mutable_view,A2,1
1547,blocking_view,A2,1
1547,nested_view,A3,1
1547,mutable_view,A3,1
1547,blocking_view,A3,1
1547,nested_view,A4,1
1547,mutable_view,A4,1
1547,blocking_view,A4,1
1547,nested_view,A5,1
1547,mutable_view,A5,1
1547,blocking_view,A5,1
1547,nested_view,A6,0
1547,mutable_view,A6,1
1547,blocking_view,A6,1
1548,nested_view,A1,1
1548,mutable_view,A1,1
1548,blocking_view,A1,1
1548,nested_view,A2,1
1548,mutable_view,A2,1
1548,blocking_view,A2,1
1548,nested_view,A3,1
1548,mutable_view,A3,1
1548,blocking_view,A3,1
1548,nested_view,A4,1
1548,mutable_view,A4,1
1548,blocking_view,A4,1
1548,nested_view,A5,1
1548,mutable_view,A5,1
1548,blocking_view,A5,1
1548,nested_view,A6,0
1548,mutable_view,A6,1
1548,blocking_view,A6,1
1549,nested_view,A1,1
1549,mutable_view,A1,1
1549,blocking_view,A1,1
1549,nested_view,A2,1
1549,mutable_view,A2,1
1549,blocking_view,A2,1
1549,nested_view,A3,1
1549,mutable_view,A3,1
1549,blocking_view,A3,1
1549,nested_view,A4,1
1549,mutable_view,A4,1
1549,blocking_view,A4,0
1549,nested_view,A5,1
1549,mutable_view,A5,1
1549,blocking_view,A5,1
1549,nested_view,A6,0
1549,mutable_view,A6,1
1549,blocking_view,A6,1
1550,nested_view,A1,1
1550,mutable_view,A1,1
1550,blocking_view,A1,1
1550,nested_view,A2,1
1550,mutable_view,A2,1
1550,blocking_view,A2,1
1550,nested_view,A3,1
1550,mutable_view,A3,1
1550,blocking_view,A3,1
1550,nested_view,A4,1
1550,mutable_view,A4,1
1550,blocking_view,A4,0
1550,nested_view,A5,0
1550,mutable_view,A5,1
1550,blocking_view,A5,1
1550,nested_view,A6,0
1550,mutable_view,A6,1
1550,blocking_view,A6,1
1551,nested_view,A1,1
1551,mutable_view,A1,1
1551,blocking_view,A1,1
1551,nested_view,A2,1
1551,mutable_view,A2,1
1551,blocking_view,A2,1
1551,nested_view,A3,1
1551,mutable_view,A3,1
1551,blocking_view,A3,1
1551,nested_view,A4,1
1551,mutable_view,A4,1
1551,blocking_view,A4,0
1551,nested_view,A5,1
1551,mutable_view,A5,1
1551,blocking_view,A5,1
1551,nested_view,A6,0
1551,mutable_view,A6,0
1551,blocking_view,A6,1
1552,nested_view,A1,1
1552,mutable_view,A1,1
1552,blocking_view,A1,1
1552,nested_view,A2,1
1552,mutable_view,A2,1
1552,blocking_view,A2,1
1552,nested_view,A3,1
1552,mutable_view,A3,1
1552,blocking_view,A3,1
1552,nested_view,A4,1
1552,mutable_view,A4,1
1552,blocking_view,A4,1
1552,nested_view,A5,1
1552,mutable_view,A5,1
1552,blocking_view,A5,1
1552,nested_view,A6,0
1552,mutable_view,A6,1
1552,blocking_view,A6,0
1553,nested_view,A1,1
1553,mutable_view,A1,1
1553,blocking_view,A1,1
1553,nested_view,A2,1
1553,mutable_view,A2,1
1553,blocking_view,A2,1
1553,nested_view,A3,1
1553,mutable_view,A3,1
1553,blocking_view,A3,1
1553,nested_view,A4,1
1553,mutable_view,A4,1
1553,blocking_view,A4,0
1553,nested_view,A5,1
1553,mutable_view,A5,0
1553,blocking_view,A5,1
1553,nested_view,A6,0
1553,mutable_view,A6,1
1553,blocking_view,A6,1
1554,nested_view,A1,1
1554,mutable_view,A1,1
1554,blocking_view,A1,1
1554,nested_view,A2,1
1554,mutable_view,A2,1
1554,blocking_view,A2,1
1554,nested_view,A3,1
1554,mutable_view,A3,1
1554,blocking_view,A3,1
1554,nested_view,A4,1
1554,mutable_view,A4,1
1554,blocking_view,A4,0
1554,nested_view,A5,1
1554,mutable_view,A5,1
1554,blocking_view,A5,1
1554,nested_view,A6,0
1554,mutable_view,A6,1
1554,blocking_view,A6,1
1555,nested_view,A1,1
1555,mutable_view,A1,1
1555,blocking_view,A1,1
1555,nested_view,A2,1
1555,mutable_view,A2,1
1555,blocking_view,A2,1
1555,nested_view,A3,1
1555,mutable_view,A3,1
1555,blocking_view,A3,0
1555,nested_view,A4,1
1555,mutable_view,A4,1
1555,blocking_view,A4,0
1555,nested_view,A5,1
1555,mutable_view,A5,1
1555,blocking_view,A5,0
1555,nested_view,A6,0
1555,mutable_view,A6,1
1555,blocking_view,A6,1
1556,nested_view,A1,1
1556,mutable_view,A1,1
1556,blocking_view,A1,1
1556,nested_view,A2,1
1556,mutable_view,A2,1
1556,blocking_view,A2,1
1556,nested_view,A3,1
1556,mutable_view,A3,1
1556,blocking_view,A3,1
1556,nested_view,A4,1
1556,mutable_view,A4,1
1556,blocking_view,A4,0
1556,nested_view,A5,1
1556,mutable_view,A5,1
1556,blocking_view,A5,1
1556,nested_view,A6,0
1556,mutable_view,A6,1
1556,blocking_view,A6,1
1557,nested_view,A1,1
1557,mutable_view,A1,1
1557,blocking_view,A1,1
1557,nested_view,A2,1
1557,mutable_view,A2,1
1557,blocking_view,A2,1
1557,nested_view,A3,1
1557,mutable_view,A3,1
1557,blocking_view,A3,1
1557,nested_view,A4,1
1557,mutable_view,A4,1
1557,blocking_view,A4,0
1557,nested_view,A5,1
1557,mutable_view,A5,1
1557,blocking_view,A5,1
1557,nested_view,A6,0
1557,mutable_view,A6,1
1557,blocking_view,A6,1
1558,nested_view,A1,1
1558,mutable_view,A1,1
1558,blocking_view,A1,1
1558,nested_view,A2,1
1558,mutable_view,A2,1
1558,blocking_view,A2,1
1558,nested_view,A3,1
1558,mutable_view,A3,1
1558,blocking_view,A3,1
1558,nested_view,A4,1
1558,mutable_view,A4,1
1558,blocking_view,A4,0
1558,nested_view,A5,1
1558,mutable_view,A5,0
1558,blocking_view,A5,0
1558,nested_view,A6,0
1558,mutable_view,A6,1
1558,blocking_view,A6,1
1559,nested_view,A1,1
1559,mutable_view,A1,1
1559,blocking_view,A1,1
1559,nested_view,A2,1
1559,mutable_view,A2,1
1559,blocking_view,A2,1
1559,nested_view,A3,1
1559,mutable_view,A3,1
1559,blocking_view,A3,1
1559,nested_view,A4,1
1559,mutable_view,A4,1
1559,blocking_view,A4,0
1559,nested_view,A5,1
1559,mutable_view,A5,1
1559,blocking_view,A5,1
1559,nested_view,A6,0
1559,mutable_view,A6,1
1559,blocking_view,A6,1
1560,nested_view,A1,1
1560,mutable_view,A1,1
1560,blocking_view,A1,1
1560,nested_view,A2,1
1560,mutable_view,A2,1
1560,blocking_view,A2,1
1560,nested_view,A3,1
1560,mutable_view,A3,1
1560,blocking_view,A3,0
1560,nested_view,A4,1
1560,mutable_view,A4,1
1560,blocking_view,A4,0
1560,nested_view,A5,0
1560,mutable_view,A5,1
1560,blocking_view,A5,0
1560,nested_view,A6,0
1560,mutable_view,A6,1
1560,blocking_view,A6,1
1561,nested_view,A1,1
1561,mutable_view,A1,1
1561,blocking_view,A1,1
1561,nested_view,A2,1
1561,mutable_view,A2,1
1561,blocking_view,A2,1
1561,nested_view,A3,1
1561,mutable_view,A3,1
1561,blocking_view,A3,1
1561,nested_view,A4,1
1561,mutable_view,A4,1
1561,blocking_view,A4,0
1561,nested_view,A5,1
1561,mutable_view,A5,0
1561,blocking_view,A5,1
1561,nested_view,A6,0
1561,mutable_view,A6,1
1561,blocking_view,A6,1
1562,nested_view,A1,1
1562,mutable_view,A1,1
1562,blocking_view,A1,1
1562,nested_view,A2,1
1562,mutable_view,A2,1
1562,blocking_view,A2,1
1562,nested_view,A3,1
1562,mutable_view,A3,1
1562,blocking_view,A3,1
1562,nested_view,A4,1
1562,mutable_view,A4,1
1562,blocking_view,A4,0
1562,nested_view,A5,1
1562,mutable_view,A5,1
1562,blocking_view,A5,1
1562,nested_view,A6,0
1562,mutable_view,A6,1
1562,blocking_view,A6,1
1563,nested_view,A1,1
1563,mutable_view,A1,1
1563,blocking_view,A1,1
1563,nested_view,A2,1
1563,mutable_view,A2,1
1563,blocking_view,A2,1
1563,nested_view,A3,1
1563,mutable_view,A3,1
1563,blocking_view,A3,1
1563,nested_view,A4,1
1563,mutable_view,A4,1
1563,blocking_view,A4,0
1563,nested_view,A5,1
1563,mutable_view,A5,1
1563,blocking_view,A5,1
1563,nested_view,A6,0
1563,mutable_view,A6,1
1563,blocking_view,A6,1
1564,nested_view,A1,1
1564,mutable_view,A1,1
1564,blocking_view,A1,1
1564,nested_view,A2,1
1564,mutable_view,A2,1
1564,blocking_view,A2,1
1564,nested_view,A3,1
1564,mutable_view,A3,1
1564,blocking_view,A3,1
1564,nested_view,A4,1
1564,mutable_view,A4,1
1564,blocking_view,A4,0
1564,nested_view,A5,1
1564,mutable_view,A5,1
1564,blocking_view,A5,1
1564,nested_view,A6,0
1564,mutable_view,A6,1
1564,blocking_view,A6,1
1565,nested_view,A1,1
1565,mutable_view,A1,1
1565,blocking_view,A1,1
1565,nested_view,A2,1
1565,mutable_view,A2,1
1565,blocking_view,A2,1
1565,nested_view,A3,1
1565,mutable_view,A3,1
1565,blocking_view,A3,0
1565,nested_view,A4,1
1565,mutable_view,A4,1
1565,blocking_view,A4,0
1565,nested_view,A5,1
1565,mutable_view,A5,1
1565,blocking_view,A5,0
1565,nested_view,A6,0
1565,mutable_view,A6,1
1565,blocking_view,A6,1
1566,nested_view,A1,1
1566,mutable_view,A1,1
1566,blocking_view,A1,1
1566,nested_view,A2,1
1566,mutable_view,A2,1
1566,blocking_view,A2,1
1566,nested_view,A3,1
1566,mutable_view,A3,1
1566,blocking_view,A3,1
1566,nested_view,A4,1
1566,mutable_view,A4,1
1566,blocking_view,A4,0
1566,nested_view,A5,1
1566,mutable_view,A5,1
1566,blocking_view,A5,0
1566,nested_view,A6,0
1566,mutable_view,A6,1
1566,blocking_view,A6,1
1567,nested_view,A1,1
1567,mutable_view,A1,1
1567,blocking_view,A1,1
1567,nested_view,A2,1
1567,mutable_view,A2,1
1567,blocking_view,A2,1
1567,nested_view,A3,1
1567,mutable_view,A3,1
1567,blocking_view,A3,1
1567,nested_view,A4,1
1567,mutable_view,A4,1
1567,blocking_view,A4,0
1567,nested_view,A5,1
1567,mutable_view,A5,1
1567,blocking_view,A5,1
1567,nested_view,A6,0
1567,mutable_view,A6,1
1567,blocking_view,A6,1
1568,nested_view,A1,1
1568,mutable_view,A1,1
1568,blocking_view,A1,1
1568,nested_view,A2,1
1568,mutable_view,A2,1
1568,blocking_view,A2,1
1568,nested_view,A3,1
1568,mutable_view,A3,1
1568,blocking_view,A3,1
1568,nested_view,A4,1
1568,mutable_view,A4,1
1568,blocking_view,A4,1
1568,nested_view,A5,1
1568,mutable_view,A5,1
1568,blocking_view,A5,1
1568,nested_view,A6,0
1568,mutable_view,A6,1
1568,blocking_view,A6,1
1569,nested_view,A1,1
1569,mutable_view,A1,1
1569,blocking_view,A1,1
1569,nested_view,A2,1
1569,mutable_view,A2,1
1569,blocking_view,A2,1
1569,nested_view,A3,1
1569,mutable_view,A3,1
1569,blocking_view,A3,1
1569,nested_view,A4,1
1569,mutable_view,A4,1
1569,blocking_view,A4,0
1569,nested_view,A5,1
1569,mutable_view,A5,1
1569,blocking_view,A5,1
1569,nested_view,A6,0
1569,mutable_view,A6,1
1569,blocking_view,A6,1
1570,nested_view,A1,1
1570,mutable_view,A1,1
1570,blocking_view,A1,1
1570,nested_view,A2,1
1570,mutable_view,A2,1
1570,blocking_view,A2,1
1570,nested_view,A3,1
1570,mutable_view,A3,1
1570,blocking_view,A3,0
1570,nested_view,A4,1
1570,mutable_view,A4,1
1570,blocking_view,A4,0
1570,nested_view,A5,1
1570,mutable_view,A5,1
1570,blocking_view,A5,0
1570,nested_view,A6,0
1570,mutable_view,A6,0
1570,blocking_view,A6,0
1571,nested_view,A1,1
1571,mutable_view,A1,1
1571,blocking_view,A1,1
1571,nested_view,A2,1
1571,mutable_view,A2,1
1571,blocking_view,A2,1
1571,nested_view,A3,1
1571,mutable_view,A3,1
1571,blocking_view,A3,1
1571,nested_view,A4,1
1571,mutable_view,A4,1
1571,blocking_view,A4,1
1571,nested_view,A5,1
1571,mutable_view,A5,1
1571,blocking_view,A5,1
1571,nested_view,A6,0
1571,mutable_view,A6,1
1571,blocking_view,A6,1
1572,nested_view,A1,1
1572,mutable_view,A1,1
1572,blocking_view,A1,1
1572,nested_view,A2,1
1572,mutable_view,A2,1
1572,blocking_view,A2,1
1572,nested_view,A3,1
1572,mutable_view,A3,1
1572,blocking_view,A3,1
1572,nested_view,A4,1
1572,mutable_view,A4,1
1572,blocking_view,A4,1
1572,nested_view,A5,1
1572,mutable_view,A5,1
1572,blocking_view,A5,1
1572,nested_view,A6,0
1572,mutable_view,A6,1
1572,blocking_view,A6,1
1573,nested_view,A1,1
1573,mutable_view,A1,1
1573,blocking_view,A1,1
1573,nested_view,A2,1
1573,mutable_view,A2,1
1573,blocking_view,A2,1
1573,nested_view,A3,1
1573,mutable_view,A3,1
1573,blocking_view,A3,1
1573,nested_view,A4,1
1573,mutable_view,A4,1
1573,blocking_view,A4,1
1573,nested_view,A5,1
1573,mutable_view,A5,1
1573,blocking_view,A5,1
1573,nested_view,A6,0
1573,mutable_view,A6,1
1573,blocking_view,A6,1
1574,nested_view,A1,1
1574,mutable_view,A1,1
1574,blocking_view,A1,1
1574,nested_view,A2,1
1574,mutable_view,A2,1
1574,blocking_view,A2,1
1574,nested_view,A3,1
1574,mutable_view,A3,1
1574,blocking_view,A3,1
1574,nested_view,A4,1
1574,mutable_view,A4,1
1574,blocking_view,A4,1
1574,nested_view,A5,1
1574,mutable_view,A5,1
1574,blocking_view,A5,1
1574,nested_view,A6,0
1574,mutable_view,A6,1
1574,blocking_view,A6,1
1575,nested_view,A1,1
1575,mutable_view,A1,1
1575,blocking_view,A1,1
1575,nested_view,A2,1
1575,mutable_view,A2,1
1575,blocking_view,A2,1
1575,nested_view,A3,1
1575,mutable_view,A3,1
1575,blocking_view,A3,1
1575,nested_view,A4,1
1575,mutable_view,A4,1
1575,blocking_view,A4,1
1575,nested_view,A5,1
1575,mutable_view,A5,1
1575,blocking_view,A5,1
1575,nested_view,A6,0
1575,mutable_view,A6,1
1575,blocking_view,A6,1
1576,nested_view,A1,1
1576,mutable_view,A1,1
1576,blocking_view,A1,1
1576,nested_view,A2,1
1576,mutable_view,A2,1
1576,blocking_view,A2,1
1576,nested_view,A3,1
1576,mutable_view,A3,1
1576,blocking_view,A3,1
1576,nested_view,A4,1
1576,mutable_view,A4,1
1576,blocking_view,A4,1
1576,nested_view,A5,1
1576,mutable_view,A5,1
1576,blocking_view,A5,1
1576,nested_view,A6,0
1576,mutable_view,A6,1
1576,blocking_view,A6,1
1577,nested_view,A1,1
1577,mutable_view,A1,1
1577,blocking_view,A1,1
1577,nested_view,A2,1
1577,mutable_view,A2,1
1577,blocking_view,A2,1
1577,nested_view,A3,1
1577,mutable_view,A3,1
1577,blocking_view,A3,1
1577,nested_view,A4,1
1577,mutable_view,A4,1
1577,blocking_view,A4,1
1577,nested_view,A5,1
1577,mutable_view,A5,1
1577,blocking_view,A5,1
1577,nested_view,A6,0
1577,mutable_view,A6,1
1577,blocking_view,A6,1
1578,nested_view,A1,1
1578,mutable_view,A1,1
1578,blocking_view,A1,1
1578,nested_view,A2,1
1578,mutable_view,A2,1
1578,blocking_view,A2,1
1578,nested_view,A3,1
1578,mutable_view,A3,1
1578,blocking_view,A3,1
1578,nested_view,A4,1
1578,mutable_view,A4,1
1578,blocking_view,A4,1
1578,nested_view,A5,1
1578,mutable_view,A5,1
1578,blocking_view,A5,1
1578,nested_view,A6,0
1578,mutable_view,A6,1
1578,blocking_view,A6,1
1579,nested_view,A1,1
1579,mutable_view,A1,1
1579,blocking_view,A1,1
1579,nested_view,A2,1
1579,mutable_view,A2,1
1579,blocking_view,A2,1
1579,nested_view,A3,1
1579,mutable_view,A3,1
1579,blocking_view,A3,1
1579,nested_view,A4,1
1579,mutable_view,A4,1
1579,blocking_view,A4,1
1579,nested_view,A5,1
1579,mutable_view,A5,1
1579,blocking_view,A5,1
1579,nested_view,A6,0
1579,mutable_view,A6,1
1579,blocking_view,A6,1
1580,nested_view,A1,1
1580,mutable_view,A1,1
1580,blocking_view,A1,1
1580,nested_view,A2,1
1580,mutable_view,A2,1
1580,blocking_view,A2,1
1580,nested_view,A3,1
1580,mutable_view,A3,1
1580,blocking_view,A3,1
1580,nested_view,A4,1
1580,mutable_view,A4,1
1580,blocking_view,A4,1
1580,nested_view,A5,1
1580,mutable_view,A5,1
1580,blocking_view,A5,1
1580,nested_view,A6,0
1580,mutable_view,A6,1
1580,blocking_view,A6,1
1581,nested_view,A1,1
1581,mutable_view,A1,1
1581,blocking_view,A1,0
1581,nested_view,A2,1
1581,mutable_view,A2,1
1581,blocking_view,A2,0
1581,nested_view,A3,1
1581,mutable_view,A3,1
1581,blocking_view,A3,0
1581,nested_view,A4,1
1581,mutable_view,A4,1
1581,blocking_view,A4,0
1581,nested_view,A5,1
1581,mutable_view,A5,1
1581,blocking_view,A5,0
1581,nested_view,A6,0
1581,mutable_view,A6,0
1581,blocking_view,A6,0
1582,nested_view,A1,0
1582,mutable_view,A1,1
1582,blocking_view,A1,1
1582,nested_view,A2,0
1582,mutable_view,A2,1
1582,blocking_view,A2,1
1582,nested_view,A3,0
1582,mutable_view,A3,1
1582,blocking_view,A3,1
1582,nested_view,A4,0
1582,mutable_view,A4,1
1582,blocking_view,A4,0
1582,nested_view,A5,0
1582,mutable_view,A5,1
1582,blocking_view,A5,0
1582,nested_view,A6,0
1582,mutable_view,A6,1
1582,blocking_view,A6,0
1583,nested_view,A1,0
1583,mutable_view,A1,1
1583,blocking_view,A1,1
1583,nested_view,A2,0
1583,mutable_view,A2,1
1583,blocking_view,A2,1
1583,nested_view,A3,0
1583,mutable_view,A3,1
1583,blocking_view,A3,1
1583,nested_view,A4,0
1583,mutable_view,A4,1
1583,blocking_view,A4,0
1583,nested_view,A5,1
1583,mutable_view,A5,1
1583,blocking_view,A5,1
1583,nested_view,A6,0
1583,mutable_view,A6,1
1583,blocking_view,A6,0
1584,nested_view,A1,1
1584,mutable_view,A1,1
1584,blocking_view,A1,1
1584,nested_view,A2,1
1584,mutable_view,A2,1
1584,blocking_view,A2,1
1584,nested_view,A3,1
1584,mutable_view,A3,1
1584,blocking_view,A3,1
1584,nested_view,A4,1
1584,mutable_view,A4,1
1584,blocking_view,A4,0
1584,nested_view,A5,1
1584,mutable_view,A5,1
1584,blocking_view,A5,1
1584,nested_view,A6,0
1584,mutable_view,A6,0
1584,blocking_view,A6,0
1585,nested_view,A1,1
1585,mutable_view,A1,1
1585,blocking_view,A1,1
1585,nested_view,A2,1
1585,mutable_view,A2,1
1585,blocking_view,A2,1
1585,nested_view,A3,1
1585,mutable_view,A3,1
1585,blocking_view,A3,1
1585,nested_view,A4,1
1585,mutable_view,A4,1
1585,blocking_view,A4,1
1585,nested_view,A5,1
1585,mutable_view,A5,1
1585,blocking_view,A5,1
1585,nested_view,A6,0
1585,mutable_view,A6,0
1585,blocking_view,A6,0
1586,nested_view,A1,1
1586,mutable_view,A1,0
1586,blocking_view,A1,1
1586,nested_view,A2,1
1586,mutable_view,A2,0
1586,blocking_view,A2,1
1586,nested_view,A3,1
1586,mutable_view,A3,0
1586,blocking_view,A3,1
1586,nested_view,A4,1
1586,mutable_view,A4,0
1586,blocking_view,A4,0
1586,nested_view,A5,1
1586,mutable_view,A5,0
1586,blocking_view,A5,1
1586,nested_view,A6,0
1586,mutable_view,A6,0
1586,blocking_view,A6,0
1587,nested_view,A1,1
1587,mutable_view,A1,1
1587,blocking_view,A1,1
1587,nested_view,A2,1
1587,mutable_view,A2,1
1587,blocking_view,A2,1
1587,nested_view,A3,1
1587,mutable_view,A3,1
1587,blocking_view,A3,1
1587,nested_view,A4,1
1587,mutable_view,A4,1
1587,blocking_view,A4,0
1587,nested_view,A5,1
1587,mutable_view,A5,1
1587,blocking_view,A5,1
1587,nested_view,A6,0
1587,mutable_view,A6,0
1587,blocking_view,A6,0
1588,nested_view,A1,1
1588,mutable_view,A1,1
1588,blocking_view,A1,1
1588,nested_view,A2,1
1588,mutable_view,A2,1
1588,blocking_view,A2,1
1588,nested_view,A3,1
1588,mutable_view,A3,1
1588,blocking_view,A3,1
1588,nested_view,A4,1
1588,mutable_view,A4,1
1588,blocking_view,A4,1
1588,nested_view,A5,1
1588,mutable_view,A5,1
1588,blocking_view,A5,1
1588,nested_view,A6,0
1588,mutable_view,A6,1
1588,blocking_view,A6,1
1589,nested_view,A1,0
1589,mutable_view,A1,1
1589,blocking_view,A1,1
1589,nested_view,A2,0
1589,mutable_view,A2,1
1589,blocking_view,A2,1
1589,nested_view,A3,0
1589,mutable_view,A3,1
1589,blocking_view,A3,1
1589,nested_view,A4,0
1589,mutable_view,A4,1
1589,blocking_view,A4,0
1589,nested_view,A5,0
1589,mutable_view,A5,0
1589,blocking_view,A5,1
1589,nested_view,A6,0
1589,mutable_view,A6,0
1589,blocking_view,A6,0
1590,nested_view,A1,0
1590,mutable_view,A1,1
1590,blocking_view,A1,1
1590,nested_view,A2,0
1590,mutable_view,A2,1
1590,blocking_view,A2,1
1590,nested_view,A3,0
1590,mutable_view,A3,1
1590,blocking_view,A3,0
1590,nested_view,A4,0
1590,mutable_view,A4,1
1590,blocking_view,A4,0
1590,nested_view,A5,0
1590,mutable_view,A5,1
1590,blocking_view,A5,0
1590,nested_view,A6,0
1590,mutable_view,A6,1
1590,blocking_view,A6,0
1591,nested_view,A1,1
1591,mutable_view,A1,0
1591,blocking_view,A1,1
1591,nested_view,A2,1
1591,mutable_view,A2,0
1591,blocking_view,A2,1
1591,nested_view,A3,1
1591,mutable_view,A3,0
1591,blocking_view,A3,1
1591,nested_view,A4,1
1591,mutable_view,A4,0
1591,blocking_view,A4,0
1591,nested_view,A5,1
1591,mutable_view,A5,0
1591,blocking_view,A5,1
1591,nested_view,A6,0
1591,mutable_view,A6,0
1591,blocking_view,A6,0
1592,nested_view,A1,1
1592,mutable_view,A1,0
1592,blocking_view,A1,1
1592,nested_view,A2,1
1592,mutable_view,A2,0
1592,blocking_view,A2,1
1592,nested_view,A3,1
1592,mutable_view,A3,0
1592,blocking_view,A3,1
1592,nested_view,A4,1
1592,mutable_view,A4,0
1592,blocking_view,A4,0
1592,nested_view,A5,1
1592,mutable_view,A5,0
1592,blocking_view,A5,0
1592,nested_view,A6,0
1592,mutable_view,A6,0
1592,blocking_view,A6,0
1593,nested_view,A1,1
1593,mutable_view,A1,0
1593,blocking_view,A1,1
1593,nested_view,A2,1
1593,mutable_view,A2,0
1593,blocking_view,A2,1
1593,nested_view,A3,1
1593,mutable_view,A3,0
1593,blocking_view,A3,1
1593,nested_view,A4,1
1593,mutable_view,A4,0
1593,blocking_view,A4,0
1593,nested_view,A5,1
1593,mutable_view,A5,0
1593,blocking_view,A5,1
1593,nested_view,A6,0
1593,mutable_view,A6,0
1593,blocking_view,A6,0
1594,nested_view,A1,1
1594,mutable_view,A1,0
1594,blocking_view,A1,1
1594,nested_view,A2,1
1594,mutable_view,A2,0
1594,blocking_view,A2,1
1594,nested_view,A3,1
1594,mutable_view,A3,0
1594,blocking_view,A3,1
1594,nested_view,A4,1
1594,mutable_view,A4,0
1594,blocking_view,A4,0
1594,nested_view,A5,1
1594,mutable_view,A5,1
1594,blocking_view,A5,1
1594,nested_view,A6,0
1594,mutable_view,A6,0
1594,blocking_view,A6,0
1595,nested_view,A1,1
1595,mutable_view,A1,0
1595,blocking_view,A1,1
1595,nested_view,A2,1
1595,mutable_view,A2,0
1595,blocking_view,A2,1
1595,nested_view,A3,1
1595,mutable_view,A3,0
1595,blocking_view,A3,0
1595,nested_view,A4,1
1595,mutable_view,A4,0
1595,blocking_view,A4,0
1595,nested_view,A5,1
1595,mutable_view,A5,0
1595,blocking_view,A5,0
1595,nested_view,A6,0
1595,mutable_view,A6,0
1595,blocking_view,A6,0
1596,nested_view,A1,0
1596,mutable_view,A1,1
1596,blocking_view,A1,1
1596,nested_view,A2,0
1596,mutable_view,A2,1
1596,blocking_view,A2,1
1596,nested_view,A3,0
1596,mutable_view,A3,1
1596,blocking_view,A3,1
1596,nested_view,A4,0
1596,mutable_view,A4,1
1596,blocking_view,A4,0
1596,nested_view,A5,0
1596,mutable_view,A5,1
1596,blocking_view,A5,1
1596,nested_view,A6,0
1596,mutable_view,A6,1
1596,blocking_view,A6,0
1597,nested_view,A1,1
1597,mutable_view,A1,1
1597,blocking_view,A1,0
1597,nested_view,A2,1
1597,mutable_view,A2,1
1597,blocking_view,A2,0
1597,nested_view,A3,1
1597,mutable_view,A3,1
1597,blocking_view,A3,0
1597,nested_view,A4,1
1597,mutable_view,A4,1
1597,blocking_view,A4,1
1597,nested_view,A5,1
1597,mutable_view,A5,1
1597,blocking_view,A5,0
1597,nested_view,A6,0
1597,mutable_view,A6,0
1597,blocking_view,A6,0
1598,nested_view,A1,1
1598,mutable_view,A1,1
1598,blocking_view,A1,1
1598,nested_view,A2,1
1598,mutable_view,A2,1
1598,blocking_view,A2,1
1598,nested_view,A3,1
1598,mutable_view,A3,1
1598,blocking_view,A3,1
1598,nested_view,A4,1
1598,mutable_view,A4,1
1598,blocking_view,A4,0
1598,nested_view,A5,0
1598,mutable_view,A5,1
1598,blocking_view,A5,1
1598,nested_view,A6,0
1598,mutable_view,A6,0
1598,blocking_view,A6,0
1599,nested_view,A1,0
1599,mutable_view,A1,1
1599,blocking_view,A1,1
1599,nested_view,A2,0
1599,mutable_view,A2,1
1599,blocking_view,A2,1
1599,nested_view,A3,0
1599,mutable_view,A3,1
1599,blocking_view,A3,1
1599,nested_view,A4,0
1599,mutable_view,A4,1
1599,blocking_view,A4,0
1599,nested_view,A5,0
1599,mutable_view,A5,0
1599,blocking_view,A5,1
1599,nested_view,A6,0
1599,mutable_view,A6,0
1599,blocking_view,A6,0
1600,nested_view,A1,0
1600,mutable_view,A1,1
1600,blocking_view,A1,1
1600,nested_view,A2,0
1600,mutable_view,A2,1
1600,blocking_view,A2,1
1600,nested_view,A3,0
1600,mutable_view,A3,1
1600,blocking_view,A3,1
1600,nested_view,A4,0
1600,mutable_view,A4,1
1600,blocking_view,A4,0
1600,nested_view,A5,0
1600,mutable_view,A5,1
1600,blocking_view,A5,1
1600,nested_view,A6,0
1600,mutable_view,A6,0
1600,blocking_view,A6,0
1601,nested_view,A1,0
1601,mutable_view,A1,1
1601,blocking_view,A1,1
1601,nested_view,A2,0
1601,mutable_view,A2,1
1601,blocking_view,A2,1
1601,nested_view,A3,0
1601,mutable_view,A3,1
1601,blocking_view,A3,1
1601,nested_view,A4,0
1601,mutable_view,A4,1
1601,blocking_view,A4,0
1601,nested_view,A5,0
1601,mutable_view,A5,1
1601,blocking_view,A5,1
1601,nested_view,A6,0
1601,mutable_view,A6,0
1601,blocking_view,A6,0
1602,nested_view,A1,0
1602,mutable_view,A1,1
1602,blocking_view,A1,1
1602,nested_view,A2,0
1602,mutable_view,A2,1
1602,blocking_view,A2,1
1602,nested_view,A3,0
1602,mutable_view,A3,1
1602,blocking_view,A3,1
1602,nested_view,A4,0
1602,mutable_view,A4,1
1602,blocking_view,A4,0
1602,nested_view,A5,0
1602,mutable_view,A5,1
1602,blocking_view,A5,1
1602,nested_view,A6,0
1602,mutable_view,A6,0
1602,blocking_view,A6,0
1603,nested_view,A1,0
1603,mutable_view,A1,1
1603,blocking_view,A1,1
1603,nested_view,A2,0
1603,mutable_view,A2,1
1603,blocking_view,A2,1
1603,nested_view,A3,0
1603,mutable_view,A3,1
1603,blocking_view,A3,1
1603,nested_view,A4,0
1603,mutable_view,A4,1
1603,blocking_view,A4,0
1603,nested_view,A5,0
1603,mutable_view,A5,1
1603,blocking_view,A5,1
1603,nested_view,A6,0
1603,mutable_view,A6,0
1603,blocking_view,A6,0
1604,nested_view,A1,0
1604,mutable_view,A1,1
1604,blocking_view,A1,1
1604,nested_view,A2,0
1604,mutable_view,A2,1
1604,blocking_view,A2,1
1604,nested_view,A3,0
1604,mutable_view,A3,1
1604,blocking_view,A3,1
1604,nested_view,A4,0
1604,mutable_view,A4,1
1604,blocking_view,A4,0
1604,nested_view,A5,0
1604,mutable_view,A5,1
1604,blocking_view,A5,1
1604,nested_view,A6,0
1604,mutable_view,A6,0
1604,blocking_view,A6,0
1605,nested_view,A1,0
1605,mutable_view,A1,1
1605,blocking_view,A1,1
1605,nested_view,A2,0
1605,mutable_view,A2,1
1605,blocking_view,A2,1
1605,nested_view,A3,0
1605,mutable_view,A3,1
1605,blocking_view,A3,0
1605,nested_view,A4,0
1605,mutable_view,A4,1
1605,blocking_view,A4,0
1605,nested_view,A5,0
1605,mutable_view,A5,1
1605,blocking_view,A5,0
1605,nested_view,A6,0
1605,mutable_view,A6,0
1605,blocking_view,A6,0
1606,nested_view,A1,0
1606,mutable_view,A1,1
1606,blocking_view,A1,1
1606,nested_view,A2,0
1606,mutable_view,A2,1
1606,blocking_view,A2,1
1606,nested_view,A3,0
1606,mutable_view,A3,1
1606,blocking_view,A3,1
1606,nested_view,A4,0
1606,mutable_view,A4,1
1606,blocking_view,A4,0
1606,nested_view,A5,0
1606,mutable_view,A5,1
1606,blocking_view,A5,1
1606,nested_view,A6,0
1606,mutable_view,A6,0
1606,blocking_view,A6,0
1607,nested_view,A1,1
1607,mutable_view,A1,1
1607,blocking_view,A1,1
1607,nested_view,A2,1
1607,mutable_view,A2,1
1607,blocking_view,A2,1
1607,nested_view,A3,1
1607,mutable_view,A3,1
1607,blocking_view,A3,1
1607,nested_view,A4,0
1607,mutable_view,A4,1
1607,blocking_view,A4,0
1607,nested_view,A5,1
1607,mutable_view,A5,1
1607,blocking_view,A5,1
1607,nested_view,A6,0
1607,mutable_view,A6,0
1607,blocking_view,A6,0
1608,nested_view,A1,0
1608,mutable_view,A1,1
1608,blocking_view,A1,1
1608,nested_view,A2,0
1608,mutable_view,A2,1
1608,blocking_view,A2,1
1608,nested_view,A3,0
1608,mutable_view,A3,1
1608,blocking_view,A3,1
1608,nested_view,A4,0
1608,mutable_view,A4,1
1608,blocking_view,A4,0
1608,nested_view,A5,0
1608,mutable_view,A5,1
1608,blocking_view,A5,1
1608,nested_view,A6,0
1608,mutable_view,A6,0
1608,blocking_view,A6,0
1609,nested_view,A1,0
1609,mutable_view,A1,1
1609,blocking_view,A1,1
1609,nested_view,A2,0
1609,mutable_view,A2,1
1609,blocking_view,A2,1
1609,nested_view,A3,0
1609,mutable_view,A3,1
1609,blocking_view,A3,1
1609,nested_view,A4,0
1609,mutable_view,A4,1
1609,blocking_view,A4,0
1609,nested_view,A5,0
1609,mutable_view,A5,1
1609,blocking_view,A5,0
1609,nested_view,A6,0
1609,mutable_view,A6,0
1609,blocking_view,A6,0
1610,nested_view,A1,1
1610,mutable_view,A1,1
1610,blocking_view,A1,1
1610,nested_view,A2,1
1610,mutable_view,A2,1
1610,blocking_view,A2,1
1610,nested_view,A3,1
1610,mutable_view,A3,1
1610,blocking_view,A3,1
1610,nested_view,A4,0
1610,mutable_view,A4,1
1610,blocking_view,A4,1
1610,nested_view,A5,1
1610,mutable_view,A5,1
1610,blocking_view,A5,1
1610,nested_view,A6,0
1610,mutable_view,A6,1
1610,blocking_view,A6,1
1611,nested_view,A1,0
1611,mutable_view,A1,1
1611,blocking_view,A1,1
1611,nested_view,A2,0
1611,mutable_view,A2,1
1611,blocking_view,A2,1
1611,nested_view,A3,0
1611,mutable_view,A3,1
1611,blocking_view,A3,1
1611,nested_view,A4,0
1611,mutable_view,A4,1
1611,blocking_view,A4,0
1611,nested_view,A5,0
1611,mutable_view,A5,0
1611,blocking_view,A5,1
1611,nested_view,A6,0
1611,mutable_view,A6,0
1611,blocking_view,A6,0
1612,nested_view,A1,1
1612,mutable_view,A1,1
1612,blocking_view,A1,1
1612,nested_view,A2,1
1612,mutable_view,A2,1
1612,blocking_view,A2,1
1612,nested_view,A3,1
1612,mutable_view,A3,1
1612,blocking_view,A3,1
1612,nested_view,A4,0
1612,mutable_view,A4,1
1612,blocking_view,A4,0
1612,nested_view,A5,1
1612,mutable_view,A5,1
1612,blocking_view,A5,1
1612,nested_view,A6,0
1612,mutable_view,A6,0
1612,blocking_view,A6,0
1613,nested_view,A1,0
1613,mutable_view,A1,1
1613,blocking_view,A1,1
1613,nested_view,A2,0
1613,mutable_view,A2,1
1613,blocking_view,A2,1
1613,nested_view,A3,0
1613,mutable_view,A3,1
1613,blocking_view,A3,1
1613,nested_view,A4,0
1613,mutable_view,A4,1
1613,blocking_view,A4,0
1613,nested_view,A5,0
1613,mutable_view,A5,1
1613,blocking_view,A5,1
1613,nested_view,A6,0
1613,mutable_view,A6,1
1613,blocking_view,A6,1
1614,nested_view,A1,0
1614,mutable_view,A1,1
1614,blocking_view,A1,1
1614,nested_view,A2,0
1614,mutable_view,A2,1
1614,blocking_view,A2,1
1614,nested_view,A3,0
1614,mutable_view,A3,1
1614,blocking_view,A3,1
1614,nested_view,A4,0
1614,mutable_view,A4,1
1614,blocking_view,A4,0
1614,nested_view,A5,0
1614,mutable_view,A5,0
1614,blocking_view,A5,0
1614,nested_view,A6,0
1614,mutable_view,A6,0
1614,blocking_view,A6,0
1615,nested_view,A1,0
1615,mutable_view,A1,1
1615,blocking_view,A1,1
1615,nested_view,A2,0
1615,mutable_view,A2,1
1615,blocking_view,A2,1
1615,nested_view,A3,0
1615,mutable_view,A3,1
1615,blocking_view,A3,0
1615,nested_view,A4,0
1615,mutable_view,A4,1
1615,blocking_view,A4,0
1615,nested_view,A5,0
1615,mutable_view,A5,1
1615,blocking_view,A5,0
1615,nested_view,A6,0
1615,mutable_view,A6,0
1615,blocking_view,A6,0
1616,nested_view,A1,0
1616,mutable_view,A1,1
1616,blocking_view,A1,1
1616,nested_view,A2,0
1616,mutable_view,A2,1
1616,blocking_view,A2,1
1616,nested_view,A3,0
1616,mutable_view,A3,1
1616,blocking_view,A3,1
1616,nested_view,A4,0
1616,mutable_view,A4,1
1616,blocking_view,A4,0
1616,nested_view,A5,0
1616,mutable_view,A5,1
1616,blocking_view,A5,1
1616,nested_view,A6,0
1616,mutable_view,A6,0
1616,blocking_view,A6,0
1617,nested_view,A1,1
1617,mutable_view,A1,1
1617,blocking_view,A1,1
1617,nested_view,A2,1
1617,mutable_view,A2,1
1617,blocking_view,A2,1
1617,nested_view,A3,1
1617,mutable_view,A3,1
1617,blocking_view,A3,1
1617,nested_view,A4,1
1617,mutable_view,A4,1
1617,blocking_view,A4,0
1617,nested_view,A5,1
1617,mutable_view,A5,1
1617,blocking_view,A5,1
1617,nested_view,A6,0
1617,mutable_view,A6,0
1617,blocking_view,A6,0
1618,nested_view,A1,1
1618,mutable_view,A1,1
1618,blocking_view,A1,1
1618,nested_view,A2,1
1618,mutable_view,A2,1
1618,blocking_view,A2,1
1618,nested_view,A3,1
1618,mutable_view,A3,1
1618,blocking_view,A3,1
1618,nested_view,A4,1
1618,mutable_view,A4,1
1618,blocking_view,A4,1
1618,nested_view,A5,1
1618,mutable_view,A5,0
1618,blocking_view,A5,1
1618,nested_view,A6,0
1618,mutable_view,A6,0
1618,blocking_view,A6,0
1619,nested_view,A1,1
1619,mutable_view,A1,1
1619,blocking_view,A1,1
1619,nested_view,A2,1
1619,mutable_view,A2,1
1619,blocking_view,A2,1
1619,nested_view,A3,1
1619,mutable_view,A3,1
1619,blocking_view,A3,1
1619,nested_view,A4,1
1619,mutable_view,A4,1
1619,blocking_view,A4,1
1619,nested_view,A5,1
1619,mutable_view,A5,1
1619,blocking_view,A5,1
1619,nested_view,A6,0
1619,mutable_view,A6,1
1619,blocking_view,A6,1
1620,nested_view,A1,0
1620,mutable_view,A1,1
1620,blocking_view,A1,1
1620,nested_view,A2,0
1620,mutable_view,A2,1
1620,blocking_view,A2,1
1620,nested_view,A3,0
1620,mutable_view,A3,1
1620,blocking_view,A3,0
1620,nested_view,A4,0
1620,mutable_view,A4,1
1620,blocking_view,A4,0
1620,nested_view,A5,0
1620,mutable_view,A5,1
1620,blocking_view,A5,0
1620,nested_view,A6,0
1620,mutable_view,A6,0
1620,blocking_view,A6,0
1621,nested_view,A1,0
1621,mutable_view,A1,1
1621,blocking_view,A1,1
1621,nested_view,A2,0
1621,mutable_view,A2,1
1621,blocking_view,A2,1
1621,nested_view,A3,0
1621,mutable_view,A3,1
1621,blocking_view,A3,1
1621,nested_view,A4,0
1621,mutable_view,A4,1
1621,blocking_view,A4,0
1621,nested_view,A5,0
1621,mutable_view,A5,1
1621,blocking_view,A5,1
1621,nested_view,A6,0
1621,mutable_view,A6,1
1621,blocking_view,A6,0
1622,nested_view,A1,0
1622,mutable_view,A1,1
1622,blocking_view,A1,1
1622,nested_view,A2,0
1622,mutable_view,A2,1
1622,blocking_view,A2,1
1622,nested_view,A3,0
1622,mutable_view,A3,1
1622,blocking_view,A3,1
1622,nested_view,A4,0
1622,mutable_view,A4,1
1622,blocking_view,A4,0
1622,nested_view,A5,0
1622,mutable_view,A5,1
1622,blocking_view,A5,1
1622,nested_view,A6,0
1622,mutable_view,A6,1
1622,blocking_view,A6,0
1623,nested_view,A1,0
1623,mutable_view,A1,1
1623,blocking_view,A1,1
1623,nested_view,A2,0
1623,mutable_view,A2,1
1623,blocking_view,A2,1
1623,nested_view,A3,0
1623,mutable_view,A3,1
1623,blocking_view,A3,1
1623,nested_view,A4,0
1623,mutable_view,A4,1
1623,blocking_view,A4,0
1623,nested_view,A5,0
1623,mutable_view,A5,1
1623,blocking_view,A5,1
1623,nested_view,A6,0
1623,mutable_view,A6,0
1623,blocking_view,A6,0
1624,nested_view,A1,1
1624,mutable_view,A1,1
1624,blocking_view,A1,1
1624,nested_view,A2,1
1624,mutable_view,A2,1
1624,blocking_view,A2,1
1624,nested_view,A3,1
1624,mutable_view,A3,1
1624,blocking_view,A3,1
1624,nested_view,A4,1
1624,mutable_view,A4,1
1624,blocking_view,A4,0
1624,nested_view,A5,0
1624,mutable_view,A5,1
1624,blocking_view,A5,1
1624,nested_view,A6,0
1624,mutable_view,A6,0
1624,blocking_view,A6,0
1625,nested_view,A1,1
1625,mutable_view,A1,1
1625,blocking_view,A1,1
1625,nested_view,A2,1
1625,mutable_view,A2,1
1625,blocking_view,A2,1
1625,nested_view,A3,1
1625,mutable_view,A3,1
1625,blocking_view,A3,1
1625,nested_view,A4,1
1625,mutable_view,A4,1
1625,blocking_view,A4,1
1625,nested_view,A5,1
1625,mutable_view,A5,1
1625,blocking_view,A5,1
1625,nested_view,A6,0
1625,mutable_view,A6,0
1625,blocking_view,A6,0
1626,nested_view,A1,1
1626,mutable_view,A1,1
1626,blocking_view,A1,1
1626,nested_view,A2,1
1626,mutable_view,A2,1
1626,blocking_view,A2,1
1626,nested_view,A3,1
1626,mutable_view,A3,1
1626,blocking_view,A3,1
1626,nested_view,A4,1
1626,mutable_view,A4,1
1626,blocking_view,A4,1
1626,nested_view,A5,1
1626,mutable_view,A5,1
1626,blocking_view,A5,1
1626,nested_view,A6,0
1626,mutable_view,A6,0
1626,blocking_view,A6,0
1627,nested_view,A1,1
1627,mutable_view,A1,1
1627,blocking_view,A1,1
1627,nested_view,A2,1
1627,mutable_view,A2,1
1627,blocking_view,A2,1
1627,nested_view,A3,1
1627,mutable_view,A3,1
1627,blocking_view,A3,1
1627,nested_view,A4,1
1627,mutable_view,A4,1
1627,blocking_view,A4,0
1627,nested_view,A5,1
1627,mutable_view,A5,1
1627,blocking_view,A5,1
1627,nested_view,A6,0
1627,mutable_view,A6,0
1627,blocking_view,A6,0
1628,nested_view,A1,1
1628,mutable_view,A1,1
1628,blocking_view,A1,1
1628,nested_view,A2,1
1628,mutable_view,A2,1
1628,blocking_view,A2,1
1628,nested_view,A3,1
1628,mutable_view,A3,1
1628,blocking_view,A3,1
1628,nested_view,A4,1
1628,mutable_view,A4,1
1628,blocking_view,A4,0
1628,nested_view,A5,1
1628,mutable_view,A5,1
1628,blocking_view,A5,1
1628,nested_view,A6,0
1628,mutable_view,A6,0
1628,blocking_view,A6,0
1629,nested_view,A1,1
1629,mutable_view,A1,1
1629,blocking_view,A1,1
1629,nested_view,A2,1
1629,mutable_view,A2,1
1629,blocking_view,A2,1
1629,nested_view,A3,1
1629,mutable_view,A3,1
1629,blocking_view,A3,1
1629,nested_view,A4,1
1629,mutable_view,A4,1
1629,blocking_view,A4,0
1629,nested_view,A5,1
1629,mutable_view,A5,0
1629,blocking_view,A5,1
1629,nested_view,A6,0
1629,mutable_view,A6,0
1629,blocking_view,A6,0
1630,nested_view,A1,1
1630,mutable_view,A1,1
1630,blocking_view,A1,1
1630,nested_view,A2,1
1630,mutable_view,A2,1
1630,blocking_view,A2,1
1630,nested_view,A3,1
1630,mutable_view,A3,1
1630,blocking_view,A3,0
1630,nested_view,A4,1
1630,mutable_view,A4,1
1630,blocking_view,A4,0
1630,nested_view,A5,1
1630,mutable_view,A5,1
1630,blocking_view,A5,0
1630,nested_view,A6,0
1630,mutable_view,A6,0
1630,blocking_view,A6,0
1631,nested_view,A1,0
1631,mutable_view,A1,1
1631,blocking_view,A1,1
1631,nested_view,A2,0
1631,mutable_view,A2,1
1631,blocking_view,A2,1
1631,nested_view,A3,0
1631,mutable_view,A3,1
1631,blocking_view,A3,1
1631,nested_view,A4,0
1631,mutable_view,A4,1
1631,blocking_view,A4,0
1631,nested_view,A5,0
1631,mutable_view,A5,1
1631,blocking_view,A5,0
1631,nested_view,A6,0
1631,mutable_view,A6,1
1631,blocking_view,A6,1
1632,nested_view,A1,0
1632,mutable_view,A1,0
1632,blocking_view,A1,0
1632,nested_view,A2,0
1632,mutable_view,A2,0
1632,blocking_view,A2,0
1632,nested_view,A3,0
1632,mutable_view,A3,0
1632,blocking_view,A3,0
1632,nested_view,A4,0
1632,mutable_view,A4,0
1632,blocking_view,A4,0
1632,nested_view,A5,0
1632,mutable_view,A5,0
1632,blocking_view,A5,0
1632,nested_view,A6,0
1632,mutable_view,A6,0
1632,blocking_view,A6,0
1633,nested_view,A1,1
1633,mutable_view,A1,1
1633,blocking_view,A1,1
1633,nested_view,A2,1
1633,mutable_view,A2,1
1633,blocking_view,A2,1
1633,nested_view,A3,1
1633,mutable_view,A3,1
1633,blocking_view,A3,1
1633,nested_view,A4,0
1633,mutable_view,A4,1
1633,blocking_view,A4,1
1633,nested_view,A5,1
1633,mutable_view,A5,1
1633,blocking_view,A5,1
1633,nested_view,A6,0
1633,mutable_view,A6,1
1633,blocking_view,A6,1
1634,nested_view,A1,0
1634,mutable_view,A1,1
1634,blocking_view,A1,1
1634,nested_view,A2,0
1634,mutable_view,A2,1
1634,blocking_view,A2,1
1634,nested_view,A3,0
1634,mutable_view,A3,1
1634,blocking_view,A3,1
1634,nested_view,A4,0
1634,mutable_view,A4,1
1634,blocking_view,A4,0
1634,nested_view,A5,0
1634,mutable_view,A5,1
1634,blocking_view,A5,1
1634,nested_view,A6,0
1634,mutable_view,A6,1
1634,blocking_view,A6,0
1635,nested_view,A1,0
1635,mutable_view,A1,1
1635,blocking_view,A1,1
1635,nested_view,A2,0
1635,mutable_view,A2,1
1635,blocking_view,A2,1
1635,nested_view,A3,0
1635,mutable_view,A3,1
1635,blocking_view,A3,0
1635,nested_view,A4,0
1635,mutable_view,A4,1
1635,blocking_view,A4,0
1635,nested_view,A5,0
1635,mutable_view,A5,1
1635,blocking_view,A5,0
1635,nested_view,A6,0
1635,mutable_view,A6,0
1635,blocking_view,A6,0
1636,nested_view,A1,0
1636,mutable_view,A1,1
1636,blocking_view,A1,1
1636,nested_view,A2,0
1636,mutable_view,A2,1
1636,blocking_view,A2,1
1636,nested_view,A3,0
1636,mutable_view,A3,1
1636,blocking_view,A3,1
1636,nested_view,A4,0
1636,mutable_view,A4,1
1636,blocking_view,A4,0
1636,nested_view,A5,0
1636,mutable_view,A5,1
1636,blocking_view,A5,1
1636,nested_view,A6,0
1636,mutable_view,A6,0
1636,blocking_view,A6,0
1637,nested_view,A1,1
1637,mutable_view,A1,1
1637,blocking_view,A1,1
1637,nested_view,A2,1
1637,mutable_view,A2,1
1637,blocking_view,A2,1
1637,nested_view,A3,1
1637,mutable_view,A3,1
1637,blocking_view,A3,1
1637,nested_view,A4,1
1637,mutable_view,A4,1
1637,blocking_view,A4,0
1637,nested_view,A5,1
1637,mutable_view,A5,1
1637,blocking_view,A5,0
1637,nested_view,A6,0
1637,mutable_view,A6,0
1637,blocking_view,A6,0
1638,nested_view,A1,1
1638,mutable_view,A1,1
1638,blocking_view,A1,1
1638,nested_view,A2,1
1638,mutable_view,A2,1
1638,blocking_view,A2,1
1638,nested_view,A3,1
1638,mutable_view,A3,1
1638,blocking_view,A3,1
1638,nested_view,A4,1
1638,mutable_view,A4,1
1638,blocking_view,A4,1
1638,nested_view,A5,1
1638,mutable_view,A5,1
1638,blocking_view,A5,1
1638,nested_view,A6,0
1638,mutable_view,A6,0
1638,blocking_view,A6,0
1639,nested_view,A1,1
1639,mutable_view,A1,1
1639,blocking_view,A1,1
1639,nested_view,A2,1
1639,mutable_view,A2,1
1639,blocking_view,A2,1
1639,nested_view,A3,1
1639,mutable_view,A3,1
1639,blocking_view,A3,1
1639,nested_view,A4,1
1639,mutable_view,A4,1
1639,blocking_view,A4,1
1639,nested_view,A5,1
1639,mutable_view,A5,1
1639,blocking_view,A5,1
1639,nested_view,A6,0
1639,mutable_view,A6,0
1639,blocking_view,A6,0
1640,nested_view,A1,1
1640,mutable_view,A1,1
1640,blocking_view,A1,1
1640,nested_view,A2,1
1640,mutable_view,A2,1
1640,blocking_view,A2,1
1640,nested_view,A3,1
1640,mutable_view,A3,1
1640,blocking_view,A3,0
1640,nested_view,A4,1
1640,mutable_view,A4,1
1640,blocking_view,A4,0
1640,nested_view,A5,1
1640,mutable_view,A5,1
1640,blocking_view,A5,0
1640,nested_view,A6,0
1640,mutable_view,A6,0
1640,blocking_view,A6,0
1641,nested_view,A1,1
1641,mutable_view,A1,1
1641,blocking_view,A1,1
1641,nested_view,A2,1
1641,mutable_view,A2,1
1641,blocking_view,A2,1
1641,nested_view,A3,1
1641,mutable_view,A3,1
1641,blocking_view,A3,1
1641,nested_view,A4,1
1641,mutable_view,A4,1
1641,blocking_view,A4,0
1641,nested_view,A5,1
1641,mutable_view,A5,1
1641,blocking_view,A5,1
1641,nested_view,A6,0
1641,mutable_view,A6,0
1641,blocking_view,A6,0
1642,nested_view,A1,1
1642,mutable_view,A1,1
1642,blocking_view,A1,1
1642,nested_view,A2,1
1642,mutable_view,A2,1
1642,blocking_view,A2,1
1642,nested_view,A3,1
1642,mutable_view,A3,1
1642,blocking_view,A3,1
1642,nested_view,A4,1
1642,mutable_view,A4,1
1642,blocking_view,A4,0
1642,nested_view,A5,1
1642,mutable_view,A5,1
1642,blocking_view,A5,1
1642,nested_view,A6,0
1642,mutable_view,A6,0
1642,blocking_view,A6,0
1643,nested_view,A1,1
1643,mutable_view,A1,1
1643,blocking_view,A1,1
1643,nested_view,A2,1
1643,mutable_view,A2,1
1643,blocking_view,A2,1
1643,nested_view,A3,1
1643,mutable_view,A3,1
1643,blocking_view,A3,1
1643,nested_view,A4,1
1643,mutable_view,A4,1
1643,blocking_view,A4,0
1643,nested_view,A5,1
1643,mutable_view,A5,1
1643,blocking_view,A5,1
1643,nested_view,A6,0
1643,mutable_view,A6,0
1643,blocking_view,A6,0
1644,nested_view,A1,0
1644,mutable_view,A1,0
1644,blocking_view,A1,0
1644,nested_view,A2,0
1644,mutable_view,A2,0
1644,blocking_view,A2,0
1644,nested_view,A3,0
1644,mutable_view,A3,0
1644,blocking_view,A3,0
1644,nested_view,A4,0
1644,mutable_view,A4,0
1644,blocking_view,A4,0
1644,nested_view,A5,0
1644,mutable_view,A5,0
1644,blocking_view,A5,0
1644,nested_view,A6,0
1644,mutable_view,A6,0
1644,blocking_view,A6,0
1645,nested_view,A1,1
1645,mutable_view,A1,1
1645,blocking_view,A1,0
1645,nested_view,A2,1
1645,mutable_view,A2,1
1645,blocking_view,A2,0
1645,nested_view,A3,1
1645,mutable_view,A3,1
1645,blocking_view,A3,0
1645,nested_view,A4,1
1645,mutable_view,A4,1
1645,blocking_view,A4,0
1645,nested_view,A5,1
1645,mutable_view,A5,1
1645,blocking_view,A5,0
1645,nested_view,A6,0
1645,mutable_view,A6,0
1645,blocking_view,A6,0
1646,nested_view,A1,1
1646,mutable_view,A1,1
1646,blocking_view,A1,0
1646,nested_view,A2,1
1646,mutable_view,A2,1
1646,blocking_view,A2,0
1646,nested_view,A3,1
1646,mutable_view,A3,1
1646,blocking_view,A3,0
1646,nested_view,A4,1
1646,mutable_view,A4,1
1646,blocking_view,A4,0
1646,nested_view,A5,1
1646,mutable_view,A5,0
1646,blocking_view,A5,0
1646,nested_view,A6,0
1646,mutable_view,A6,0
1646,blocking_view,A6,0
1647,nested_view,A1,0
1647,mutable_view,A1,0
1647,blocking_view,A1,0
1647,nested_view,A2,0
1647,mutable_view,A2,0
1647,blocking_view,A2,0
1647,nested_view,A3,0
1647,mutable_view,A3,0
1647,blocking_view,A3,0
1647,nested_view,A4,0
1647,mutable_view,A4,0
1647,blocking_view,A4,0
1647,nested_view,A5,0
1647,mutable_view,A5,0
1647,blocking_view,A5,1
1647,nested_view,A6,0
1647,mutable_view,A6,0
1647,blocking_view,A6,0
1648,nested_view,A1,0
1648,mutable_view,A1,0
1648,blocking_view,A1,0
1648,nested_view,A2,0
1648,mutable_view,A2,0
1648,blocking_view,A2,0
1648,nested_view,A3,0
1648,mutable_view,A3,0
1648,blocking_view,A3,0
1648,nested_view,A4,0
1648,mutable_view,A4,0
1648,blocking_view,A4,0
1648,nested_view,A5,0
1648,mutable_view,A5,1
1648,blocking_view,A5,0
1648,nested_view,A6,0
1648,mutable_view,A6,0
1648,blocking_view,A6,0
1649,nested_view,A1,1
1649,mutable_view,A1,1
1649,blocking_view,A1,0
1649,nested_view,A2,1
1649,mutable_view,A2,1
1649,blocking_view,A2,0
1649,nested_view,A3,1
1649,mutable_view,A3,1
1649,blocking_view,A3,0
1649,nested_view,A4,0
1649,mutable_view,A4,1
1649,blocking_view,A4,0
1649,nested_view,A5,1
1649,mutable_view,A5,1
1649,blocking_view,A5,0
1649,nested_view,A6,0
1649,mutable_view,A6,0
1649,blocking_view,A6,1
1650,nested_view,A1,0
1650,mutable_view,A1,0
1650,blocking_view,A1,0
1650,nested_view,A2,0
1650,mutable_view,A2,0
1650,blocking_view,A2,0
1650,nested_view,A3,0
1650,mutable_view,A3,0
1650,blocking_view,A3,0
1650,nested_view,A4,0
1650,mutable_view,A4,0
1650,blocking_view,A4,0
1650,nested_view,A5,0
1650,mutable_view,A5,0
1650,blocking_view,A5,0
1650,nested_view,A6,0
1650,mutable_view,A6,0
1650,blocking_view,A6,0
1651,nested_view,A1,0
1651,mutable_view,A1,0
1651,blocking_view,A1,0
1651,nested_view,A2,0
1651,mutable_view,A2,0
1651,blocking_view,A2,0
1651,nested_view,A3,0
1651,mutable_view,A3,0
1651,blocking_view,A3,0
1651,nested_view,A4,0
1651,mutable_view,A4,0
1651,blocking_view,A4,0
1651,nested_view,A5,0
1651,mutable_view,A5,0
1651,blocking_view,A5,0
1651,nested_view,A6,0
1651,mutable_view,A6,0
1651,blocking_view,A6,0
1652,nested_view,A1,1
1652,mutable_view,A1,1
1652,blocking_view,A1,0
1652,nested_view,A2,1
1652,mutable_view,A2,1
1652,blocking_view,A2,0
1652,nested_view,A3,1
1652,mutable_view,A3,1
1652,blocking_view,A3,0
1652,nested_view,A4,1
1652,mutable_view,A4,0
1652,blocking_view,A4,0
1652,nested_view,A5,1
1652,mutable_view,A5,1
1652,blocking_view,A5,0
1652,nested_view,A6,0
1652,mutable_view,A6,0
1652,blocking_view,A6,0
1653,nested_view,A1,1
1653,mutable_view,A1,1
1653,blocking_view,A1,0
1653,nested_view,A2,1
1653,mutable_view,A2,1
1653,blocking_view,A2,0
1653,nested_view,A3,1
1653,mutable_view,A3,1
1653,blocking_view,A3,0
1653,nested_view,A4,1
1653,mutable_view,A4,1
1653,blocking_view,A4,0
1653,nested_view,A5,1
1653,mutable_view,A5,1
1653,blocking_view,A5,0
1653,nested_view,A6,0
1653,mutable_view,A6,0
1653,blocking_view,A6,0
1654,nested_view,A1,1
1654,mutable_view,A1,1
1654,blocking_view,A1,0
1654,nested_view,A2,1
1654,mutable_view,A2,1
1654,blocking_view,A2,0
1654,nested_view,A3,1
1654,mutable_view,A3,1
1654,blocking_view,A3,0
1654,nested_view,A4,1
1654,mutable_view,A4,1
1654,blocking_view,A4,0
1654,nested_view,A5,1
1654,mutable_view,A5,1
1654,blocking_view,A5,0
1654,nested_view,A6,0
1654,mutable_view,A6,0
1654,blocking_view,A6,0
1655,nested_view,A1,1
1655,mutable_view,A1,1
1655,blocking_view,A1,1
1655,nested_view,A2,1
1655,mutable_view,A2,1
1655,blocking_view,A2,1
1655,nested_view,A3,1
1655,mutable_view,A3,1
1655,blocking_view,A3,0
1655,nested_view,A4,1
1655,mutable_view,A4,1
1655,blocking_view,A4,0
1655,nested_view,A5,1
1655,mutable_view,A5,1
1655,blocking_view,A5,0
1655,nested_view,A6,1
1655,mutable_view,A6,1
1655,blocking_view,A6,1
1656,nested_view,A1,1
1656,mutable_view,A1,1
1656,blocking_view,A1,1
1656,nested_view,A2,1
1656,mutable_view,A2,1
1656,blocking_view,A2,1
1656,nested_view,A3,1
1656,mutable_view,A3,1
1656,blocking_view,A3,1
1656,nested_view,A4,1
1656,mutable_view,A4,1
1656,blocking_view,A4,0
1656,nested_view,A5,1
1656,mutable_view,A5,1
1656,blocking_view,A5,1
1656,nested_view,A6,1
1656,mutable_view,A6,1
1656,blocking_view,A6,1
1657,nested_view,A1,1
1657,mutable_view,A1,1
1657,blocking_view,A1,1
1657,nested_view,A2,1
1657,mutable_view,A2,1
1657,blocking_view,A2,1
1657,nested_view,A3,1
1657,mutable_view,A3,1
1657,blocking_view,A3,1
1657,nested_view,A4,1
1657,mutable_view,A4,1
1657,blocking_view,A4,1
1657,nested_view,A5,1
1657,mutable_view,A5,1
1657,blocking_view,A5,1
1657,nested_view,A6,0
1657,mutable_view,A6,1
1657,blocking_view,A6,1
1658,nested_view,A1,1
1658,mutable_view,A1,1
1658,blocking_view,A1,0
1658,nested_view,A2,1
1658,mutable_view,A2,1
1658,blocking_view,A2,0
1658,nested_view,A3,1
1658,mutable_view,A3,1
1658,blocking_view,A3,0
1658,nested_view,A4,1
1658,mutable_view,A4,1
1658,blocking_view,A4,0
1658,nested_view,A5,1
1658,mutable_view,A5,1
1658,blocking_view,A5,1
1658,nested_view,A6,0
1658,mutable_view,A6,0
1658,blocking_view,A6,0
1659,nested_view,A1,1
1659,mutable_view,A1,1
1659,blocking_view,A1,1
1659,nested_view,A2,1
1659,mutable_view,A2,1
1659,blocking_view,A2,1
1659,nested_view,A3,1
1659,mutable_view,A3,1
1659,blocking_view,A3,1
1659,nested_view,A4,1
1659,mutable_view,A4,1
1659,blocking_view,A4,0
1659,nested_view,A5,1
1659,mutable_view,A5,1
1659,blocking_view,A5,1
1659,nested_view,A6,0
1659,mutable_view,A6,0
1659,blocking_view,A6,0
1660,nested_view,A1,1
1660,mutable_view,A1,1
1660,blocking_view,A1,0
1660,nested_view,A2,1
1660,mutable_view,A2,1
1660,blocking_view,A2,0
1660,nested_view,A3,1
1660,mutable_view,A3,0
1660,blocking_view,A3,0
1660,nested_view,A4,1
1660,mutable_view,A4,0
1660,blocking_view,A4,0
1660,nested_view,A5,1
1660,mutable_view,A5,0
1660,blocking_view,A5,0
1660,nested_view,A6,0
1660,mutable_view,A6,0
1660,blocking_view,A6,0
1661,nested_view,A1,1
1661,mutable_view,A1,1
1661,blocking_view,A1,0
1661,nested_view,A2,1
1661,mutable_view,A2,1
1661,blocking_view,A2,0
1661,nested_view,A3,1
1661,mutable_view,A3,1
1661,blocking_view,A3,0
1661,nested_view,A4,1
1661,mutable_view,A4,1
1661,blocking_view,A4,0
1661,nested_view,A5,1
1661,mutable_view,A5,1
1661,blocking_view,A5,1
1661,nested_view,A6,0
1661,mutable_view,A6,1
1661,blocking_view,A6,1
1662,nested_view,A1,1
1662,mutable_view,A1,1
1662,blocking_view,A1,1
1662,nested_view,A2,1
1662,mutable_view,A2,1
1662,blocking_view,A2,1
1662,nested_view,A3,1
1662,mutable_view,A3,1
1662,blocking_view,A3,1
1662,nested_view,A4,1
1662,mutable_view,A4,1
1662,blocking_view,A4,0
1662,nested_view,A5,1
1662,mutable_view,A5,1
1662,blocking_view,A5,1
1662,nested_view,A6,0
1662,mutable_view,A6,1
1662,blocking_view,A6,0
1663,nested_view,A1,1
1663,mutable_view,A1,1
1663,blocking_view,A1,1
1663,nested_view,A2,1
1663,mutable_view,A2,1
1663,blocking_view,A2,1
1663,nested_view,A3,1
1663,mutable_view,A3,1
1663,blocking_view,A3,1
1663,nested_view,A4,1
1663,mutable_view,A4,1
1663,blocking_view,A4,0
1663,nested_view,A5,1
1663,mutable_view,A5,1
1663,blocking_view,A5,1
1663,nested_view,A6,0
1663,mutable_view,A6,0
1663,blocking_view,A6,1
1664,nested_view,A1,0
1664,mutable_view,A1,0
1664,blocking_view,A1,0
1664,nested_view,A2,0
1664,mutable_view,A2,0
1664,blocking_view,A2,0
1664,nested_view,A3,0
1664,mutable_view,A3,0
1664,blocking_view,A3,0
1664,nested_view,A4,0
1664,mutable_view,A4,0
1664,blocking_view,A4,0
1664,nested_view,A5,0
1664,mutable_view,A5,1
1664,blocking_view,A5,0
1664,nested_view,A6,0
1664,mutable_view,A6,0
1664,blocking_view,A6,0
1665,nested_view,A1,1
1665,mutable_view,A1,1
1665,blocking_view,A1,0
1665,nested_view,A2,1
1665,mutable_view,A2,1
1665,blocking_view,A2,0
1665,nested_view,A3,1
1665,mutable_view,A3,1
1665,blocking_view,A3,1
1665,nested_view,A4,1
1665,mutable_view,A4,1
1665,blocking_view,A4,1
1665,nested_view,A5,1
1665,mutable_view,A5,1
1665,blocking_view,A5,0
1665,nested_view,A6,0
1665,mutable_view,A6,0
1665,blocking_view,A6,0
1666,nested_view,A1,1
1666,mutable_view,A1,0
1666,blocking_view,A1,1
1666,nested_view,A2,1
1666,mutable_view,A2,0
1666,blocking_view,A2,1
1666,nested_view,A3,1
1666,mutable_view,A3,0
1666,blocking_view,A3,1
1666,nested_view,A4,1
1666,mutable_view,A4,0
1666,blocking_view,A4,0
1666,nested_view,A5,0
1666,mutable_view,A5,0
1666,blocking_view,A5,1
1666,nested_view,A6,0
1666,mutable_view,A6,0
1666,blocking_view,A6,0
1667,nested_view,A1,1
1667,mutable_view,A1,1
1667,blocking_view,A1,0
1667,nested_view,A2,1
1667,mutable_view,A2,1
1667,blocking_view,A2,0
1667,nested_view,A3,1
1667,mutable_view,A3,1
1667,blocking_view,A3,0
1667,nested_view,A4,1
1667,mutable_view,A4,1
1667,blocking_view,A4,0
1667,nested_view,A5,1
1667,mutable_view,A5,1
1667,blocking_view,A5,0
1667,nested_view,A6,0
1667,mutable_view,A6,0
1667,blocking_view,A6,0
1668,nested_view,A1,1
1668,mutable_view,A1,1
1668,blocking_view,A1,1
1668,nested_view,A2,1
1668,mutable_view,A2,1
1668,blocking_view,A2,1
1668,nested_view,A3,1
1668,mutable_view,A3,1
1668,blocking_view,A3,1
1668,nested_view,A4,1
1668,mutable_view,A4,1
1668,blocking_view,A4,1
1668,nested_view,A5,1
1668,mutable_view,A5,1
1668,blocking_view,A5,1
1668,nested_view,A6,0
1668,mutable_view,A6,1
1668,blocking_view,A6,1
1669,nested_view,A1,1
1669,mutable_view,A1,1
1669,blocking_view,A1,0
1669,nested_view,A2,1
1669,mutable_view,A2,1
1669,blocking_view,A2,0
1669,nested_view,A3,1
1669,mutable_view,A3,1
1669,blocking_view,A3,0
1669,nested_view,A4,1
1669,mutable_view,A4,1
1669,blocking_view,A4,0
1669,nested_view,A5,1
1669,mutable_view,A5,1
1669,blocking_view,A5,0
1669,nested_view,A6,0
1669,mutable_view,A6,0
1669,blocking_view,A6,0
1670,nested_view,A1,1
1670,mutable_view,A1,1
1670,blocking_view,A1,0
1670,nested_view,A2,1
1670,mutable_view,A2,1
1670,blocking_view,A2,0
1670,nested_view,A3,1
1670,mutable_view,A3,1
1670,blocking_view,A3,0
1670,nested_view,A4,1
1670,mutable_view,A4,1
1670,blocking_view,A4,0
1670,nested_view,A5,1
1670,mutable_view,A5,1
1670,blocking_view,A5,0
1670,nested_view,A6,0
1670,mutable_view,A6,0
1670,blocking_view,A6,0
1671,nested_view,A1,1
1671,mutable_view,A1,1
1671,blocking_view,A1,1
1671,nested_view,A2,1
1671,mutable_view,A2,1
1671,blocking_view,A2,1
1671,nested_view,A3,1
1671,mutable_view,A3,1
1671,blocking_view,A3,1
1671,nested_view,A4,1
1671,mutable_view,A4,1
1671,blocking_view,A4,0
1671,nested_view,A5,1
1671,mutable_view,A5,1
1671,blocking_view,A5,1
1671,nested_view,A6,0
1671,mutable_view,A6,0
1671,blocking_view,A6,0
1672,nested_view,A1,1
1672,mutable_view,A1,1
1672,blocking_view,A1,0
1672,nested_view,A2,1
1672,mutable_view,A2,1
1672,blocking_view,A2,0
1672,nested_view,A3,1
1672,mutable_view,A3,1
1672,blocking_view,A3,0
1672,nested_view,A4,1
1672,mutable_view,A4,0
1672,blocking_view,A4,0
1672,nested_view,A5,1
1672,mutable_view,A5,0
1672,blocking_view,A5,0
1672,nested_view,A6,0
1672,mutable_view,A6,0
1672,blocking_view,A6,0
1673,nested_view,A1,1
1673,mutable_view,A1,1
1673,blocking_view,A1,0
1673,nested_view,A2,1
1673,mutable_view,A2,1
1673,blocking_view,A2,0
1673,nested_view,A3,1
1673,mutable_view,A3,1
1673,blocking_view,A3,0
1673,nested_view,A4,1
1673,mutable_view,A4,1
1673,blocking_view,A4,0
1673,nested_view,A5,1
1673,mutable_view,A5,1
1673,blocking_view,A5,0
1673,nested_view,A6,0
1673,mutable_view,A6,1
1673,blocking_view,A6,1
1674,nested_view,A1,1
1674,mutable_view,A1,1
1674,blocking_view,A1,1
1674,nested_view,A2,1
1674,mutable_view,A2,1
1674,blocking_view,A2,1
1674,nested_view,A3,1
1674,mutable_view,A3,1
1674,blocking_view,A3,1
1674,nested_view,A4,1
1674,mutable_view,A4,1
1674,blocking_view,A4,0
1674,nested_view,A5,0
1674,mutable_view,A5,1
1674,blocking_view,A5,1
1674,nested_view,A6,0
1674,mutable_view,A6,1
1674,blocking_view,A6,0
1675,nested_view,A1,1
1675,mutable_view,A1,1
1675,blocking_view,A1,1
1675,nested_view,A2,1
1675,mutable_view,A2,1
1675,blocking_view,A2,1
1675,nested_view,A3,1
1675,mutable_view,A3,1
1675,blocking_view,A3,1
1675,nested_view,A4,1
1675,mutable_view,A4,1
1675,blocking_view,A4,0
1675,nested_view,A5,1
1675,mutable_view,A5,1
1675,blocking_view,A5,0
1675,nested_view,A6,0
1675,mutable_view,A6,0
1675,blocking_view,A6,1
1676,nested_view,A1,0
1676,mutable_view,A1,0
1676,blocking_view,A1,0
1676,nested_view,A2,0
1676,mutable_view,A2,0
1676,blocking_view,A2,0
1676,nested_view,A3,0
1676,mutable_view,A3,0
1676,blocking_view,A3,0
1676,nested_view,A4,0
1676,mutable_view,A4,0
1676,blocking_view,A4,0
1676,nested_view,A5,0
1676,mutable_view,A5,0
1676,blocking_view,A5,0
1676,nested_view,A6,0
1676,mutable_view,A6,0
1676,blocking_view,A6,0
1677,nested_view,A1,1
1677,mutable_view,A1,1
1677,blocking_view,A1,0
1677,nested_view,A2,1
1677,mutable_view,A2,1
1677,blocking_view,A2,0
1677,nested_view,A3,1
1677,mutable_view,A3,1
1677,blocking_view,A3,0
1677,nested_view,A4,1
1677,mutable_view,A4,1
1677,blocking_view,A4,1
1677,nested_view,A5,1
1677,mutable_view,A5,1
1677,blocking_view,A5,0
1677,nested_view,A6,0
1677,mutable_view,A6,0
1677,blocking_view,A6,0
1678,nested_view,A1,1
1678,mutable_view,A1,1
1678,blocking_view,A1,1
1678,nested_view,A2,1
1678,mutable_view,A2,1
1678,blocking_view,A2,1
1678,nested_view,A3,1
1678,mutable_view,A3,1
1678,blocking_view,A3,1
1678,nested_view,A4,1
1678,mutable_view,A4,1
1678,blocking_view,A4,0
1678,nested_view,A5,0
1678,mutable_view,A5,1
1678,blocking_view,A5,1
1678,nested_view,A6,0
1678,mutable_view,A6,0
1678,blocking_view,A6,1
1679,nested_view,A1,1
1679,mutable_view,A1,1
1679,blocking_view,A1,0
1679,nested_view,A2,1
1679,mutable_view,A2,1
1679,blocking_view,A2,0
1679,nested_view,A3,1
1679,mutable_view,A3,1
1679,blocking_view,A3,0
1679,nested_view,A4,1
1679,mutable_view,A4,1
1679,blocking_view,A4,0
1679,nested_view,A5,0
1679,mutable_view,A5,1
1679,blocking_view,A5,0
1679,nested_view,A6,0
1679,mutable_view,A6,0
1679,blocking_view,A6,0
1680,nested_view,A1,1
1680,mutable_view,A1,1
1680,blocking_view,A1,1
1680,nested_view,A2,1
1680,mutable_view,A2,1
1680,blocking_view,A2,1
1680,nested_view,A3,1
1680,mutable_view,A3,1
1680,blocking_view,A3,0
1680,nested_view,A4,1
1680,mutable_view,A4,1
1680,blocking_view,A4,0
1680,nested_view,A5,1
1680,mutable_view,A5,1
1680,blocking_view,A5,0
1680,nested_view,A6,0
1680,mutable_view,A6,1
1680,blocking_view,A6,1
1681,nested_view,A1,1
1681,mutable_view,A1,1
1681,blocking_view,A1,1
1681,nested_view,A2,1
1681,mutable_view,A2,1
1681,blocking_view,A2,1
1681,nested_view,A3,1
1681,mutable_view,A3,1
1681,blocking_view,A3,1
1681,nested_view,A4,1
1681,mutable_view,A4,1
1681,blocking_view,A4,0
1681,nested_view,A5,1
1681,mutable_view,A5,1
1681,blocking_view,A5,1
1681,nested_view,A6,0
1681,mutable_view,A6,1
1681,blocking_view,A6,1
1682,nested_view,A1,1
1682,mutable_view,A1,1
1682,blocking_view,A1,0
1682,nested_view,A2,1
1682,mutable_view,A2,1
1682,blocking_view,A2,0
1682,nested_view,A3,1
1682,mutable_view,A3,1
1682,blocking_view,A3,0
1682,nested_view,A4,1
1682,mutable_view,A4,1
1682,blocking_view,A4,0
1682,nested_view,A5,1
1682,mutable_view,A5,1
1682,blocking_view,A5,0
1682,nested_view,A6,0
1682,mutable_view,A6,1
1682,blocking_view,A6,0
1683,nested_view,A1,1
1683,mutable_view,A1,1
1683,blocking_view,A1,0
1683,nested_view,A2,1
1683,mutable_view,A2,1
1683,blocking_view,A2,0
1683,nested_view,A3,1
1683,mutable_view,A3,1
1683,blocking_view,A3,0
1683,nested_view,A4,1
1683,mutable_view,A4,1
1683,blocking_view,A4,0
1683,nested_view,A5,1
1683,mutable_view,A5,1
1683,blocking_view,A5,0
1683,nested_view,A6,0
1683,mutable_view,A6,1
1683,blocking_view,A6,0
1684,nested_view,A1,0
1684,mutable_view,A1,0
1684,blocking_view,A1,0
1684,nested_view,A2,0
1684,mutable_view,A2,0
1684,blocking_view,A2,0
1684,nested_view,A3,0
1684,mutable_view,A3,0
1684,blocking_view,A3,0
1684,nested_view,A4,0
1684,mutable_view,A4,0
1684,blocking_view,A4,0
1684,nested_view,A5,0
1684,mutable_view,A5,0
1684,blocking_view,A5,0
1684,nested_view,A6,0
1684,mutable_view,A6,0
1684,blocking_view,A6,0
1685,nested_view,A1,1
1685,mutable_view,A1,1
1685,blocking_view,A1,0
1685,nested_view,A2,1
1685,mutable_view,A2,1
1685,blocking_view,A2,0
1685,nested_view,A3,1
1685,mutable_view,A3,1
1685,blocking_view,A3,0
1685,nested_view,A4,1
1685,mutable_view,A4,1
1685,blocking_view,A4,0
1685,nested_view,A5,1
1685,mutable_view,A5,1
1685,blocking_view,A5,0
1685,nested_view,A6,0
1685,mutable_view,A6,1
1685,blocking_view,A6,1
1686,nested_view,A1,1
1686,mutable_view,A1,1
1686,blocking_view,A1,0
1686,nested_view,A2,1
1686,mutable_view,A2,1
1686,blocking_view,A2,0
1686,nested_view,A3,1
1686,mutable_view,A3,1
1686,blocking_view,A3,0
1686,nested_view,A4,1
1686,mutable_view,A4,1
1686,blocking_view,A4,0
1686,nested_view,A5,1
1686,mutable_view,A5,1
1686,blocking_view,A5,0
1686,nested_view,A6,0
1686,mutable_view,A6,1
1686,blocking_view,A6,0
1687,nested_view,A1,1
1687,mutable_view,A1,1
1687,blocking_view,A1,0
1687,nested_view,A2,1
1687,mutable_view,A2,1
1687,blocking_view,A2,0
1687,nested_view,A3,1
1687,mutable_view,A3,1
1687,blocking_view,A3,0
1687,nested_view,A4,1
1687,mutable_view,A4,1
1687,blocking_view,A4,0
1687,nested_view,A5,1
1687,mutable_view,A5,1
1687,blocking_view,A5,0
1687,nested_view,A6,0
1687,mutable_view,A6,1
1687,blocking_view,A6,0
1688,nested_view,A1,1
1688,mutable_view,A1,1
1688,blocking_view,A1,0
1688,nested_view,A2,1
1688,mutable_view,A2,1
1688,blocking_view,A2,0
1688,nested_view,A3,1
1688,mutable_view,A3,1
1688,blocking_view,A3,0
1688,nested_view,A4,1
1688,mutable_view,A4,1
1688,blocking_view,A4,0
1688,nested_view,A5,1
1688,mutable_view,A5,1
1688,blocking_view,A5,0
1688,nested_view,A6,0
1688,mutable_view,A6,1
1688,blocking_view,A6,0
1689,nested_view,A1,1
1689,mutable_view,A1,1
1689,blocking_view,A1,0
1689,nested_view,A2,1
1689,mutable_view,A2,1
1689,blocking_view,A2,0
1689,nested_view,A3,1
1689,mutable_view,A3,1
1689,blocking_view,A3,0
1689,nested_view,A4,1
1689,mutable_view,A4,1
1689,blocking_view,A4,0
1689,nested_view,A5,1
1689,mutable_view,A5,1
1689,blocking_view,A5,0
1689,nested_view,A6,0
1689,mutable_view,A6,1
1689,blocking_view,A6,0
1690,nested_view,A1,0
1690,mutable_view,A1,0
1690,blocking_view,A1,0
1690,nested_view,A2,0
1690,mutable_view,A2,0
1690,blocking_view,A2,0
1690,nested_view,A3,0
1690,mutable_view,A3,0
1690,blocking_view,A3,0
1690,nested_view,A4,0
1690,mutable_view,A4,0
1690,blocking_view,A4,0
1690,nested_view,A5,0
1690,mutable_view,A5,0
1690,blocking_view,A5,0
1690,nested_view,A6,0
1690,mutable_view,A6,1
1690,blocking_view,A6,1
1691,nested_view,A1,1
1691,mutable_view,A1,1
1691,blocking_view,A1,1
1691,nested_view,A2,1
1691,mutable_view,A2,1
1691,blocking_view,A2,1
1691,nested_view,A3,1
1691,mutable_view,A3,1
1691,blocking_view,A3,1
1691,nested_view,A4,1
1691,mutable_view,A4,1
1691,blocking_view,A4,0
1691,nested_view,A5,1
1691,mutable_view,A5,1
1691,blocking_view,A5,1
1691,nested_view,A6,0
1691,mutable_view,A6,1
1691,blocking_view,A6,1
1692,nested_view,A1,1
1692,mutable_view,A1,1
1692,blocking_view,A1,1
1692,nested_view,A2,1
1692,mutable_view,A2,1
1692,blocking_view,A2,1
1692,nested_view,A3,1
1692,mutable_view,A3,1
1692,blocking_view,A3,1
1692,nested_view,A4,1
1692,mutable_view,A4,1
1692,blocking_view,A4,0
1692,nested_view,A5,1
1692,mutable_view,A5,1
1692,blocking_view,A5,0
1692,nested_view,A6,0
1692,mutable_view,A6,0
1692,blocking_view,A6,0
1693,nested_view,A1,1
1693,mutable_view,A1,1
1693,blocking_view,A1,0
1693,nested_view,A2,1
1693,mutable_view,A2,1
1693,blocking_view,A2,0
1693,nested_view,A3,1
1693,mutable_view,A3,1
1693,blocking_view,A3,0
1693,nested_view,A4,1
1693,mutable_view,A4,1
1693,blocking_view,A4,0
1693,nested_view,A5,1
1693,mutable_view,A5,1
1693,blocking_view,A5,0
1693,nested_view,A6,0
1693,mutable_view,A6,0
1693,blocking_view,A6,0
1694,nested_view,A1,1
1694,mutable_view,A1,1
1694,blocking_view,A1,0
1694,nested_view,A2,1
1694,mutable_view,A2,1
1694,blocking_view,A2,0
1694,nested_view,A3,1
1694,mutable_view,A3,1
1694,blocking_view,A3,0
1694,nested_view,A4,1
1694,mutable_view,A4,1
1694,blocking_view,A4,0
1694,nested_view,A5,1
1694,mutable_view,A5,0
1694,blocking_view,A5,0
1694,nested_view,A6,0
1694,mutable_view,A6,0
1694,blocking_view,A6,0
1695,nested_view,A1,1
1695,mutable_view,A1,1
1695,blocking_view,A1,0
1695,nested_view,A2,1
1695,mutable_view,A2,1
1695,blocking_view,A2,0
1695,nested_view,A3,1
1695,mutable_view,A3,1
1695,blocking_view,A3,0
1695,nested_view,A4,1
1695,mutable_view,A4,1
1695,blocking_view,A4,0
1695,nested_view,A5,1
1695,mutable_view,A5,1
1695,blocking_view,A5,0
1695,nested_view,A6,0
1695,mutable_view,A6,0
1695,blocking_view,A6,0
1696,nested_view,A1,1
1696,mutable_view,A1,1
1696,blocking_view,A1,0
1696,nested_view,A2,1
1696,mutable_view,A2,1
1696,blocking_view,A2,0
1696,nested_view,A3,1
1696,mutable_view,A3,1
1696,blocking_view,A3,0
1696,nested_view,A4,1
1696,mutable_view,A4,1
1696,blocking_view,A4,0
1696,nested_view,A5,1
1696,mutable_view,A5,0
1696,blocking_view,A5,0
1696,nested_view,A6,0
1696,mutable_view,A6,0
1696,blocking_view,A6,0
1697,nested_view,A1,1
1697,mutable_view,A1,1
1697,blocking_view,A1,0
1697,nested_view,A2,1
1697,mutable_view,A2,1
1697,blocking_view,A2,0
1697,nested_view,A3,1
1697,mutable_view,A3,1
1697,blocking_view,A3,0
1697,nested_view,A4,1
1697,mutable_view,A4,0
1697,blocking_view,A4,0
1697,nested_view,A5,1
1697,mutable_view,A5,1
1697,blocking_view,A5,0
1697,nested_view,A6,0
1697,mutable_view,A6,0
1697,blocking_view,A6,0
1698,nested_view,A1,1
1698,mutable_view,A1,1
1698,blocking_view,A1,1
1698,nested_view,A2,1
1698,mutable_view,A2,1
1698,blocking_view,A2,1
1698,nested_view,A3,1
1698,mutable_view,A3,1
1698,blocking_view,A3,1
1698,nested_view,A4,1
1698,mutable_view,A4,0
1698,blocking_view,A4,0
1698,nested_view,A5,1
1698,mutable_view,A5,1
1698,blocking_view,A5,1
1698,nested_view,A6,0
1698,mutable_view,A6,0
1698,blocking_view,A6,0
1699,nested_view,A1,1
1699,mutable_view,A1,1
1699,blocking_view,A1,0
1699,nested_view,A2,1
1699,mutable_view,A2,1
1699,blocking_view,A2,0
1699,nested_view,A3,1
1699,mutable_view,A3,1
1699,blocking_view,A3,0
1699,nested_view,A4,1
1699,mutable_view,A4,0
1699,blocking_view,A4,0
1699,nested_view,A5,1
1699,mutable_view,A5,1
1699,blocking_view,A5,0
1699,nested_view,A6,0
1699,mutable_view,A6,0
1699,blocking_view,A6,0
1700,nested_view,A1,1
1700,mutable_view,A1,1
1700,blocking_view,A1,0
1700,nested_view,A2,1
1700,mutable_view,A2,1
1700,blocking_view,A2,0
1700,nested_view,A3,1
1700,mutable_view,A3,1
1700,blocking_view,A3,0
1700,nested_view,A4,1
1700,mutable_view,A4,0
1700,blocking_view,A4,0
1700,nested_view,A5,0
1700,mutable_view,A5,1
1700,blocking_view,A5,0
1700,nested_view,A6,0
1700,mutable_view,A6,0
1700,blocking_view,A6,0
1701,nested_view,A1,1
1701,mutable_view,A1,1
1701,blocking_view,A1,1
1701,nested_view,A2,1
1701,mutable_view,A2,1
1701,blocking_view,A2,1
1701,nested_view,A3,1
1701,mutable_view,A3,1
1701,blocking_view,A3,1
1701,nested_view,A4,1
1701,mutable_view,A4,1
1701,blocking_view,A4,0
1701,nested_view,A5,1
1701,mutable_view,A5,1
1701,blocking_view,A5,1
1701,nested_view,A6,0
1701,mutable_view,A6,0
1701,blocking_view,A6,1
1702,nested_view,A1,1
1702,mutable_view,A1,1
1702,blocking_view,A1,1
1702,nested_view,A2,1
1702,mutable_view,A2,1
1702,blocking_view,A2,1
1702,nested_view,A3,1
1702,mutable_view,A3,1
1702,blocking_view,A3,1
1702,nested_view,A4,1
1702,mutable_view,A4,1
1702,blocking_view,A4,0
1702,nested_view,A5,1
1702,mutable_view,A5,1
1702,blocking_view,A5,1
1702,nested_view,A6,0
1702,mutable_view,A6,0
1702,blocking_view,A6,1
1703,nested_view,A1,1
1703,mutable_view,A1,1
1703,blocking_view,A1,0
1703,nested_view,A2,1
1703,mutable_view,A2,1
1703,blocking_view,A2,0
1703,nested_view,A3,1
1703,mutable_view,A3,1
1703,blocking_view,A3,0
1703,nested_view,A4,1
1703,mutable_view,A4,1
1703,blocking_view,A4,0
1703,nested_view,A5,1
1703,mutable_view,A5,1
1703,blocking_view,A5,0
1703,nested_view,A6,0
1703,mutable_view,A6,1
1703,blocking_view,A6,0
1704,nested_view,A1,0
1704,mutable_view,A1,0
1704,blocking_view,A1,0
1704,nested_view,A2,0
1704,mutable_view,A2,0
1704,blocking_view,A2,0
1704,nested_view,A3,0
1704,mutable_view,A3,0
1704,blocking_view,A3,0
1704,nested_view,A4,0
1704,mutable_view,A4,0
1704,blocking_view,A4,0
1704,nested_view,A5,1
1704,mutable_view,A5,0
1704,blocking_view,A5,0
1704,nested_view,A6,0
1704,mutable_view,A6,1
1704,blocking_view,A6,1
1705,nested_view,A1,1
1705,mutable_view,A1,1
1705,blocking_view,A1,0
1705,nested_view,A2,1
1705,mutable_view,A2,1
1705,blocking_view,A2,0
1705,nested_view,A3,1
1705,mutable_view,A3,1
1705,blocking_view,A3,0
1705,nested_view,A4,1
1705,mutable_view,A4,1
1705,blocking_view,A4,0
1705,nested_view,A5,1
1705,mutable_view,A5,1
1705,blocking_view,A5,1
1705,nested_view,A6,0
1705,mutable_view,A6,1
1705,blocking_view,A6,0
1706,nested_view,A1,1
1706,mutable_view,A1,1
1706,blocking_view,A1,0
1706,nested_view,A2,1
1706,mutable_view,A2,1
1706,blocking_view,A2,0
1706,nested_view,A3,1
1706,mutable_view,A3,1
1706,blocking_view,A3,0
1706,nested_view,A4,1
1706,mutable_view,A4,1
1706,blocking_view,A4,0
1706,nested_view,A5,1
1706,mutable_view,A5,0
1706,blocking_view,A5,0
1706,nested_view,A6,0
1706,mutable_view,A6,0
1706,blocking_view,A6,0
1707,nested_view,A1,1
1707,mutable_view,A1,1
1707,blocking_view,A1,0
1707,nested_view,A2,1
1707,mutable_view,A2,1
1707,blocking_view,A2,0
1707,nested_view,A3,1
1707,mutable_view,A3,1
1707,blocking_view,A3,0
1707,nested_view,A4,1
1707,mutable_view,A4,1
1707,blocking_view,A4,0
1707,nested_view,A5,1
1707,mutable_view,A5,1
1707,blocking_view,A5,0
1707,nested_view,A6,0
1707,mutable_view,A6,0
1707,blocking_view,A6,0
1708,nested_view,A1,0
1708,mutable_view,A1,1
1708,blocking_view,A1,0
1708,nested_view,A2,0
1708,mutable_view,A2,1
1708,blocking_view,A2,0
1708,nested_view,A3,0
1708,mutable_view,A3,1
1708,blocking_view,A3,0
1708,nested_view,A4,0
1708,mutable_view,A4,1
1708,blocking_view,A4,0
1708,nested_view,A5,0
1708,mutable_view,A5,1
1708,blocking_view,A5,0
1708,nested_view,A6,0
1708,mutable_view,A6,1
1708,blocking_view,A6,1
1709,nested_view,A1,0
1709,mutable_view,A1,0
1709,blocking_view,A1,0
1709,nested_view,A2,0
1709,mutable_view,A2,0
1709,blocking_view,A2,0
1709,nested_view,A3,0
1709,mutable_view,A3,0
1709,blocking_view,A3,0
1709,nested_view,A4,0
1709,mutable_view,A4,0
1709,blocking_view,A4,0
1709,nested_view,A5,1
1709,mutable_view,A5,0
1709,blocking_view,A5,0
1709,nested_view,A6,0
1709,mutable_view,A6,1
1709,blocking_view,A6,1
1710,nested_view,A1,1
1710,mutable_view,A1,1
1710,blocking_view,A1,0
1710,nested_view,A2,1
1710,mutable_view,A2,1
1710,blocking_view,A2,0
1710,nested_view,A3,1
1710,mutable_view,A3,1
1710,blocking_view,A3,0
1710,nested_view,A4,1
1710,mutable_view,A4,1
1710,blocking_view,A4,0
1710,nested_view,A5,1
1710,mutable_view,A5,1
1710,blocking_view,A5,0
1710,nested_view,A6,0
1710,mutable_view,A6,1
1710,blocking_view,A6,1
1711,nested_view,A1,1
1711,mutable_view,A1,1
1711,blocking_view,A1,1
1711,nested_view,A2,1
1711,mutable_view,A2,1
1711,blocking_view,A2,1
1711,nested_view,A3,1
1711,mutable_view,A3,1
1711,blocking_view,A3,1
1711,nested_view,A4,1
1711,mutable_view,A4,1
1711,blocking_view,A4,0
1711,nested_view,A5,1
1711,mutable_view,A5,1
1711,blocking_view,A5,1
1711,nested_view,A6,0
1711,mutable_view,A6,1
1711,blocking_view,A6,1
1712,nested_view,A1,1
1712,mutable_view,A1,1
1712,blocking_view,A1,1
1712,nested_view,A2,1
1712,mutable_view,A2,1
1712,blocking_view,A2,1
1712,nested_view,A3,1
1712,mutable_view,A3,1
1712,blocking_view,A3,1
1712,nested_view,A4,1
1712,mutable_view,A4,1
1712,blocking_view,A4,0
1712,nested_view,A5,1
1712,mutable_view,A5,1
1712,blocking_view,A5,1
1712,nested_view,A6,0
1712,mutable_view,A6,0
1712,blocking_view,A6,0
1713,nested_view,A1,1
1713,mutable_view,A1,1
1713,blocking_view,A1,1
1713,nested_view,A2,1
1713,mutable_view,A2,1
1713,blocking_view,A2,1
1713,nested_view,A3,1
1713,mutable_view,A3,1
1713,blocking_view,A3,1
1713,nested_view,A4,1
1713,mutable_view,A4,1
1713,blocking_view,A4,0
1713,nested_view,A5,0
1713,mutable_view,A5,1
1713,blocking_view,A5,1
1713,nested_view,A6,0
1713,mutable_view,A6,0
1713,blocking_view,A6,0
1714,nested_view,A1,1
1714,mutable_view,A1,1
1714,blocking_view,A1,1
1714,nested_view,A2,1
1714,mutable_view,A2,1
1714,blocking_view,A2,1
1714,nested_view,A3,1
1714,mutable_view,A3,1
1714,blocking_view,A3,1
1714,nested_view,A4,1
1714,mutable_view,A4,1
1714,blocking_view,A4,0
1714,nested_view,A5,1
1714,mutable_view,A5,1
1714,blocking_view,A5,1
1714,nested_view,A6,0
1714,mutable_view,A6,0
1714,blocking_view,A6,0
1715,nested_view,A1,1
1715,mutable_view,A1,0
1715,blocking_view,A1,1
1715,nested_view,A2,1
1715,mutable_view,A2,0
1715,blocking_view,A2,1
1715,nested_view,A3,1
1715,mutable_view,A3,0
1715,blocking_view,A3,0
1715,nested_view,A4,1
1715,mutable_view,A4,0
1715,blocking_view,A4,0
1715,nested_view,A5,1
1715,mutable_view,A5,1
1715,blocking_view,A5,0
1715,nested_view,A6,0
1715,mutable_view,A6,0
1715,blocking_view,A6,0
1716,nested_view,A1,0
1716,mutable_view,A1,0
1716,blocking_view,A1,0
1716,nested_view,A2,0
1716,mutable_view,A2,0
1716,blocking_view,A2,0
1716,nested_view,A3,0
1716,mutable_view,A3,0
1716,blocking_view,A3,0
1716,nested_view,A4,0
1716,mutable_view,A4,0
1716,blocking_view,A4,0
1716,nested_view,A5,0
1716,mutable_view,A5,0
1716,blocking_view,A5,0
1716,nested_view,A6,0
1716,mutable_view,A6,0
1716,blocking_view,A6,0
1717,nested_view,A1,0
1717,mutable_view,A1,0
1717,blocking_view,A1,0
1717,nested_view,A2,0
1717,mutable_view,A2,0
1717,blocking_view,A2,0
1717,nested_view,A3,0
1717,mutable_view,A3,0
1717,blocking_view,A3,0
1717,nested_view,A4,0
1717,mutable_view,A4,0
1717,blocking_view,A4,0
1717,nested_view,A5,0
1717,mutable_view,A5,0
1717,blocking_view,A5,0
1717,nested_view,A6,0
1717,mutable_view,A6,0
1717,blocking_view,A6,0
1718,nested_view,A1,0
1718,mutable_view,A1,0
1718,blocking_view,A1,0
1718,nested_view,A2,0
1718,mutable_view,A2,0
1718,blocking_view,A2,0
1718,nested_view,A3,0
1718,mutable_view,A3,0
1718,blocking_view,A3,0
1718,nested_view,A4,0
1718,mutable_view,A4,0
1718,blocking_view,A4,0
1718,nested_view,A5,0
1718,mutable_view,A5,0
1718,blocking_view,A5,0
1718,nested_view,A6,0
1718,mutable_view,A6,1
1718,blocking_view,A6,1
1719,nested_view,A1,0
1719,mutable_view,A1,0
1719,blocking_view,A1,0
1719,nested_view,A2,0
1719,mutable_view,A2,0
1719,blocking_view,A2,0
1719,nested_view,A3,0
1719,mutable_view,A3,0
1719,blocking_view,A3,0
1719,nested_view,A4,0
1719,mutable_view,A4,0
1719,blocking_view,A4,0
1719,nested_view,A5,0
1719,mutable_view,A5,0
1719,blocking_view,A5,0
1719,nested_view,A6,0
1719,mutable_view,A6,1
1719,blocking_view,A6,1
1720,nested_view,A1,0
1720,mutable_view,A1,0
1720,blocking_view,A1,0
1720,nested_view,A2,0
1720,mutable_view,A2,0
1720,blocking_view,A2,0
1720,nested_view,A3,0
1720,mutable_view,A3,0
1720,blocking_view,A3,0
1720,nested_view,A4,0
1720,mutable_view,A4,0
1720,blocking_view,A4,0
1720,nested_view,A5,1
1720,mutable_view,A5,0
1720,blocking_view,A5,0
1720,nested_view,A6,0
1720,mutable_view,A6,1
1720,blocking_view,A6,1
1721,nested_view,A1,0
1721,mutable_view,A1,0
1721,blocking_view,A1,0
1721,nested_view,A2,0
1721,mutable_view,A2,0
1721,blocking_view,A2,0
1721,nested_view,A3,0
1721,mutable_view,A3,0
1721,blocking_view,A3,0
1721,nested_view,A4,0
1721,mutable_view,A4,0
1721,blocking_view,A4,0
1721,nested_view,A5,0
1721,mutable_view,A5,0
1721,blocking_view,A5,0
1721,nested_view,A6,0
1721,mutable_view,A6,1
1721,blocking_view,A6,1
1722,nested_view,A1,1
1722,mutable_view,A1,1
1722,blocking_view,A1,1
1722,nested_view,A2,1
1722,mutable_view,A2,1
1722,blocking_view,A2,1
1722,nested_view,A3,1
1722,mutable_view,A3,1
1722,blocking_view,A3,1
1722,nested_view,A4,1
1722,mutable_view,A4,1
1722,blocking_view,A4,1
1722,nested_view,A5,1
1722,mutable_view,A5,1
1722,blocking_view,A5,1
1722,nested_view,A6,0
1722,mutable_view,A6,1
1722,blocking_view,A6,1
1723,nested_view,A1,1
1723,mutable_view,A1,1
1723,blocking_view,A1,1
1723,nested_view,A2,1
1723,mutable_view,A2,1
1723,blocking_view,A2,1
1723,nested_view,A3,1
1723,mutable_view,A3,1
1723,blocking_view,A3,1
1723,nested_view,A4,1
1723,mutable_view,A4,1
1723,blocking_view,A4,1
1723,nested_view,A5,1
1723,mutable_view,A5,1
1723,blocking_view,A5,1
1723,nested_view,A6,0
1723,mutable_view,A6,1
1723,blocking_view,A6,1
1724,nested_view,A1,1
1724,mutable_view,A1,1
1724,blocking_view,A1,0
1724,nested_view,A2,1
1724,mutable_view,A2,1
1724,blocking_view,A2,0
1724,nested_view,A3,1
1724,mutable_view,A3,1
1724,blocking_view,A3,0
1724,nested_view,A4,1
1724,mutable_view,A4,1
1724,blocking_view,A4,0
1724,nested_view,A5,1
1724,mutable_view,A5,1
1724,blocking_view,A5,0
1724,nested_view,A6,0
1724,mutable_view,A6,0
1724,blocking_view,A6,0
1725,nested_view,A1,1
1725,mutable_view,A1,1
1725,blocking_view,A1,0
1725,nested_view,A2,1
1725,mutable_view,A2,1
1725,blocking_view,A2,0
1725,nested_view,A3,1
1725,mutable_view,A3,1
1725,blocking_view,A3,0
1725,nested_view,A4,1
1725,mutable_view,A4,1
1725,blocking_view,A4,0
1725,nested_view,A5,1
1725,mutable_view,A5,1
1725,blocking_view,A5,0
1725,nested_view,A6,0
1725,mutable_view,A6,1
1725,blocking_view,A6,0
1726,nested_view,A1,1
1726,mutable_view,A1,1
1726,blocking_view,A1,0
1726,nested_view,A2,1
1726,mutable_view,A2,1
1726,blocking_view,A2,0
1726,nested_view,A3,1
1726,mutable_view,A3,1
1726,blocking_view,A3,0
1726,nested_view,A4,1
1726,mutable_view,A4,1
1726,blocking_view,A4,0
1726,nested_view,A5,1
1726,mutable_view,A5,1
1726,blocking_view,A5,0
1726,nested_view,A6,0
1726,mutable_view,A6,0
1726,blocking_view,A6,0
1727,nested_view,A1,0
1727,mutable_view,A1,0
1727,blocking_view,A1,0
1727,nested_view,A2,0
1727,mutable_view,A2,0
1727,blocking_view,A2,0
1727,nested_view,A3,0
1727,mutable_view,A3,0
1727,blocking_view,A3,0
1727,nested_view,A4,0
1727,mutable_view,A4,0
1727,blocking_view,A4,0
1727,nested_view,A5,1
1727,mutable_view,A5,0
1727,blocking_view,A5,0
1727,nested_view,A6,0
1727,mutable_view,A6,1
1727,blocking_view,A6,0
1728,nested_view,A1,1
1728,mutable_view,A1,1
1728,blocking_view,A1,1
1728,nested_view,A2,1
1728,mutable_view,A2,1
1728,blocking_view,A2,1
1728,nested_view,A3,1
1728,mutable_view,A3,1
1728,blocking_view,A3,1
1728,nested_view,A4,1
1728,mutable_view,A4,1
1728,blocking_view,A4,0
1728,nested_view,A5,1
1728,mutable_view,A5,1
1728,blocking_view,A5,1
1728,nested_view,A6,0
1728,mutable_view,A6,1
1728,blocking_view,A6,1
1729,nested_view,A1,1
1729,mutable_view,A1,1
1729,blocking_view,A1,1
1729,nested_view,A2,1
1729,mutable_view,A2,1
1729,blocking_view,A2,1
1729,nested_view,A3,1
1729,mutable_view,A3,1
1729,blocking_view,A3,1
1729,nested_view,A4,1
1729,mutable_view,A4,1
1729,blocking_view,A4,0
1729,nested_view,A5,1
1729,mutable_view,A5,1
1729,blocking_view,A5,1
1729,nested_view,A6,0
1729,mutable_view,A6,0
1729,blocking_view,A6,0
1730,nested_view,A1,1
1730,mutable_view,A1,1
1730,blocking_view,A1,1
1730,nested_view,A2,1
1730,mutable_view,A2,1
1730,blocking_view,A2,1
1730,nested_view,A3,1
1730,mutable_view,A3,1
1730,blocking_view,A3,0
1730,nested_view,A4,1
1730,mutable_view,A4,1
1730,blocking_view,A4,0
1730,nested_view,A5,1
1730,mutable_view,A5,1
1730,blocking_view,A5,0
1730,nested_view,A6,0
1730,mutable_view,A6,0
1730,blocking_view,A6,0
1731,nested_view,A1,1
1731,mutable_view,A1,1
1731,blocking_view,A1,0
1731,nested_view,A2,1
1731,mutable_view,A2,1
1731,blocking_view,A2,0
1731,nested_view,A3,1
1731,mutable_view,A3,1
1731,blocking_view,A3,0
1731,nested_view,A4,1
1731,mutable_view,A4,1
1731,blocking_view,A4,0
1731,nested_view,A5,1
1731,mutable_view,A5,1
1731,blocking_view,A5,0
1731,nested_view,A6,0
1731,mutable_view,A6,1
1731,blocking_view,A6,1
1732,nested_view,A1,0
1732,mutable_view,A1,0
1732,blocking_view,A1,0
1732,nested_view,A2,0
1732,mutable_view,A2,0
1732,blocking_view,A2,0
1732,nested_view,A3,0
1732,mutable_view,A3,0
1732,blocking_view,A3,0
1732,nested_view,A4,0
1732,mutable_view,A4,0
1732,blocking_view,A4,0
1732,nested_view,A5,0
1732,mutable_view,A5,0
1732,blocking_view,A5,0
1732,nested_view,A6,0
1732,mutable_view,A6,0
1732,blocking_view,A6,0
1733,nested_view,A1,1
1733,mutable_view,A1,1
1733,blocking_view,A1,0
1733,nested_view,A2,1
1733,mutable_view,A2,1
1733,blocking_view,A2,0
1733,nested_view,A3,1
1733,mutable_view,A3,1
1733,blocking_view,A3,0
1733,nested_view,A4,1
1733,mutable_view,A4,1
1733,blocking_view,A4,0
1733,nested_view,A5,1
1733,mutable_view,A5,1
1733,blocking_view,A5,0
1733,nested_view,A6,0
1733,mutable_view,A6,0
1733,blocking_view,A6,0
1734,nested_view,A1,1
1734,mutable_view,A1,1
1734,blocking_view,A1,0
1734,nested_view,A2,1
1734,mutable_view,A2,1
1734,blocking_view,A2,0
1734,nested_view,A3,1
1734,mutable_view,A3,1
1734,blocking_view,A3,0
1734,nested_view,A4,1
1734,mutable_view,A4,1
1734,blocking_view,A4,0
1734,nested_view,A5,1
1734,mutable_view,A5,1
1734,blocking_view,A5,0
1734,nested_view,A6,0
1734,mutable_view,A6,0
1734,blocking_view,A6,0
1735,nested_view,A1,1
1735,mutable_view,A1,1
1735,blocking_view,A1,0
1735,nested_view,A2,1
1735,mutable_view,A2,1
1735,blocking_view,A2,0
1735,nested_view,A3,1
1735,mutable_view,A3,1
1735,blocking_view,A3,0
1735,nested_view,A4,1
1735,mutable_view,A4,1
1735,blocking_view,A4,0
1735,nested_view,A5,1
1735,mutable_view,A5,1
1735,blocking_view,A5,0
1735,nested_view,A6,0
1735,mutable_view,A6,1
1735,blocking_view,A6,1
1736,nested_view,A1,0
1736,mutable_view,A1,0
1736,blocking_view,A1,0
1736,nested_view,A2,0
1736,mutable_view,A2,0
1736,blocking_view,A2,0
1736,nested_view,A3,0
1736,mutable_view,A3,0
1736,blocking_view,A3,0
1736,nested_view,A4,0
1736,mutable_view,A4,0
1736,blocking_view,A4,0
1736,nested_view,A5,0
1736,mutable_view,A5,0
1736,blocking_view,A5,0
1736,nested_view,A6,0
1736,mutable_view,A6,0
1736,blocking_view,A6,0
1737,nested_view,A1,1
1737,mutable_view,A1,1
1737,blocking_view,A1,1
1737,nested_view,A2,1
1737,mutable_view,A2,1
1737,blocking_view,A2,1
1737,nested_view,A3,1
1737,mutable_view,A3,1
1737,blocking_view,A3,1
1737,nested_view,A4,1
1737,mutable_view,A4,1
1737,blocking_view,A4,0
1737,nested_view,A5,1
1737,mutable_view,A5,1
1737,blocking_view,A5,1
1737,nested_view,A6,0
1737,mutable_view,A6,0
1737,blocking_view,A6,0
1738,nested_view,A1,1
1738,mutable_view,A1,1
1738,blocking_view,A1,0
1738,nested_view,A2,1
1738,mutable_view,A2,1
1738,blocking_view,A2,0
1738,nested_view,A3,1
1738,mutable_view,A3,1
1738,blocking_view,A3,0
1738,nested_view,A4,1
1738,mutable_view,A4,1
1738,blocking_view,A4,0
1738,nested_view,A5,1
1738,mutable_view,A5,1
1738,blocking_view,A5,0
1738,nested_view,A6,0
1738,mutable_view,A6,0
1738,blocking_view,A6,0
1739,nested_view,A1,0
1739,mutable_view,A1,0
1739,blocking_view,A1,0
1739,nested_view,A2,0
1739,mutable_view,A2,0
1739,blocking_view,A2,0
1739,nested_view,A3,0
1739,mutable_view,A3,0
1739,blocking_view,A3,0
1739,nested_view,A4,0
1739,mutable_view,A4,0
1739,blocking_view,A4,0
1739,nested_view,A5,0
1739,mutable_view,A5,0
1739,blocking_view,A5,0
1739,nested_view,A6,0
1739,mutable_view,A6,0
1739,blocking_view,A6,0
1740,nested_view,A1,0
1740,mutable_view,A1,0
1740,blocking_view,A1,0
1740,nested_view,A2,0
1740,mutable_view,A2,0
1740,blocking_view,A2,0
1740,nested_view,A3,0
1740,mutable_view,A3,0
1740,blocking_view,A3,0
1740,nested_view,A4,0
1740,mutable_view,A4,0
1740,blocking_view,A4,0
1740,nested_view,A5,0
1740,mutable_view,A5,0
1740,blocking_view,A5,0
1740,nested_view,A6,0
1740,mutable_view,A6,0
1740,blocking_view,A6,0
1741,nested_view,A1,0
1741,mutable_view,A1,0
1741,blocking_view,A1,0
1741,nested_view,A2,0
1741,mutable_view,A2,0
1741,blocking_view,A2,0
1741,nested_view,A3,0
1741,mutable_view,A3,0
1741,blocking_view,A3,0
1741,nested_view,A4,0
1741,mutable_view,A4,0
1741,blocking_view,A4,0
1741,nested_view,A5,0
1741,mutable_view,A5,0
1741,blocking_view,A5,0
1741,nested_view,A6,0
1741,mutable_view,A6,0
1741,blocking_view,A6,0
1742,nested_view,A1,1
1742,mutable_view,A1,1
1742,blocking_view,A1,1
1742,nested_view,A2,1
1742,mutable_view,A2,1
1742,blocking_view,A2,1
1742,nested_view,A3,1
1742,mutable_view,A3,1
1742,blocking_view,A3,1
1742,nested_view,A4,0
1742,mutable_view,A4,1
1742,blocking_view,A4,0
1742,nested_view,A5,1
1742,mutable_view,A5,0
1742,blocking_view,A5,1
1742,nested_view,A6,0
1742,mutable_view,A6,1
1742,blocking_view,A6,1
1743,nested_view,A1,0
1743,mutable_view,A1,0
1743,blocking_view,A1,0
1743,nested_view,A2,0
1743,mutable_view,A2,0
1743,blocking_view,A2,0
1743,nested_view,A3,0
1743,mutable_view,A3,0
1743,blocking_view,A3,0
1743,nested_view,A4,0
1743,mutable_view,A4,0
1743,blocking_view,A4,0
1743,nested_view,A5,1
1743,mutable_view,A5,0
1743,blocking_view,A5,0
1743,nested_view,A6,0
1743,mutable_view,A6,0
1743,blocking_view,A6,0
1744,nested_view,A1,1
1744,mutable_view,A1,1
1744,blocking_view,A1,1
1744,nested_view,A2,1
1744,mutable_view,A2,1
1744,blocking_view,A2,1
1744,nested_view,A3,1
1744,mutable_view,A3,1
1744,blocking_view,A3,1
1744,nested_view,A4,1
1744,mutable_view,A4,1
1744,blocking_view,A4,0
1744,nested_view,A5,1
1744,mutable_view,A5,1
1744,blocking_view,A5,1
1744,nested_view,A6,0
1744,mutable_view,A6,1
1744,blocking_view,A6,1
1745,nested_view,A1,1
1745,mutable_view,A1,1
1745,blocking_view,A1,1
1745,nested_view,A2,1
1745,mutable_view,A2,1
1745,blocking_view,A2,1
1745,nested_view,A3,1
1745,mutable_view,A3,1
1745,blocking_view,A3,0
1745,nested_view,A4,1
1745,mutable_view,A4,1
1745,blocking_view,A4,0
1745,nested_view,A5,1
1745,mutable_view,A5,1
1745,blocking_view,A5,0
1745,nested_view,A6,0
1745,mutable_view,A6,1
1745,blocking_view,A6,1
1746,nested_view,A1,1
1746,mutable_view,A1,1
1746,blocking_view,A1,1
1746,nested_view,A2,1
1746,mutable_view,A2,1
1746,blocking_view,A2,1
1746,nested_view,A3,1
1746,mutable_view,A3,1
1746,blocking_view,A3,1
1746,nested_view,A4,1
1746,mutable_view,A4,1
1746,blocking_view,A4,0
1746,nested_view,A5,1
1746,mutable_view,A5,1
1746,blocking_view,A5,1
1746,nested_view,A6,0
1746,mutable_view,A6,1
1746,blocking_view,A6,1
1747,nested_view,A1,1
1747,mutable_view,A1,1
1747,blocking_view,A1,0
1747,nested_view,A2,1
1747,mutable_view,A2,1
1747,blocking_view,A2,0
1747,nested_view,A3,1
1747,mutable_view,A3,1
1747,blocking_view,A3,0
1747,nested_view,A4,1
1747,mutable_view,A4,1
1747,blocking_view,A4,0
1747,nested_view,A5,1
1747,mutable_view,A5,1
1747,blocking_view,A5,0
1747,nested_view,A6,0
1747,mutable_view,A6,0
1747,blocking_view,A6,0
1748,nested_view,A1,0
1748,mutable_view,A1,0
1748,blocking_view,A1,0
1748,nested_view,A2,0
1748,mutable_view,A2,0
1748,blocking_view,A2,0
1748,nested_view,A3,0
1748,mutable_view,A3,0
1748,blocking_view,A3,0
1748,nested_view,A4,0
1748,mutable_view,A4,0
1748,blocking_view,A4,0
1748,nested_view,A5,0
1748,mutable_view,A5,0
1748,blocking_view,A5,0
1748,nested_view,A6,0
1748,mutable_view,A6,0
1748,blocking_view,A6,0
1749,nested_view,A1,1
1749,mutable_view,A1,1
1749,blocking_view,A1,0
1749,nested_view,A2,1
1749,mutable_view,A2,1
1749,blocking_view,A2,0
1749,nested_view,A3,1
1749,mutable_view,A3,1
1749,blocking_view,A3,0
1749,nested_view,A4,1
1749,mutable_view,A4,1
1749,blocking_view,A4,0
1749,nested_view,A5,0
1749,mutable_view,A5,1
1749,blocking_view,A5,1
1749,nested_view,A6,0
1749,mutable_view,A6,0
1749,blocking_view,A6,0
1750,nested_view,A1,1
1750,mutable_view,A1,1
1750,blocking_view,A1,0
1750,nested_view,A2,1
1750,mutable_view,A2,1
1750,blocking_view,A2,0
1750,nested_view,A3,1
1750,mutable_view,A3,1
1750,blocking_view,A3,0
1750,nested_view,A4,1
1750,mutable_view,A4,1
1750,blocking_view,A4,0
1750,nested_view,A5,1
1750,mutable_view,A5,1
1750,blocking_view,A5,0
1750,nested_view,A6,0
1750,mutable_view,A6,0
1750,blocking_view,A6,0
1751,nested_view,A1,1
1751,mutable_view,A1,1
1751,blocking_view,A1,0
1751,nested_view,A2,1
1751,mutable_view,A2,1
1751,blocking_view,A2,0
1751,nested_view,A3,1
1751,mutable_view,A3,1
1751,blocking_view,A3,0
1751,nested_view,A4,1
1751,mutable_view,A4,1
1751,blocking_view,A4,0
1751,nested_view,A5,1
1751,mutable_view,A5,1
1751,blocking_view,A5,0
1751,nested_view,A6,0
1751,mutable_view,A6,0
1751,blocking_view,A6,0
1752,nested_view,A1,0
1752,mutable_view,A1,0
1752,blocking_view,A1,0
1752,nested_view,A2,0
1752,mutable_view,A2,0
1752,blocking_view,A2,0
1752,nested_view,A3,0
1752,mutable_view,A3,0
1752,blocking_view,A3,0
1752,nested_view,A4,0
1752,mutable_view,A4,0
1752,blocking_view,A4,0
1752,nested_view,A5,1
1752,mutable_view,A5,0
1752,blocking_view,A5,0
1752,nested_view,A6,0
1752,mutable_view,A6,0
1752,blocking_view,A6,0
1753,nested_view,A1,0
1753,mutable_view,A1,0
1753,blocking_view,A1,0
1753,nested_view,A2,0
1753,mutable_view,A2,0
1753,blocking_view,A2,0
1753,nested_view,A3,0
1753,mutable_view,A3,0
1753,blocking_view,A3,0
1753,nested_view,A4,0
1753,mutable_view,A4,0
1753,blocking_view,A4,0
1753,nested_view,A5,0
1753,mutable_view,A5,0
1753,blocking_view,A5,0
1753,nested_view,A6,0
1753,mutable_view,A6,0
1753,blocking_view,A6,0
1754,nested_view,A1,1
1754,mutable_view,A1,1
1754,blocking_view,A1,0
1754,nested_view,A2,1
1754,mutable_view,A2,1
1754,blocking_view,A2,0
1754,nested_view,A3,1
1754,mutable_view,A3,1
1754,blocking_view,A3,0
1754,nested_view,A4,1
1754,mutable_view,A4,1
1754,blocking_view,A4,0
1754,nested_view,A5,1
1754,mutable_view,A5,0
1754,blocking_view,A5,0
1754,nested_view,A6,0
1754,mutable_view,A6,0
1754,blocking_view,A6,0
1755,nested_view,A1,1
1755,mutable_view,A1,1
1755,blocking_view,A1,0
1755,nested_view,A2,1
1755,mutable_view,A2,1
1755,blocking_view,A2,0
1755,nested_view,A3,1
1755,mutable_view,A3,1
1755,blocking_view,A3,0
1755,nested_view,A4,1
1755,mutable_view,A4,1
1755,blocking_view,A4,0
1755,nested_view,A5,1
1755,mutable_view,A5,1
1755,blocking_view,A5,0
1755,nested_view,A6,0
1755,mutable_view,A6,0
1755,blocking_view,A6,0
1756,nested_view,A1,1
1756,mutable_view,A1,1
1756,blocking_view,A1,0
1756,nested_view,A2,1
1756,mutable_view,A2,1
1756,blocking_view,A2,0
1756,nested_view,A3,1
1756,mutable_view,A3,1
1756,blocking_view,A3,0
1756,nested_view,A4,1
1756,mutable_view,A4,1
1756,blocking_view,A4,0
1756,nested_view,A5,1
1756,mutable_view,A5,1
1756,blocking_view,A5,0
1756,nested_view,A6,0
1756,mutable_view,A6,0
1756,blocking_view,A6,0
1757,nested_view,A1,1
1757,mutable_view,A1,1
1757,blocking_view,A1,0
1757,nested_view,A2,1
1757,mutable_view,A2,1
1757,blocking_view,A2,0
1757,nested_view,A3,1
1757,mutable_view,A3,0
1757,blocking_view,A3,1
1757,nested_view,A4,1
1757,mutable_view,A4,1
1757,blocking_view,A4,0
1757,nested_view,A5,1
1757,mutable_view,A5,1
1757,blocking_view,A5,0
1757,nested_view,A6,0
1757,mutable_view,A6,0
1757,blocking_view,A6,0
1758,nested_view,A1,1
1758,mutable_view,A1,1
1758,blocking_view,A1,0
1758,nested_view,A2,1
1758,mutable_view,A2,1
1758,blocking_view,A2,0
1758,nested_view,A3,1
1758,mutable_view,A3,1
1758,blocking_view,A3,0
1758,nested_view,A4,1
1758,mutable_view,A4,1
1758,blocking_view,A4,0
1758,nested_view,A5,1
1758,mutable_view,A5,1
1758,blocking_view,A5,0
1758,nested_view,A6,0
1758,mutable_view,A6,0
1758,blocking_view,A6,0
1759,nested_view,A1,0
1759,mutable_view,A1,0
1759,blocking_view,A1,0
1759,nested_view,A2,0
1759,mutable_view,A2,0
1759,blocking_view,A2,0
1759,nested_view,A3,0
1759,mutable_view,A3,0
1759,blocking_view,A3,0
1759,nested_view,A4,0
1759,mutable_view,A4,0
1759,blocking_view,A4,0
1759,nested_view,A5,0
1759,mutable_view,A5,0
1759,blocking_view,A5,0
1759,nested_view,A6,0
1759,mutable_view,A6,0
1759,blocking_view,A6,0
1760,nested_view,A1,1
1760,mutable_view,A1,1
1760,blocking_view,A1,0
1760,nested_view,A2,1
1760,mutable_view,A2,1
1760,blocking_view,A2,0
1760,nested_view,A3,1
1760,mutable_view,A3,1
1760,blocking_view,A3,0
1760,nested_view,A4,1
1760,mutable_view,A4,1
1760,blocking_view,A4,0
1760,nested_view,A5,1
1760,mutable_view,A5,1
1760,blocking_view,A5,0
1760,nested_view,A6,0
1760,mutable_view,A6,0
1760,blocking_view,A6,0
1761,nested_view,A1,1
1761,mutable_view,A1,1
1761,blocking_view,A1,0
1761,nested_view,A2,1
1761,mutable_view,A2,1
1761,blocking_view,A2,0
1761,nested_view,A3,1
1761,mutable_view,A3,1
1761,blocking_view,A3,0
1761,nested_view,A4,1
1761,mutable_view,A4,1
1761,blocking_view,A4,0
1761,nested_view,A5,1
1761,mutable_view,A5,1
1761,blocking_view,A5,0
1761,nested_view,A6,0
1761,mutable_view,A6,0
1761,blocking_view,A6,0
1762,nested_view,A1,1
1762,mutable_view,A1,1
1762,blocking_view,A1,0
1762,nested_view,A2,1
1762,mutable_view,A2,1
1762,blocking_view,A2,0
1762,nested_view,A3,1
1762,mutable_view,A3,1
1762,blocking_view,A3,0
1762,nested_view,A4,1
1762,mutable_view,A4,1
1762,blocking_view,A4,0
1762,nested_view,A5,1
1762,mutable_view,A5,1
1762,blocking_view,A5,0
1762,nested_view,A6,0
1762,mutable_view,A6,0
1762,blocking_view,A6,0
1763,nested_view,A1,1
1763,mutable_view,A1,1
1763,blocking_view,A1,0
1763,nested_view,A2,1
1763,mutable_view,A2,1
1763,blocking_view,A2,0
1763,nested_view,A3,1
1763,mutable_view,A3,1
1763,blocking_view,A3,0
1763,nested_view,A4,1
1763,mutable_view,A4,1
1763,blocking_view,A4,0
1763,nested_view,A5,1
1763,mutable_view,A5,0
1763,blocking_view,A5,0
1763,nested_view,A6,0
1763,mutable_view,A6,0
1763,blocking_view,A6,0
1764,nested_view,A1,1
1764,mutable_view,A1,1
1764,blocking_view,A1,0
1764,nested_view,A2,1
1764,mutable_view,A2,1
1764,blocking_view,A2,0
1764,nested_view,A3,1
1764,mutable_view,A3,1
1764,blocking_view,A3,0
1764,nested_view,A4,1
1764,mutable_view,A4,1
1764,blocking_view,A4,0
1764,nested_view,A5,1
1764,mutable_view,A5,1
1764,blocking_view,A5,0
1764,nested_view,A6,0
1764,mutable_view,A6,0
1764,blocking_view,A6,0
1765,nested_view,A1,1
1765,mutable_view,A1,1
1765,blocking_view,A1,0
1765,nested_view,A2,1
1765,mutable_view,A2,1
1765,blocking_view,A2,0
1765,nested_view,A3,1
1765,mutable_view,A3,1
1765,blocking_view,A3,0
1765,nested_view,A4,1
1765,mutable_view,A4,1
1765,blocking_view,A4,0
1765,nested_view,A5,1
1765,mutable_view,A5,1
1765,blocking_view,A5,0
1765,nested_view,A6,0
1765,mutable_view,A6,0
1765,blocking_view,A6,0
1766,nested_view,A1,1
1766,mutable_view,A1,1
1766,blocking_view,A1,0
1766,nested_view,A2,1
1766,mutable_view,A2,1
1766,blocking_view,A2,0
1766,nested_view,A3,1
1766,mutable_view,A3,1
1766,blocking_view,A3,0
1766,nested_view,A4,1
1766,mutable_view,A4,1
1766,blocking_view,A4,0
1766,nested_view,A5,1
1766,mutable_view,A5,1
1766,blocking_view,A5,0
1766,nested_view,A6,0
1766,mutable_view,A6,0
1766,blocking_view,A6,0
1767,nested_view,A1,1
1767,mutable_view,A1,1
1767,blocking_view,A1,0
1767,nested_view,A2,1
1767,mutable_view,A2,1
1767,blocking_view,A2,0
1767,nested_view,A3,1
1767,mutable_view,A3,1
1767,blocking_view,A3,0
1767,nested_view,A4,1
1767,mutable_view,A4,1
1767,blocking_view,A4,0
1767,nested_view,A5,1
1767,mutable_view,A5,1
1767,blocking_view,A5,0
1767,nested_view,A6,0
1767,mutable_view,A6,0
1767,blocking_view,A6,0
1768,nested_view,A1,1
1768,mutable_view,A1,1
1768,blocking_view,A1,0
1768,nested_view,A2,1
1768,mutable_view,A2,1
1768,blocking_view,A2,0
1768,nested_view,A3,1
1768,mutable_view,A3,1
1768,blocking_view,A3,0
1768,nested_view,A4,1
1768,mutable_view,A4,1
1768,blocking_view,A4,0
1768,nested_view,A5,1
1768,mutable_view,A5,1
1768,blocking_view,A5,0
1768,nested_view,A6,0
1768,mutable_view,A6,0
1768,blocking_view,A6,0
1769,nested_view,A1,1
1769,mutable_view,A1,1
1769,blocking_view,A1,0
1769,nested_view,A2,1
1769,mutable_view,A2,1
1769,blocking_view,A2,0
1769,nested_view,A3,1
1769,mutable_view,A3,1
1769,blocking_view,A3,0
1769,nested_view,A4,1
1769,mutable_view,A4,1
1769,blocking_view,A4,0
1769,nested_view,A5,1
1769,mutable_view,A5,1
1769,blocking_view,A5,0
1769,nested_view,A6,0
1769,mutable_view,A6,0
1769,blocking_view,A6,0
1770,nested_view,A1,1
1770,mutable_view,A1,1
1770,blocking_view,A1,0
1770,nested_view,A2,1
1770,mutable_view,A2,1
1770,blocking_view,A2,0
1770,nested_view,A3,1
1770,mutable_view,A3,1
1770,blocking_view,A3,0
1770,nested_view,A4,1
1770,mutable_view,A4,1
1770,blocking_view,A4,0
1770,nested_view,A5,1
1770,mutable_view,A5,1
1770,blocking_view,A5,0
1770,nested_view,A6,0
1770,mutable_view,A6,0
1770,blocking_view,A6,0
1771,nested_view,A1,1
1771,mutable_view,A1,1
1771,blocking_view,A1,0
1771,nested_view,A2,1
1771,mutable_view,A2,1
1771,blocking_view,A2,0
1771,nested_view,A3,1
1771,mutable_view,A3,1
1771,blocking_view,A3,0
1771,nested_view,A4,1
1771,mutable_view,A4,1
1771,blocking_view,A4,0
1771,nested_view,A5,1
1771,mutable_view,A5,1
1771,blocking_view,A5,0
1771,nested_view,A6,0
1771,mutable_view,A6,1
1771,blocking_view,A6,0
1772,nested_view,A1,1
1772,mutable_view,A1,1
1772,blocking_view,A1,1
1772,nested_view,A2,1
1772,mutable_view,A2,1
1772,blocking_view,A2,1
1772,nested_view,A3,1
1772,mutable_view,A3,1
1772,blocking_view,A3,1
1772,nested_view,A4,1
1772,mutable_view,A4,1
1772,blocking_view,A4,0
1772,nested_view,A5,1
1772,mutable_view,A5,0
1772,blocking_view,A5,1
1772,nested_view,A6,0
1772,mutable_view,A6,0
1772,blocking_view,A6,0
1773,nested_view,A1,1
1773,mutable_view,A1,1
1773,blocking_view,A1,1
1773,nested_view,A2,1
1773,mutable_view,A2,1
1773,blocking_view,A2,1
1773,nested_view,A3,1
1773,mutable_view,A3,1
1773,blocking_view,A3,1
1773,nested_view,A4,1
1773,mutable_view,A4,1
1773,blocking_view,A4,0
1773,nested_view,A5,1
1773,mutable_view,A5,1
1773,blocking_view,A5,1
1773,nested_view,A6,0
1773,mutable_view,A6,0
1773,blocking_view,A6,0
1774,nested_view,A1,1
1774,mutable_view,A1,1
1774,blocking_view,A1,0
1774,nested_view,A2,1
1774,mutable_view,A2,1
1774,blocking_view,A2,0
1774,nested_view,A3,1
1774,mutable_view,A3,1
1774,blocking_view,A3,0
1774,nested_view,A4,1
1774,mutable_view,A4,1
1774,blocking_view,A4,0
1774,nested_view,A5,1
1774,mutable_view,A5,1
1774,blocking_view,A5,0
1774,nested_view,A6,0
1774,mutable_view,A6,0
1774,blocking_view,A6,0
1775,nested_view,A1,1
1775,mutable_view,A1,1
1775,blocking_view,A1,1
1775,nested_view,A2,1
1775,mutable_view,A2,1
1775,blocking_view,A2,1
1775,nested_view,A3,1
1775,mutable_view,A3,1
1775,blocking_view,A3,1
1775,nested_view,A4,1
1775,mutable_view,A4,1
1775,blocking_view,A4,0
1775,nested_view,A5,1
1775,mutable_view,A5,1
1775,blocking_view,A5,1
1775,nested_view,A6,1
1775,mutable_view,A6,1
1775,blocking_view,A6,1
1776,nested_view,A1,1
1776,mutable_view,A1,1
1776,blocking_view,A1,1
1776,nested_view,A2,1
1776,mutable_view,A2,1
1776,blocking_view,A2,1
1776,nested_view,A3,1
1776,mutable_view,A3,1
1776,blocking_view,A3,1
1776,nested_view,A4,1
1776,mutable_view,A4,1
1776,blocking_view,A4,0
1776,nested_view,A5,1
1776,mutable_view,A5,1
1776,blocking_view,A5,1
1776,nested_view,A6,0
1776,mutable_view,A6,1
1776,blocking_view,A6,1
1777,nested_view,A1,1
1777,mutable_view,A1,1
1777,blocking_view,A1,1
1777,nested_view,A2,1
1777,mutable_view,A2,1
1777,blocking_view,A2,1
1777,nested_view,A3,1
1777,mutable_view,A3,1
1777,blocking_view,A3,1
1777,nested_view,A4,1
1777,mutable_view,A4,1
1777,blocking_view,A4,0
1777,nested_view,A5,1
1777,mutable_view,A5,1
1777,blocking_view,A5,1
1777,nested_view,A6,0
1777,mutable_view,A6,0
1777,blocking_view,A6,0
1778,nested_view,A1,1
1778,mutable_view,A1,1
1778,blocking_view,A1,1
1778,nested_view,A2,1
1778,mutable_view,A2,1
1778,blocking_view,A2,1
1778,nested_view,A3,1
1778,mutable_view,A3,1
1778,blocking_view,A3,1
1778,nested_view,A4,1
1778,mutable_view,A4,1
1778,blocking_view,A4,0
1778,nested_view,A5,1
1778,mutable_view,A5,1
1778,blocking_view,A5,1
1778,nested_view,A6,0
1778,mutable_view,A6,0
1778,blocking_view,A6,0
1779,nested_view,A1,1
1779,mutable_view,A1,1
1779,blocking_view,A1,0
1779,nested_view,A2,1
1779,mutable_view,A2,1
1779,blocking_view,A2,0
1779,nested_view,A3,1
1779,mutable_view,A3,1
1779,blocking_view,A3,0
1779,nested_view,A4,1
1779,mutable_view,A4,0
1779,blocking_view,A4,0
1779,nested_view,A5,1
1779,mutable_view,A5,1
1779,blocking_view,A5,0
1779,nested_view,A6,0
1779,mutable_view,A6,0
1779,blocking_view,A6,0
1780,nested_view,A1,1
1780,mutable_view,A1,1
1780,blocking_view,A1,1
1780,nested_view,A2,1
1780,mutable_view,A2,1
1780,blocking_view,A2,1
1780,nested_view,A3,1
1780,mutable_view,A3,1
1780,blocking_view,A3,0
1780,nested_view,A4,1
1780,mutable_view,A4,1
1780,blocking_view,A4,0
1780,nested_view,A5,1
1780,mutable_view,A5,1
1780,blocking_view,A5,0
1780,nested_view,A6,0
1780,mutable_view,A6,1
1780,blocking_view,A6,0
1781,nested_view,A1,1
1781,mutable_view,A1,1
1781,blocking_view,A1,1
1781,nested_view,A2,1
1781,mutable_view,A2,1
1781,blocking_view,A2,1
1781,nested_view,A3,1
1781,mutable_view,A3,1
1781,blocking_view,A3,1
1781,nested_view,A4,1
1781,mutable_view,A4,1
1781,blocking_view,A4,0
1781,nested_view,A5,1
1781,mutable_view,A5,0
1781,blocking_view,A5,1
1781,nested_view,A6,0
1781,mutable_view,A6,0
1781,blocking_view,A6,0
1782,nested_view,A1,1
1782,mutable_view,A1,1
1782,blocking_view,A1,1
1782,nested_view,A2,1
1782,mutable_view,A2,1
1782,blocking_view,A2,1
1782,nested_view,A3,1
1782,mutable_view,A3,1
1782,blocking_view,A3,1
1782,nested_view,A4,1
1782,mutable_view,A4,1
1782,blocking_view,A4,0
1782,nested_view,A5,1
1782,mutable_view,A5,1
1782,blocking_view,A5,1
1782,nested_view,A6,0
1782,mutable_view,A6,0
1782,blocking_view,A6,0
1783,nested_view,A1,1
1783,mutable_view,A1,1
1783,blocking_view,A1,1
1783,nested_view,A2,1
1783,mutable_view,A2,1
1783,blocking_view,A2,1
1783,nested_view,A3,1
1783,mutable_view,A3,1
1783,blocking_view,A3,1
1783,nested_view,A4,1
1783,mutable_view,A4,1
1783,blocking_view,A4,0
1783,nested_view,A5,1
1783,mutable_view,A5,1
1783,blocking_view,A5,1
1783,nested_view,A6,0
1783,mutable_view,A6,1
1783,blocking_view,A6,1
1784,nested_view,A1,1
1784,mutable_view,A1,1
1784,blocking_view,A1,1
1784,nested_view,A2,1
1784,mutable_view,A2,1
1784,blocking_view,A2,1
1784,nested_view,A3,1
1784,mutable_view,A3,1
1784,blocking_view,A3,1
1784,nested_view,A4,1
1784,mutable_view,A4,1
1784,blocking_view,A4,0
1784,nested_view,A5,1
1784,mutable_view,A5,1
1784,blocking_view,A5,1
1784,nested_view,A6,0
1784,mutable_view,A6,1
1784,blocking_view,A6,1
1785,nested_view,A1,1
1785,mutable_view,A1,1
1785,blocking_view,A1,0
1785,nested_view,A2,1
1785,mutable_view,A2,1
1785,blocking_view,A2,0
1785,nested_view,A3,1
1785,mutable_view,A3,1
1785,blocking_view,A3,0
1785,nested_view,A4,1
1785,mutable_view,A4,1
1785,blocking_view,A4,0
1785,nested_view,A5,1
1785,mutable_view,A5,1
1785,blocking_view,A5,0
1785,nested_view,A6,0
1785,mutable_view,A6,0
1785,blocking_view,A6,0
1786,nested_view,A1,1
1786,mutable_view,A1,1
1786,blocking_view,A1,1
1786,nested_view,A2,1
1786,mutable_view,A2,1
1786,blocking_view,A2,1
1786,nested_view,A3,1
1786,mutable_view,A3,1
1786,blocking_view,A3,1
1786,nested_view,A4,1
1786,mutable_view,A4,1
1786,blocking_view,A4,0
1786,nested_view,A5,1
1786,mutable_view,A5,1
1786,blocking_view,A5,1
1786,nested_view,A6,0
1786,mutable_view,A6,0
1786,blocking_view,A6,0
1787,nested_view,A1,1
1787,mutable_view,A1,1
1787,blocking_view,A1,1
1787,nested_view,A2,1
1787,mutable_view,A2,1
1787,blocking_view,A2,1
1787,nested_view,A3,1
1787,mutable_view,A3,1
1787,blocking_view,A3,1
1787,nested_view,A4,1
1787,mutable_view,A4,1
1787,blocking_view,A4,0
1787,nested_view,A5,1
1787,mutable_view,A5,1
1787,blocking_view,A5,1
1787,nested_view,A6,0
1787,mutable_view,A6,1
1787,blocking_view,A6,1
1788,nested_view,A1,1
1788,mutable_view,A1,1
1788,blocking_view,A1,1
1788,nested_view,A2,1
1788,mutable_view,A2,1
1788,blocking_view,A2,1
1788,nested_view,A3,1
1788,mutable_view,A3,1
1788,blocking_view,A3,1
1788,nested_view,A4,1
1788,mutable_view,A4,1
1788,blocking_view,A4,0
1788,nested_view,A5,1
1788,mutable_view,A5,1
1788,blocking_view,A5,1
1788,nested_view,A6,0
1788,mutable_view,A6,0
1788,blocking_view,A6,0
1789,nested_view,A1,1
1789,mutable_view,A1,1
1789,blocking_view,A1,0
1789,nested_view,A2,1
1789,mutable_view,A2,1
1789,blocking_view,A2,0
1789,nested_view,A3,1
1789,mutable_view,A3,1
1789,blocking_view,A3,0
1789,nested_view,A4,1
1789,mutable_view,A4,1
1789,blocking_view,A4,0
1789,nested_view,A5,1
1789,mutable_view,A5,1
1789,blocking_view,A5,0
1789,nested_view,A6,0
1789,mutable_view,A6,0
1789,blocking_view,A6,0
1790,nested_view,A1,1
1790,mutable_view,A1,1
1790,blocking_view,A1,1
1790,nested_view,A2,1
1790,mutable_view,A2,1
1790,blocking_view,A2,1
1790,nested_view,A3,1
1790,mutable_view,A3,1
1790,blocking_view,A3,0
1790,nested_view,A4,1
1790,mutable_view,A4,1
1790,blocking_view,A4,0
1790,nested_view,A5,1
1790,mutable_view,A5,1
1790,blocking_view,A5,0
1790,nested_view,A6,0
1790,mutable_view,A6,1
1790,blocking_view,A6,1
1791,nested_view,A1,0
1791,mutable_view,A1,0
1791,blocking_view,A1,0
1791,nested_view,A2,0
1791,mutable_view,A2,0
1791,blocking_view,A2,0
1791,nested_view,A3,0
1791,mutable_view,A3,0
1791,blocking_view,A3,0
1791,nested_view,A4,0
1791,mutable_view,A4,0
1791,blocking_view,A4,0
1791,nested_view,A5,0
1791,mutable_view,A5,0
1791,blocking_view,A5,0
1791,nested_view,A6,0
1791,mutable_view,A6,0
1791,blocking_view,A6,0
1792,nested_view,A1,1
1792,mutable_view,A1,1
1792,blocking_view,A1,1
1792,nested_view,A2,1
1792,mutable_view,A2,1
1792,blocking_view,A2,1
1792,nested_view,A3,1
1792,mutable_view,A3,1
1792,blocking_view,A3,1
1792,nested_view,A4,1
1792,mutable_view,A4,1
1792,blocking_view,A4,0
1792,nested_view,A5,1
1792,mutable_view,A5,1
1792,blocking_view,A5,1
1792,nested_view,A6,1
1792,mutable_view,A6,1
1792,blocking_view,A6,1
1793,nested_view,A1,1
1793,mutable_view,A1,1
1793,blocking_view,A1,1
1793,nested_view,A2,1
1793,mutable_view,A2,1
1793,blocking_view,A2,1
1793,nested_view,A3,1
1793,mutable_view,A3,1
1793,blocking_view,A3,1
1793,nested_view,A4,1
1793,mutable_view,A4,1
1793,blocking_view,A4,0
1793,nested_view,A5,1
1793,mutable_view,A5,1
1793,blocking_view,A5,1
1793,nested_view,A6,1
1793,mutable_view,A6,1
1793,blocking_view,A6,1
1794,nested_view,A1,0
1794,mutable_view,A1,0
1794,blocking_view,A1,0
1794,nested_view,A2,0
1794,mutable_view,A2,0
1794,blocking_view,A2,0
1794,nested_view,A3,0
1794,mutable_view,A3,0
1794,blocking_view,A3,0
1794,nested_view,A4,0
1794,mutable_view,A4,0
1794,blocking_view,A4,0
1794,nested_view,A5,0
1794,mutable_view,A5,1
1794,blocking_view,A5,0
1794,nested_view,A6,0
1794,mutable_view,A6,0
1794,blocking_view,A6,0
1795,nested_view,A1,0
1795,mutable_view,A1,0
1795,blocking_view,A1,0
1795,nested_view,A2,0
1795,mutable_view,A2,0
1795,blocking_view,A2,0
1795,nested_view,A3,0
1795,mutable_view,A3,0
1795,blocking_view,A3,0
1795,nested_view,A4,0
1795,mutable_view,A4,0
1795,blocking_view,A4,0
1795,nested_view,A5,0
1795,mutable_view,A5,0
1795,blocking_view,A5,0
1795,nested_view,A6,0
1795,mutable_view,A6,0
1795,blocking_view,A6,0
1796,nested_view,A1,0
1796,mutable_view,A1,0
1796,blocking_view,A1,0
1796,nested_view,A2,0
1796,mutable_view,A2,0
1796,blocking_view,A2,0
1796,nested_view,A3,0
1796,mutable_view,A3,0
1796,blocking_view,A3,0
1796,nested_view,A4,0
1796,mutable_view,A4,0
1796,blocking_view,A4,0
1796,nested_view,A5,0
1796,mutable_view,A5,0
1796,blocking_view,A5,0
1796,nested_view,A6,0
1796,mutable_view,A6,0
1796,blocking_view,A6,0
1797,nested_view,A1,0
1797,mutable_view,A1,0
1797,blocking_view,A1,0
1797,nested_view,A2,0
1797,mutable_view,A2,0
1797,blocking_view,A2,0
1797,nested_view,A3,0
1797,mutable_view,A3,0
1797,blocking_view,A3,0
1797,nested_view,A4,0
1797,mutable_view,A4,0
1797,blocking_view,A4,0
1797,nested_view,A5,0
1797,mutable_view,A5,0
1797,blocking_view,A5,0
1797,nested_view,A6,0
1797,mutable_view,A6,0
1797,blocking_view,A6,0
1798,nested_view,A1,0
1798,mutable_view,A1,0
1798,blocking_view,A1,0
1798,nested_view,A2,0
1798,mutable_view,A2,0
1798,blocking_view,A2,0
1798,nested_view,A3,0
1798,mutable_view,A3,0
1798,blocking_view,A3,0
1798,nested_view,A4,0
1798,mutable_view,A4,0
1798,blocking_view,A4,0
1798,nested_view,A5,0
1798,mutable_view,A5,0
1798,blocking_view,A5,0
1798,nested_view,A6,0
1798,mutable_view,A6,0
1798,blocking_view,A6,0
1799,nested_view,A1,0
1799,mutable_view,A1,0
1799,blocking_view,A1,0
1799,nested_view,A2,0
1799,mutable_view,A2,0
1799,blocking_view,A2,0
1799,nested_view,A3,0
1799,mutable_view,A3,0
1799,blocking_view,A3,0
1799,nested_view,A4,0
1799,mutable_view,A4,0
1799,blocking_view,A4,0
1799,nested_view,A5,0
1799,mutable_view,A5,0
1799,blocking_view,A5,0
1799,nested_view,A6,0
1799,mutable_view,A6,0
1799,blocking_view,A6,0
1800,nested_view,A1,0
1800,mutable_view,A1,0
1800,blocking_view,A1,0
1800,nested_view,A2,0
1800,mutable_view,A2,0
1800,blocking_view,A2,0
1800,nested_view,A3,0
1800,mutable_view,A3,0
1800,blocking_view,A3,0
1800,nested_view,A4,0
1800,mutable_view,A4,0
1800,blocking_view,A4,0
1800,nested_view,A5,0
1800,mutable_view,A5,0
1800,blocking_view,A5,1
1800,nested_view,A6,0
1800,mutable_view,A6,0
1800,blocking_view,A6,0
1801,nested_view,A1,0
1801,mutable_view,A1,0
1801,blocking_view,A1,0
1801,nested_view,A2,0
1801,mutable_view,A2,0
1801,blocking_view,A2,0
1801,nested_view,A3,0
1801,mutable_view,A3,0
1801,blocking_view,A3,0
1801,nested_view,A4,0
1801,mutable_view,A4,0
1801,blocking_view,A4,0
1801,nested_view,A5,0
1801,mutable_view,A5,0
1801,blocking_view,A5,0
1801,nested_view,A6,0
1801,mutable_view,A6,0
1801,blocking_view,A6,0
1802,nested_view,A1,0
1802,mutable_view,A1,0
1802,blocking_view,A1,0
1802,nested_view,A2,0
1802,mutable_view,A2,0
1802,blocking_view,A2,0
1802,nested_view,A3,0
1802,mutable_view,A3,0
1802,blocking_view,A3,0
1802,nested_view,A4,0
1802,mutable_view,A4,0
1802,blocking_view,A4,0
1802,nested_view,A5,0
1802,mutable_view,A5,0
1802,blocking_view,A5,0
1802,nested_view,A6,0
1802,mutable_view,A6,0
1802,blocking_view,A6,0
1803,nested_view,A1,1
1803,mutable_view,A1,1
1803,blocking_view,A1,0
1803,nested_view,A2,1
1803,mutable_view,A2,1
1803,blocking_view,A2,0
1803,nested_view,A3,1
1803,mutable_view,A3,1
1803,blocking_view,A3,0
1803,nested_view,A4,1
1803,mutable_view,A4,1
1803,blocking_view,A4,0
1803,nested_view,A5,1
1803,mutable_view,A5,1
1803,blocking_view,A5,0
1803,nested_view,A6,0
1803,mutable_view,A6,0
1803,blocking_view,A6,0
1804,nested_view,A1,1
1804,mutable_view,A1,1
1804,blocking_view,A1,0
1804,nested_view,A2,1
1804,mutable_view,A2,1
1804,blocking_view,A2,0
1804,nested_view,A3,1
1804,mutable_view,A3,1
1804,blocking_view,A3,0
1804,nested_view,A4,1
1804,mutable_view,A4,1
1804,blocking_view,A4,0
1804,nested_view,A5,1
1804,mutable_view,A5,1
1804,blocking_view,A5,0
1804,nested_view,A6,0
1804,mutable_view,A6,0
1804,blocking_view,A6,0
1805,nested_view,A1,1
1805,mutable_view,A1,1
1805,blocking_view,A1,0
1805,nested_view,A2,1
1805,mutable_view,A2,1
1805,blocking_view,A2,0
1805,nested_view,A3,1
1805,mutable_view,A3,1
1805,blocking_view,A3,0
1805,nested_view,A4,1
1805,mutable_view,A4,1
1805,blocking_view,A4,0
1805,nested_view,A5,1
1805,mutable_view,A5,1
1805,blocking_view,A5,0
1805,nested_view,A6,0
1805,mutable_view,A6,0
1805,blocking_view,A6,0
1806,nested_view,A1,1
1806,mutable_view,A1,1
1806,blocking_view,A1,0
1806,nested_view,A2,1
1806,mutable_view,A2,1
1806,blocking_view,A2,0
1806,nested_view,A3,1
1806,mutable_view,A3,1
1806,blocking_view,A3,0
1806,nested_view,A4,1
1806,mutable_view,A4,1
1806,blocking_view,A4,0
1806,nested_view,A5,1
1806,mutable_view,A5,1
1806,blocking_view,A5,0
1806,nested_view,A6,0
1806,mutable_view,A6,0
1806,blocking_view,A6,0
1807,nested_view,A1,1
1807,mutable_view,A1,1
1807,blocking_view,A1,0
1807,nested_view,A2,1
1807,mutable_view,A2,1
1807,blocking_view,A2,0
1807,nested_view,A3,1
1807,mutable_view,A3,1
1807,blocking_view,A3,0
1807,nested_view,A4,1
1807,mutable_view,A4,1
1807,blocking_view,A4,0
1807,nested_view,A5,1
1807,mutable_view,A5,1
1807,blocking_view,A5,0
1807,nested_view,A6,0
1807,mutable_view,A6,0
1807,blocking_view,A6,0
1808,nested_view,A1,1
1808,mutable_view,A1,1
1808,blocking_view,A1,0
1808,nested_view,A2,1
1808,mutable_view,A2,1
1808,blocking_view,A2,0
1808,nested_view,A3,1
1808,mutable_view,A3,1
1808,blocking_view,A3,0
1808,nested_view,A4,1
1808,mutable_view,A4,1
1808,blocking_view,A4,0
1808,nested_view,A5,1
1808,mutable_view,A5,0
1808,blocking_view,A5,0
1808,nested_view,A6,0
1808,mutable_view,A6,0
1808,blocking_view,A6,0
1809,nested_view,A1,1
1809,mutable_view,A1,1
1809,blocking_view,A1,0
1809,nested_view,A2,1
1809,mutable_view,A2,1
1809,blocking_view,A2,0
1809,nested_view,A3,1
1809,mutable_view,A3,1
1809,blocking_view,A3,0
1809,nested_view,A4,1
1809,mutable_view,A4,1
1809,blocking_view,A4,0
1809,nested_view,A5,1
1809,mutable_view,A5,1
1809,blocking_view,A5,1
1809,nested_view,A6,0
1809,mutable_view,A6,0
1809,blocking_view,A6,0
1810,nested_view,A1,1
1810,mutable_view,A1,1
1810,blocking_view,A1,0
1810,nested_view,A2,1
1810,mutable_view,A2,1
1810,blocking_view,A2,0
1810,nested_view,A3,1
1810,mutable_view,A3,1
1810,blocking_view,A3,0
1810,nested_view,A4,1
1810,mutable_view,A4,1
1810,blocking_view,A4,0
1810,nested_view,A5,1
1810,mutable_view,A5,1
1810,blocking_view,A5,0
1810,nested_view,A6,0
1810,mutable_view,A6,0
1810,blocking_view,A6,0
1811,nested_view,A1,0
1811,mutable_view,A1,0
1811,blocking_view,A1,0
1811,nested_view,A2,0
1811,mutable_view,A2,0
1811,blocking_view,A2,0
1811,nested_view,A3,0
1811,mutable_view,A3,0
1811,blocking_view,A3,0
1811,nested_view,A4,0
1811,mutable_view,A4,0
1811,blocking_view,A4,0
1811,nested_view,A5,1
1811,mutable_view,A5,0
1811,blocking_view,A5,0
1811,nested_view,A6,0
1811,mutable_view,A6,0
1811,blocking_view,A6,0
1812,nested_view,A1,1
1812,mutable_view,A1,1
1812,blocking_view,A1,0
1812,nested_view,A2,1
1812,mutable_view,A2,1
1812,blocking_view,A2,0
1812,nested_view,A3,1
1812,mutable_view,A3,1
1812,blocking_view,A3,0
1812,nested_view,A4,1
1812,mutable_view,A4,1
1812,blocking_view,A4,0
1812,nested_view,A5,1
1812,mutable_view,A5,1
1812,blocking_view,A5,0
1812,nested_view,A6,0
1812,mutable_view,A6,0
1812,blocking_view,A6,0
1813,nested_view,A1,1
1813,mutable_view,A1,1
1813,blocking_view,A1,0
1813,nested_view,A2,1
1813,mutable_view,A2,1
1813,blocking_view,A2,0
1813,nested_view,A3,1
1813,mutable_view,A3,1
1813,blocking_view,A3,0
1813,nested_view,A4,1
1813,mutable_view,A4,1
1813,blocking_view,A4,0
1813,nested_view,A5,1
1813,mutable_view,A5,0
1813,blocking_view,A5,0
1813,nested_view,A6,0
1813,mutable_view,A6,0
1813,blocking_view,A6,0
1814,nested_view,A1,1
1814,mutable_view,A1,1
1814,blocking_view,A1,0
1814,nested_view,A2,1
1814,mutable_view,A2,1
1814,blocking_view,A2,0
1814,nested_view,A3,1
1814,mutable_view,A3,1
1814,blocking_view,A3,0
1814,nested_view,A4,1
1814,mutable_view,A4,1
1814,blocking_view,A4,0
1814,nested_view,A5,1
1814,mutable_view,A5,1
1814,blocking_view,A5,0
1814,nested_view,A6,0
1814,mutable_view,A6,1
1814,blocking_view,A6,0
1815,nested_view,A1,1
1815,mutable_view,A1,1
1815,blocking_view,A1,0
1815,nested_view,A2,1
1815,mutable_view,A2,1
1815,blocking_view,A2,0
1815,nested_view,A3,1
1815,mutable_view,A3,1
1815,blocking_view,A3,0
1815,nested_view,A4,1
1815,mutable_view,A4,1
1815,blocking_view,A4,0
1815,nested_view,A5,1
1815,mutable_view,A5,1
1815,blocking_view,A5,0
1815,nested_view,A6,0
1815,mutable_view,A6,0
1815,blocking_view,A6,0
1816,nested_view,A1,1
1816,mutable_view,A1,1
1816,blocking_view,A1,0
1816,nested_view,A2,1
1816,mutable_view,A2,1
1816,blocking_view,A2,0
1816,nested_view,A3,1
1816,mutable_view,A3,1
1816,blocking_view,A3,0
1816,nested_view,A4,1
1816,mutable_view,A4,1
1816,blocking_view,A4,0
1816,nested_view,A5,1
1816,mutable_view,A5,1
1816,blocking_view,A5,0
1816,nested_view,A6,0
1816,mutable_view,A6,0
1816,blocking_view,A6,0
1817,nested_view,A1,0
1817,mutable_view,A1,0
1817,blocking_view,A1,0
1817,nested_view,A2,0
1817,mutable_view,A2,0
1817,blocking_view,A2,0
1817,nested_view,A3,0
1817,mutable_view,A3,0
1817,blocking_view,A3,0
1817,nested_view,A4,0
1817,mutable_view,A4,0
1817,blocking_view,A4,0
1817,nested_view,A5,0
1817,mutable_view,A5,0
1817,blocking_view,A5,0
1817,nested_view,A6,0
1817,mutable_view,A6,0
1817,blocking_view,A6,0
1818,nested_view,A1,1
1818,mutable_view,A1,1
1818,blocking_view,A1,1
1818,nested_view,A2,1
1818,mutable_view,A2,1
1818,blocking_view,A2,1
1818,nested_view,A3,1
1818,mutable_view,A3,1
1818,blocking_view,A3,1
1818,nested_view,A4,1
1818,mutable_view,A4,1
1818,blocking_view,A4,0
1818,nested_view,A5,1
1818,mutable_view,A5,1
1818,blocking_view,A5,1
1818,nested_view,A6,1
1818,mutable_view,A6,1
1818,blocking_view,A6,1
1819,nested_view,A1,1
1819,mutable_view,A1,1
1819,blocking_view,A1,1
1819,nested_view,A2,1
1819,mutable_view,A2,1
1819,blocking_view,A2,1
1819,nested_view,A3,1
1819,mutable_view,A3,1
1819,blocking_view,A3,1
1819,nested_view,A4,1
1819,mutable_view,A4,1
1819,blocking_view,A4,0
1819,nested_view,A5,1
1819,mutable_view,A5,1
1819,blocking_view,A5,0
1819,nested_view,A6,1
1819,mutable_view,A6,1
1819,blocking_view,A6,1
1820,nested_view,A1,1
1820,mutable_view,A1,1
1820,blocking_view,A1,0
1820,nested_view,A2,1
1820,mutable_view,A2,1
1820,blocking_view,A2,0
1820,nested_view,A3,1
1820,mutable_view,A3,1
1820,blocking_view,A3,0
1820,nested_view,A4,1
1820,mutable_view,A4,1
1820,blocking_view,A4,0
1820,nested_view,A5,1
1820,mutable_view,A5,1
1820,blocking_view,A5,0
1820,nested_view,A6,0
1820,mutable_view,A6,0
1820,blocking_view,A6,1
1821,nested_view,A1,1
1821,mutable_view,A1,1
1821,blocking_view,A1,0
1821,nested_view,A2,1
1821,mutable_view,A2,1
1821,blocking_view,A2,0
1821,nested_view,A3,1
1821,mutable_view,A3,1
1821,blocking_view,A3,0
1821,nested_view,A4,1
1821,mutable_view,A4,1
1821,blocking_view,A4,0
1821,nested_view,A5,1
1821,mutable_view,A5,1
1821,blocking_view,A5,0
1821,nested_view,A6,0
1821,mutable_view,A6,0
1821,blocking_view,A6,0
1822,nested_view,A1,1
1822,mutable_view,A1,1
1822,blocking_view,A1,0
1822,nested_view,A2,1
1822,mutable_view,A2,1
1822,blocking_view,A2,0
1822,nested_view,A3,1
1822,mutable_view,A3,1
1822,blocking_view,A3,0
1822,nested_view,A4,1
1822,mutable_view,A4,1
1822,blocking_view,A4,0
1822,nested_view,A5,1
1822,mutable_view,A5,1
1822,blocking_view,A5,0
1822,nested_view,A6,1
1822,mutable_view,A6,1
1822,blocking_view,A6,1
1823,nested_view,A1,1
1823,mutable_view,A1,1
1823,blocking_view,A1,0
1823,nested_view,A2,1
1823,mutable_view,A2,1
1823,blocking_view,A2,0
1823,nested_view,A3,1
1823,mutable_view,A3,1
1823,blocking_view,A3,0
1823,nested_view,A4,1
1823,mutable_view,A4,1
1823,blocking_view,A4,0
1823,nested_view,A5,1
1823,mutable_view,A5,1
1823,blocking_view,A5,0
1823,nested_view,A6,0
1823,mutable_view,A6,1
1823,blocking_view,A6,0
1824,nested_view,A1,1
1824,mutable_view,A1,1
1824,blocking_view,A1,0
1824,nested_view,A2,1
1824,mutable_view,A2,1
1824,blocking_view,A2,0
1824,nested_view,A3,1
1824,mutable_view,A3,1
1824,blocking_view,A3,0
1824,nested_view,A4,1
1824,mutable_view,A4,1
1824,blocking_view,A4,0
1824,nested_view,A5,0
1824,mutable_view,A5,1
1824,blocking_view,A5,0
1824,nested_view,A6,0
1824,mutable_view,A6,0
1824,blocking_view,A6,0
1825,nested_view,A1,1
1825,mutable_view,A1,1
1825,blocking_view,A1,0
1825,nested_view,A2,1
1825,mutable_view,A2,1
1825,blocking_view,A2,0
1825,nested_view,A3,1
1825,mutable_view,A3,1
1825,blocking_view,A3,0
1825,nested_view,A4,1
1825,mutable_view,A4,1
1825,blocking_view,A4,0
1825,nested_view,A5,0
1825,mutable_view,A5,1
1825,blocking_view,A5,0
1825,nested_view,A6,0
1825,mutable_view,A6,0
1825,blocking_view,A6,0
1826,nested_view,A1,1
1826,mutable_view,A1,1
1826,blocking_view,A1,0
1826,nested_view,A2,1
1826,mutable_view,A2,1
1826,blocking_view,A2,0
1826,nested_view,A3,1
1826,mutable_view,A3,1
1826,blocking_view,A3,0
1826,nested_view,A4,1
1826,mutable_view,A4,1
1826,blocking_view,A4,0
1826,nested_view,A5,1
1826,mutable_view,A5,1
1826,blocking_view,A5,0
1826,nested_view,A6,0
1826,mutable_view,A6,1
1826,blocking_view,A6,0
1827,nested_view,A1,1
1827,mutable_view,A1,1
1827,blocking_view,A1,0
1827,nested_view,A2,1
1827,mutable_view,A2,1
1827,blocking_view,A2,0
1827,nested_view,A3,1
1827,mutable_view,A3,1
1827,blocking_view,A3,0
1827,nested_view,A4,1
1827,mutable_view,A4,1
1827,blocking_view,A4,0
1827,nested_view,A5,1
1827,mutable_view,A5,1
1827,blocking_view,A5,0
1827,nested_view,A6,0
1827,mutable_view,A6,0
1827,blocking_view,A6,0
1828,nested_view,A1,1
1828,mutable_view,A1,1
1828,blocking_view,A1,0
1828,nested_view,A2,1
1828,mutable_view,A2,1
1828,blocking_view,A2,0
1828,nested_view,A3,1
1828,mutable_view,A3,1
1828,blocking_view,A3,0
1828,nested_view,A4,1
1828,mutable_view,A4,1
1828,blocking_view,A4,0
1828,nested_view,A5,1
1828,mutable_view,A5,1
1828,blocking_view,A5,0
1828,nested_view,A6,0
1828,mutable_view,A6,0
1828,blocking_view,A6,0
1829,nested_view,A1,1
1829,mutable_view,A1,1
1829,blocking_view,A1,0
1829,nested_view,A2,1
1829,mutable_view,A2,1
1829,blocking_view,A2,0
1829,nested_view,A3,1
1829,mutable_view,A3,1
1829,blocking_view,A3,0
1829,nested_view,A4,1
1829,mutable_view,A4,1
1829,blocking_view,A4,0
1829,nested_view,A5,1
1829,mutable_view,A5,1
1829,blocking_view,A5,0
1829,nested_view,A6,1
1829,mutable_view,A6,1
1829,blocking_view,A6,1
1830,nested_view,A1,1
1830,mutable_view,A1,1
1830,blocking_view,A1,0
1830,nested_view,A2,1
1830,mutable_view,A2,1
1830,blocking_view,A2,0
1830,nested_view,A3,1
1830,mutable_view,A3,1
1830,blocking_view,A3,0
1830,nested_view,A4,1
1830,mutable_view,A4,1
1830,blocking_view,A4,0
1830,nested_view,A5,1
1830,mutable_view,A5,0
1830,blocking_view,A5,0
1830,nested_view,A6,0
1830,mutable_view,A6,0
1830,blocking_view,A6,0
1831,nested_view,A1,1
1831,mutable_view,A1,1
1831,blocking_view,A1,0
1831,nested_view,A2,1
1831,mutable_view,A2,1
1831,blocking_view,A2,0
1831,nested_view,A3,1
1831,mutable_view,A3,1
1831,blocking_view,A3,0
1831,nested_view,A4,1
1831,mutable_view,A4,1
1831,blocking_view,A4,0
1831,nested_view,A5,1
1831,mutable_view,A5,1
1831,blocking_view,A5,0
1831,nested_view,A6,1
1831,mutable_view,A6,1
1831,blocking_view,A6,1
1832,nested_view,A1,1
1832,mutable_view,A1,1
1832,blocking_view,A1,0
1832,nested_view,A2,1
1832,mutable_view,A2,1
1832,blocking_view,A2,0
1832,nested_view,A3,1
1832,mutable_view,A3,1
1832,blocking_view,A3,0
1832,nested_view,A4,1
1832,mutable_view,A4,1
1832,blocking_view,A4,0
1832,nested_view,A5,1
1832,mutable_view,A5,1
1832,blocking_view,A5,0
1832,nested_view,A6,1
1832,mutable_view,A6,1
1832,blocking_view,A6,1
1833,nested_view,A1,1
1833,mutable_view,A1,1
1833,blocking_view,A1,0
1833,nested_view,A2,1
1833,mutable_view,A2,1
1833,blocking_view,A2,0
1833,nested_view,A3,1
1833,mutable_view,A3,1
1833,blocking_view,A3,0
1833,nested_view,A4,1
1833,mutable_view,A4,1
1833,blocking_view,A4,0
1833,nested_view,A5,1
1833,mutable_view,A5,1
1833,blocking_view,A5,0
1833,nested_view,A6,1
1833,mutable_view,A6,1
1833,blocking_view,A6,1
1834,nested_view,A1,1
1834,mutable_view,A1,1
1834,blocking_view,A1,0
1834,nested_view,A2,1
1834,mutable_view,A2,1
1834,blocking_view,A2,0
1834,nested_view,A3,1
1834,mutable_view,A3,1
1834,blocking_view,A3,0
1834,nested_view,A4,1
1834,mutable_view,A4,1
1834,blocking_view,A4,0
1834,nested_view,A5,1
1834,mutable_view,A5,1
1834,blocking_view,A5,0
1834,nested_view,A6,0
1834,mutable_view,A6,0
1834,blocking_view,A6,0
1835,nested_view,A1,0
1835,mutable_view,A1,0
1835,blocking_view,A1,0
1835,nested_view,A2,0
1835,mutable_view,A2,0
1835,blocking_view,A2,0
1835,nested_view,A3,0
1835,mutable_view,A3,0
1835,blocking_view,A3,0
1835,nested_view,A4,0
1835,mutable_view,A4,0
1835,blocking_view,A4,0
1835,nested_view,A5,0
1835,mutable_view,A5,0
1835,blocking_view,A5,0
1835,nested_view,A6,0
1835,mutable_view,A6,0
1835,blocking_view,A6,0
1836,nested_view,A1,1
1836,mutable_view,A1,1
1836,blocking_view,A1,0
1836,nested_view,A2,1
1836,mutable_view,A2,1
1836,blocking_view,A2,0
1836,nested_view,A3,1
1836,mutable_view,A3,1
1836,blocking_view,A3,0
1836,nested_view,A4,1
1836,mutable_view,A4,0
1836,blocking_view,A4,0
1836,nested_view,A5,1
1836,mutable_view,A5,1
1836,blocking_view,A5,0
1836,nested_view,A6,0
1836,mutable_view,A6,0
1836,blocking_view,A6,0
1837,nested_view,A1,1
1837,mutable_view,A1,1
1837,blocking_view,A1,0
1837,nested_view,A2,1
1837,mutable_view,A2,1
1837,blocking_view,A2,0
1837,nested_view,A3,1
1837,mutable_view,A3,1
1837,blocking_view,A3,0
1837,nested_view,A4,1
1837,mutable_view,A4,1
1837,blocking_view,A4,0
1837,nested_view,A5,1
1837,mutable_view,A5,1
1837,blocking_view,A5,0
1837,nested_view,A6,0
1837,mutable_view,A6,0
1837,blocking_view,A6,0
1838,nested_view,A1,1
1838,mutable_view,A1,1
1838,blocking_view,A1,0
1838,nested_view,A2,1
1838,mutable_view,A2,1
1838,blocking_view,A2,0
1838,nested_view,A3,1
1838,mutable_view,A3,1
1838,blocking_view,A3,0
1838,nested_view,A4,1
1838,mutable_view,A4,1
1838,blocking_view,A4,0
1838,nested_view,A5,1
1838,mutable_view,A5,1
1838,blocking_view,A5,0
1838,nested_view,A6,0
1838,mutable_view,A6,1
1838,blocking_view,A6,1
1839,nested_view,A1,0
1839,mutable_view,A1,0
1839,blocking_view,A1,0
1839,nested_view,A2,0
1839,mutable_view,A2,0
1839,blocking_view,A2,0
1839,nested_view,A3,0
1839,mutable_view,A3,0
1839,blocking_view,A3,0
1839,nested_view,A4,1
1839,mutable_view,A4,0
1839,blocking_view,A4,0
1839,nested_view,A5,0
1839,mutable_view,A5,0
1839,blocking_view,A5,0
1839,nested_view,A6,0
1839,mutable_view,A6,0
1839,blocking_view,A6,0
1840,nested_view,A1,1
1840,mutable_view,A1,1
1840,blocking_view,A1,0
1840,nested_view,A2,1
1840,mutable_view,A2,1
1840,blocking_view,A2,0
1840,nested_view,A3,1
1840,mutable_view,A3,1
1840,blocking_view,A3,0
1840,nested_view,A4,1
1840,mutable_view,A4,1
1840,blocking_view,A4,0
1840,nested_view,A5,1
1840,mutable_view,A5,1
1840,blocking_view,A5,0
1840,nested_view,A6,0
1840,mutable_view,A6,1
1840,blocking_view,A6,1
1841,nested_view,A1,1
1841,mutable_view,A1,1
1841,blocking_view,A1,0
1841,nested_view,A2,1
1841,mutable_view,A2,1
1841,blocking_view,A2,0
1841,nested_view,A3,1
1841,mutable_view,A3,1
1841,blocking_view,A3,0
1841,nested_view,A4,1
1841,mutable_view,A4,1
1841,blocking_view,A4,0
1841,nested_view,A5,1
1841,mutable_view,A5,1
1841,blocking_view,A5,0
1841,nested_view,A6,0
1841,mutable_view,A6,0
1841,blocking_view,A6,1
1842,nested_view,A1,0
1842,mutable_view,A1,0
1842,blocking_view,A1,0
1842,nested_view,A2,0
1842,mutable_view,A2,0
1842,blocking_view,A2,0
1842,nested_view,A3,0
1842,mutable_view,A3,0
1842,blocking_view,A3,0
1842,nested_view,A4,0
1842,mutable_view,A4,0
1842,blocking_view,A4,0
1842,nested_view,A5,0
1842,mutable_view,A5,0
1842,blocking_view,A5,0
1842,nested_view,A6,0
1842,mutable_view,A6,0
1842,blocking_view,A6,0
1843,nested_view,A1,1
1843,mutable_view,A1,1
1843,blocking_view,A1,0
1843,nested_view,A2,1
1843,mutable_view,A2,1
1843,blocking_view,A2,0
1843,nested_view,A3,1
1843,mutable_view,A3,1
1843,blocking_view,A3,0
1843,nested_view,A4,0
1843,mutable_view,A4,1
1843,blocking_view,A4,0
1843,nested_view,A5,1
1843,mutable_view,A5,1
1843,blocking_view,A5,0
1843,nested_view,A6,0
1843,mutable_view,A6,0
1843,blocking_view,A6,0
1844,nested_view,A1,0
1844,mutable_view,A1,0
1844,blocking_view,A1,0
1844,nested_view,A2,0
1844,mutable_view,A2,0
1844,blocking_view,A2,0
1844,nested_view,A3,0
1844,mutable_view,A3,0
1844,blocking_view,A3,0
1844,nested_view,A4,0
1844,mutable_view,A4,0
1844,blocking_view,A4,0
1844,nested_view,A5,0
1844,mutable_view,A5,0
1844,blocking_view,A5,0
1844,nested_view,A6,0
1844,mutable_view,A6,0
1844,blocking_view,A6,0
1845,nested_view,A1,0
1845,mutable_view,A1,0
1845,blocking_view,A1,0
1845,nested_view,A2,0
1845,mutable_view,A2,0
1845,blocking_view,A2,0
1845,nested_view,A3,0
1845,mutable_view,A3,0
1845,blocking_view,A3,0
1845,nested_view,A4,0
1845,mutable_view,A4,0
1845,blocking_view,A4,0
1845,nested_view,A5,0
1845,mutable_view,A5,0
1845,blocking_view,A5,0
1845,nested_view,A6,0
1845,mutable_view,A6,0
1845,blocking_view,A6,0
1846,nested_view,A1,1
1846,mutable_view,A1,1
1846,blocking_view,A1,0
1846,nested_view,A2,1
1846,mutable_view,A2,1
1846,blocking_view,A2,0
1846,nested_view,A3,1
1846,mutable_view,A3,1
1846,blocking_view,A3,0
1846,nested_view,A4,1
1846,mutable_view,A4,1
1846,blocking_view,A4,0
1846,nested_view,A5,1
1846,mutable_view,A5,1
1846,blocking_view,A5,0
1846,nested_view,A6,0
1846,mutable_view,A6,0
1846,blocking_view,A6,0
1847,nested_view,A1,1
1847,mutable_view,A1,1
1847,blocking_view,A1,0
1847,nested_view,A2,1
1847,mutable_view,A2,1
1847,blocking_view,A2,0
1847,nested_view,A3,1
1847,mutable_view,A3,1
1847,blocking_view,A3,0
1847,nested_view,A4,1
1847,mutable_view,A4,1
1847,blocking_view,A4,0
1847,nested_view,A5,1
1847,mutable_view,A5,1
1847,blocking_view,A5,0
1847,nested_view,A6,0
1847,mutable_view,A6,1
1847,blocking_view,A6,1
1848,nested_view,A1,1
1848,mutable_view,A1,1
1848,blocking_view,A1,0
1848,nested_view,A2,1
1848,mutable_view,A2,1
1848,blocking_view,A2,0
1848,nested_view,A3,1
1848,mutable_view,A3,1
1848,blocking_view,A3,0
1848,nested_view,A4,1
1848,mutable_view,A4,1
1848,blocking_view,A4,0
1848,nested_view,A5,0
1848,mutable_view,A5,1
1848,blocking_view,A5,0
1848,nested_view,A6,0
1848,mutable_view,A6,1
1848,blocking_view,A6,1
1849,nested_view,A1,1
1849,mutable_view,A1,1
1849,blocking_view,A1,1
1849,nested_view,A2,1
1849,mutable_view,A2,1
1849,blocking_view,A2,1
1849,nested_view,A3,1
1849,mutable_view,A3,1
1849,blocking_view,A3,1
1849,nested_view,A4,1
1849,mutable_view,A4,1
1849,blocking_view,A4,0
1849,nested_view,A5,1
1849,mutable_view,A5,1
1849,blocking_view,A5,1
1849,nested_view,A6,1
1849,mutable_view,A6,1
1849,blocking_view,A6,1
1850,nested_view,A1,1
1850,mutable_view,A1,1
1850,blocking_view,A1,1
1850,nested_view,A2,1
1850,mutable_view,A2,1
1850,blocking_view,A2,1
1850,nested_view,A3,1
1850,mutable_view,A3,1
1850,blocking_view,A3,1
1850,nested_view,A4,1
1850,mutable_view,A4,1
1850,blocking_view,A4,0
1850,nested_view,A5,1
1850,mutable_view,A5,1
1850,blocking_view,A5,1
1850,nested_view,A6,1
1850,mutable_view,A6,1
1850,blocking_view,A6,1
1851,nested_view,A1,1
1851,mutable_view,A1,1
1851,blocking_view,A1,1
1851,nested_view,A2,1
1851,mutable_view,A2,1
1851,blocking_view,A2,1
1851,nested_view,A3,1
1851,mutable_view,A3,1
1851,blocking_view,A3,1
1851,nested_view,A4,1
1851,mutable_view,A4,1
1851,blocking_view,A4,0
1851,nested_view,A5,1
1851,mutable_view,A5,1
1851,blocking_view,A5,1
1851,nested_view,A6,0
1851,mutable_view,A6,0
1851,blocking_view,A6,0
1852,nested_view,A1,1
1852,mutable_view,A1,1
1852,blocking_view,A1,0
1852,nested_view,A2,1
1852,mutable_view,A2,1
1852,blocking_view,A2,0
1852,nested_view,A3,1
1852,mutable_view,A3,1
1852,blocking_view,A3,0
1852,nested_view,A4,1
1852,mutable_view,A4,1
1852,blocking_view,A4,0
1852,nested_view,A5,0
1852,mutable_view,A5,1
1852,blocking_view,A5,0
1852,nested_view,A6,0
1852,mutable_view,A6,1
1852,blocking_view,A6,0
1853,nested_view,A1,1
1853,mutable_view,A1,1
1853,blocking_view,A1,0
1853,nested_view,A2,1
1853,mutable_view,A2,1
1853,blocking_view,A2,0
1853,nested_view,A3,1
1853,mutable_view,A3,1
1853,blocking_view,A3,0
1853,nested_view,A4,1
1853,mutable_view,A4,1
1853,blocking_view,A4,0
1853,nested_view,A5,1
1853,mutable_view,A5,0
1853,blocking_view,A5,0
1853,nested_view,A6,0
1853,mutable_view,A6,1
1853,blocking_view,A6,0
1854,nested_view,A1,1
1854,mutable_view,A1,1
1854,blocking_view,A1,0
1854,nested_view,A2,1
1854,mutable_view,A2,1
1854,blocking_view,A2,0
1854,nested_view,A3,1
1854,mutable_view,A3,1
1854,blocking_view,A3,0
1854,nested_view,A4,1
1854,mutable_view,A4,1
1854,blocking_view,A4,0
1854,nested_view,A5,0
1854,mutable_view,A5,1
1854,blocking_view,A5,0
1854,nested_view,A6,0
1854,mutable_view,A6,1
1854,blocking_view,A6,0
1855,nested_view,A1,1
1855,mutable_view,A1,1
1855,blocking_view,A1,1
1855,nested_view,A2,1
1855,mutable_view,A2,1
1855,blocking_view,A2,1
1855,nested_view,A3,1
1855,mutable_view,A3,1
1855,blocking_view,A3,0
1855,nested_view,A4,1
1855,mutable_view,A4,1
1855,blocking_view,A4,0
1855,nested_view,A5,1
1855,mutable_view,A5,1
1855,blocking_view,A5,0
1855,nested_view,A6,0
1855,mutable_view,A6,0
1855,blocking_view,A6,0
1856,nested_view,A1,1
1856,mutable_view,A1,1
1856,blocking_view,A1,0
1856,nested_view,A2,1
1856,mutable_view,A2,1
1856,blocking_view,A2,0
1856,nested_view,A3,1
1856,mutable_view,A3,1
1856,blocking_view,A3,0
1856,nested_view,A4,1
1856,mutable_view,A4,1
1856,blocking_view,A4,0
1856,nested_view,A5,1
1856,mutable_view,A5,1
1856,blocking_view,A5,0
1856,nested_view,A6,0
1856,mutable_view,A6,1
1856,blocking_view,A6,1
1857,nested_view,A1,1
1857,mutable_view,A1,1
1857,blocking_view,A1,0
1857,nested_view,A2,1
1857,mutable_view,A2,1
1857,blocking_view,A2,0
1857,nested_view,A3,1
1857,mutable_view,A3,1
1857,blocking_view,A3,0
1857,nested_view,A4,1
1857,mutable_view,A4,1
1857,blocking_view,A4,0
1857,nested_view,A5,1
1857,mutable_view,A5,1
1857,blocking_view,A5,0
1857,nested_view,A6,0
1857,mutable_view,A6,0
1857,blocking_view,A6,1
1858,nested_view,A1,0
1858,mutable_view,A1,0
1858,blocking_view,A1,0
1858,nested_view,A2,0
1858,mutable_view,A2,0
1858,blocking_view,A2,0
1858,nested_view,A3,0
1858,mutable_view,A3,0
1858,blocking_view,A3,0
1858,nested_view,A4,0
1858,mutable_view,A4,0
1858,blocking_view,A4,0
1858,nested_view,A5,0
1858,mutable_view,A5,1
1858,blocking_view,A5,1
1858,nested_view,A6,0
1858,mutable_view,A6,0
1858,blocking_view,A6,0
1859,nested_view,A1,1
1859,mutable_view,A1,1
1859,blocking_view,A1,0
1859,nested_view,A2,1
1859,mutable_view,A2,1
1859,blocking_view,A2,0
1859,nested_view,A3,1
1859,mutable_view,A3,1
1859,blocking_view,A3,0
1859,nested_view,A4,1
1859,mutable_view,A4,1
1859,blocking_view,A4,0
1859,nested_view,A5,1
1859,mutable_view,A5,1
1859,blocking_view,A5,0
1859,nested_view,A6,0
1859,mutable_view,A6,0
1859,blocking_view,A6,0
1860,nested_view,A1,1
1860,mutable_view,A1,1
1860,blocking_view,A1,1
1860,nested_view,A2,1
1860,mutable_view,A2,1
1860,blocking_view,A2,1
1860,nested_view,A3,1
1860,mutable_view,A3,1
1860,blocking_view,A3,0
1860,nested_view,A4,1
1860,mutable_view,A4,1
1860,blocking_view,A4,0
1860,nested_view,A5,1
1860,mutable_view,A5,0
1860,blocking_view,A5,0
1860,nested_view,A6,1
1860,mutable_view,A6,1
1860,blocking_view,A6,1
1861,nested_view,A1,1
1861,mutable_view,A1,1
1861,blocking_view,A1,1
1861,nested_view,A2,1
1861,mutable_view,A2,1
1861,blocking_view,A2,1
1861,nested_view,A3,1
1861,mutable_view,A3,1
1861,blocking_view,A3,1
1861,nested_view,A4,1
1861,mutable_view,A4,1
1861,blocking_view,A4,0
1861,nested_view,A5,1
1861,mutable_view,A5,1
1861,blocking_view,A5,1
1861,nested_view,A6,1
1861,mutable_view,A6,1
1861,blocking_view,A6,0
1862,nested_view,A1,1
1862,mutable_view,A1,0
1862,blocking_view,A1,1
1862,nested_view,A2,1
1862,mutable_view,A2,0
1862,blocking_view,A2,1
1862,nested_view,A3,1
1862,mutable_view,A3,0
1862,blocking_view,A3,1
1862,nested_view,A4,1
1862,mutable_view,A4,0
1862,blocking_view,A4,0
1862,nested_view,A5,1
1862,mutable_view,A5,0
1862,blocking_view,A5,1
1862,nested_view,A6,0
1862,mutable_view,A6,0
1862,blocking_view,A6,0
1863,nested_view,A1,1
1863,mutable_view,A1,1
1863,blocking_view,A1,0
1863,nested_view,A2,1
1863,mutable_view,A2,1
1863,blocking_view,A2,0
1863,nested_view,A3,1
1863,mutable_view,A3,1
1863,blocking_view,A3,0
1863,nested_view,A4,1
1863,mutable_view,A4,1
1863,blocking_view,A4,0
1863,nested_view,A5,1
1863,mutable_view,A5,1
1863,blocking_view,A5,0
1863,nested_view,A6,0
1863,mutable_view,A6,1
1863,blocking_view,A6,1
1864,nested_view,A1,1
1864,mutable_view,A1,1
1864,blocking_view,A1,0
1864,nested_view,A2,1
1864,mutable_view,A2,1
1864,blocking_view,A2,0
1864,nested_view,A3,1
1864,mutable_view,A3,1
1864,blocking_view,A3,0
1864,nested_view,A4,1
1864,mutable_view,A4,1
1864,blocking_view,A4,0
1864,nested_view,A5,1
1864,mutable_view,A5,1
1864,blocking_view,A5,0
1864,nested_view,A6,0
1864,mutable_view,A6,1
1864,blocking_view,A6,0
1865,nested_view,A1,1
1865,mutable_view,A1,1
1865,blocking_view,A1,0
1865,nested_view,A2,1
1865,mutable_view,A2,1
1865,blocking_view,A2,0
1865,nested_view,A3,1
1865,mutable_view,A3,1
1865,blocking_view,A3,0
1865,nested_view,A4,1
1865,mutable_view,A4,1
1865,blocking_view,A4,0
1865,nested_view,A5,1
1865,mutable_view,A5,1
1865,blocking_view,A5,0
1865,nested_view,A6,0
1865,mutable_view,A6,1
1865,blocking_view,A6,1
1866,nested_view,A1,1
1866,mutable_view,A1,1
1866,blocking_view,A1,0
1866,nested_view,A2,1
1866,mutable_view,A2,1
1866,blocking_view,A2,0
1866,nested_view,A3,1
1866,mutable_view,A3,1
1866,blocking_view,A3,0
1866,nested_view,A4,1
1866,mutable_view,A4,1
1866,blocking_view,A4,0
1866,nested_view,A5,1
1866,mutable_view,A5,1
1866,blocking_view,A5,0
1866,nested_view,A6,0
1866,mutable_view,A6,1
1866,blocking_view,A6,1
1867,nested_view,A1,1
1867,mutable_view,A1,1
1867,blocking_view,A1,0
1867,nested_view,A2,1
1867,mutable_view,A2,1
1867,blocking_view,A2,0
1867,nested_view,A3,1
1867,mutable_view,A3,1
1867,blocking_view,A3,0
1867,nested_view,A4,1
1867,mutable_view,A4,1
1867,blocking_view,A4,0
1867,nested_view,A5,1
1867,mutable_view,A5,1
1867,blocking_view,A5,0
1867,nested_view,A6,0
1867,mutable_view,A6,0
1867,blocking_view,A6,0
1868,nested_view,A1,1
1868,mutable_view,A1,1
1868,blocking_view,A1,0
1868,nested_view,A2,1
1868,mutable_view,A2,1
1868,blocking_view,A2,0
1868,nested_view,A3,1
1868,mutable_view,A3,1
1868,blocking_view,A3,0
1868,nested_view,A4,1
1868,mutable_view,A4,1
1868,blocking_view,A4,0
1868,nested_view,A5,1
1868,mutable_view,A5,1
1868,blocking_view,A5,0
1868,nested_view,A6,0
1868,mutable_view,A6,1
1868,blocking_view,A6,1
1869,nested_view,A1,1
1869,mutable_view,A1,1
1869,blocking_view,A1,0
1869,nested_view,A2,1
1869,mutable_view,A2,1
1869,blocking_view,A2,0
1869,nested_view,A3,1
1869,mutable_view,A3,1
1869,blocking_view,A3,0
1869,nested_view,A4,1
1869,mutable_view,A4,1
1869,blocking_view,A4,0
1869,nested_view,A5,1
1869,mutable_view,A5,1
1869,blocking_view,A5,0
1869,nested_view,A6,0
1869,mutable_view,A6,1
1869,blocking_view,A6,1
1870,nested_view,A1,1
1870,mutable_view,A1,1
1870,blocking_view,A1,0
1870,nested_view,A2,1
1870,mutable_view,A2,1
1870,blocking_view,A2,0
1870,nested_view,A3,1
1870,mutable_view,A3,1
1870,blocking_view,A3,0
1870,nested_view,A4,1
1870,mutable_view,A4,1
1870,blocking_view,A4,0
1870,nested_view,A5,1
1870,mutable_view,A5,1
1870,blocking_view,A5,0
1870,nested_view,A6,0
1870,mutable_view,A6,0
1870,blocking_view,A6,0
1871,nested_view,A1,1
1871,mutable_view,A1,1
1871,blocking_view,A1,0
1871,nested_view,A2,1
1871,mutable_view,A2,1
1871,blocking_view,A2,0
1871,nested_view,A3,1
1871,mutable_view,A3,1
1871,blocking_view,A3,0
1871,nested_view,A4,1
1871,mutable_view,A4,1
1871,blocking_view,A4,0
1871,nested_view,A5,1
1871,mutable_view,A5,1
1871,blocking_view,A5,0
1871,nested_view,A6,0
1871,mutable_view,A6,1
1871,blocking_view,A6,1
1872,nested_view,A1,1
1872,mutable_view,A1,1
1872,blocking_view,A1,0
1872,nested_view,A2,1
1872,mutable_view,A2,1
1872,blocking_view,A2,0
1872,nested_view,A3,1
1872,mutable_view,A3,1
1872,blocking_view,A3,0
1872,nested_view,A4,1
1872,mutable_view,A4,1
1872,blocking_view,A4,0
1872,nested_view,A5,0
1872,mutable_view,A5,1
1872,blocking_view,A5,0
1872,nested_view,A6,0
1872,mutable_view,A6,1
1872,blocking_view,A6,1
1873,nested_view,A1,0
1873,mutable_view,A1,0
1873,blocking_view,A1,0
1873,nested_view,A2,0
1873,mutable_view,A2,0
1873,blocking_view,A2,0
1873,nested_view,A3,0
1873,mutable_view,A3,0
1873,blocking_view,A3,0
1873,nested_view,A4,0
1873,mutable_view,A4,0
1873,blocking_view,A4,0
1873,nested_view,A5,0
1873,mutable_view,A5,0
1873,blocking_view,A5,0
1873,nested_view,A6,0
1873,mutable_view,A6,0
1873,blocking_view,A6,0
1874,nested_view,A1,1
1874,mutable_view,A1,1
1874,blocking_view,A1,1
1874,nested_view,A2,1
1874,mutable_view,A2,1
1874,blocking_view,A2,1
1874,nested_view,A3,1
1874,mutable_view,A3,1
1874,blocking_view,A3,1
1874,nested_view,A4,1
1874,mutable_view,A4,1
1874,blocking_view,A4,0
1874,nested_view,A5,1
1874,mutable_view,A5,1
1874,blocking_view,A5,0
1874,nested_view,A6,1
1874,mutable_view,A6,1
1874,blocking_view,A6,1
1875,nested_view,A1,1
1875,mutable_view,A1,1
1875,blocking_view,A1,0
1875,nested_view,A2,1
1875,mutable_view,A2,1
1875,blocking_view,A2,0
1875,nested_view,A3,1
1875,mutable_view,A3,1
1875,blocking_view,A3,0
1875,nested_view,A4,1
1875,mutable_view,A4,1
1875,blocking_view,A4,0
1875,nested_view,A5,1
1875,mutable_view,A5,1
1875,blocking_view,A5,0
1875,nested_view,A6,1
1875,mutable_view,A6,1
1875,blocking_view,A6,1
1876,nested_view,A1,1
1876,mutable_view,A1,1
1876,blocking_view,A1,0
1876,nested_view,A2,1
1876,mutable_view,A2,1
1876,blocking_view,A2,0
1876,nested_view,A3,1
1876,mutable_view,A3,1
1876,blocking_view,A3,0
1876,nested_view,A4,1
1876,mutable_view,A4,1
1876,blocking_view,A4,0
1876,nested_view,A5,1
1876,mutable_view,A5,1
1876,blocking_view,A5,0
1876,nested_view,A6,0
1876,mutable_view,A6,0
1876,blocking_view,A6,0
1877,nested_view,A1,1
1877,mutable_view,A1,1
1877,blocking_view,A1,0
1877,nested_view,A2,1
1877,mutable_view,A2,1
1877,blocking_view,A2,0
1877,nested_view,A3,1
1877,mutable_view,A3,1
1877,blocking_view,A3,0
1877,nested_view,A4,1
1877,mutable_view,A4,0
1877,blocking_view,A4,0
1877,nested_view,A5,0
1877,mutable_view,A5,1
1877,blocking_view,A5,0
1877,nested_view,A6,0
1877,mutable_view,A6,1
1877,blocking_view,A6,0
1878,nested_view,A1,1
1878,mutable_view,A1,1
1878,blocking_view,A1,0
1878,nested_view,A2,1
1878,mutable_view,A2,1
1878,blocking_view,A2,0
1878,nested_view,A3,1
1878,mutable_view,A3,1
1878,blocking_view,A3,0
1878,nested_view,A4,1
1878,mutable_view,A4,1
1878,blocking_view,A4,0
1878,nested_view,A5,1
1878,mutable_view,A5,1
1878,blocking_view,A5,0
1878,nested_view,A6,0
1878,mutable_view,A6,0
1878,blocking_view,A6,0
1879,nested_view,A1,1
1879,mutable_view,A1,1
1879,blocking_view,A1,0
1879,nested_view,A2,1
1879,mutable_view,A2,1
1879,blocking_view,A2,0
1879,nested_view,A3,1
1879,mutable_view,A3,1
1879,blocking_view,A3,0
1879,nested_view,A4,1
1879,mutable_view,A4,1
1879,blocking_view,A4,0
1879,nested_view,A5,1
1879,mutable_view,A5,1
1879,blocking_view,A5,0
1879,nested_view,A6,0
1879,mutable_view,A6,0
1879,blocking_view,A6,0
1880,nested_view,A1,1
1880,mutable_view,A1,1
1880,blocking_view,A1,1
1880,nested_view,A2,1
1880,mutable_view,A2,1
1880,blocking_view,A2,1
1880,nested_view,A3,1
1880,mutable_view,A3,1
1880,blocking_view,A3,0
1880,nested_view,A4,1
1880,mutable_view,A4,1
1880,blocking_view,A4,0
1880,nested_view,A5,1
1880,mutable_view,A5,1
1880,blocking_view,A5,0
1880,nested_view,A6,0
1880,mutable_view,A6,0
1880,blocking_view,A6,0
1881,nested_view,A1,1
1881,mutable_view,A1,1
1881,blocking_view,A1,0
1881,nested_view,A2,1
1881,mutable_view,A2,1
1881,blocking_view,A2,0
1881,nested_view,A3,1
1881,mutable_view,A3,1
1881,blocking_view,A3,0
1881,nested_view,A4,1
1881,mutable_view,A4,1
1881,blocking_view,A4,0
1881,nested_view,A5,1
1881,mutable_view,A5,1
1881,blocking_view,A5,0
1881,nested_view,A6,0
1881,mutable_view,A6,1
1881,blocking_view,A6,0
1882,nested_view,A1,1
1882,mutable_view,A1,1
1882,blocking_view,A1,0
1882,nested_view,A2,1
1882,mutable_view,A2,1
1882,blocking_view,A2,0
1882,nested_view,A3,1
1882,mutable_view,A3,1
1882,blocking_view,A3,0
1882,nested_view,A4,1
1882,mutable_view,A4,1
1882,blocking_view,A4,0
1882,nested_view,A5,1
1882,mutable_view,A5,1
1882,blocking_view,A5,0
1882,nested_view,A6,0
1882,mutable_view,A6,1
1882,blocking_view,A6,1
1883,nested_view,A1,1
1883,mutable_view,A1,1
1883,blocking_view,A1,0
1883,nested_view,A2,1
1883,mutable_view,A2,1
1883,blocking_view,A2,0
1883,nested_view,A3,1
1883,mutable_view,A3,1
1883,blocking_view,A3,0
1883,nested_view,A4,1
1883,mutable_view,A4,1
1883,blocking_view,A4,0
1883,nested_view,A5,1
1883,mutable_view,A5,1
1883,blocking_view,A5,0
1883,nested_view,A6,0
1883,mutable_view,A6,1
1883,blocking_view,A6,1
1884,nested_view,A1,1
1884,mutable_view,A1,1
1884,blocking_view,A1,0
1884,nested_view,A2,1
1884,mutable_view,A2,1
1884,blocking_view,A2,0
1884,nested_view,A3,1
1884,mutable_view,A3,1
1884,blocking_view,A3,0
1884,nested_view,A4,1
1884,mutable_view,A4,1
1884,blocking_view,A4,0
1884,nested_view,A5,1
1884,mutable_view,A5,1
1884,blocking_view,A5,0
1884,nested_view,A6,1
1884,mutable_view,A6,1
1884,blocking_view,A6,1
1885,nested_view,A1,1
1885,mutable_view,A1,1
1885,blocking_view,A1,0
1885,nested_view,A2,1
1885,mutable_view,A2,1
1885,blocking_view,A2,0
1885,nested_view,A3,1
1885,mutable_view,A3,1
1885,blocking_view,A3,0
1885,nested_view,A4,1
1885,mutable_view,A4,1
1885,blocking_view,A4,0
1885,nested_view,A5,1
1885,mutable_view,A5,1
1885,blocking_view,A5,0
1885,nested_view,A6,1
1885,mutable_view,A6,1
1885,blocking_view,A6,1
1886,nested_view,A1,1
1886,mutable_view,A1,1
1886,blocking_view,A1,0
1886,nested_view,A2,1
1886,mutable_view,A2,1
1886,blocking_view,A2,0
1886,nested_view,A3,1
1886,mutable_view,A3,1
1886,blocking_view,A3,0
1886,nested_view,A4,1
1886,mutable_view,A4,1
1886,blocking_view,A4,0
1886,nested_view,A5,1
1886,mutable_view,A5,1
1886,blocking_view,A5,0
1886,nested_view,A6,0
1886,mutable_view,A6,1
1886,blocking_view,A6,0
1887,nested_view,A1,1
1887,mutable_view,A1,1
1887,blocking_view,A1,0
1887,nested_view,A2,1
1887,mutable_view,A2,1
1887,blocking_view,A2,0
1887,nested_view,A3,1
1887,mutable_view,A3,1
1887,blocking_view,A3,0
1887,nested_view,A4,1
1887,mutable_view,A4,1
1887,blocking_view,A4,0
1887,nested_view,A5,1
1887,mutable_view,A5,1
1887,blocking_view,A5,0
1887,nested_view,A6,0
1887,mutable_view,A6,0
1887,blocking_view,A6,0
1888,nested_view,A1,0
1888,mutable_view,A1,0
1888,blocking_view,A1,0
1888,nested_view,A2,0
1888,mutable_view,A2,0
1888,blocking_view,A2,0
1888,nested_view,A3,0
1888,mutable_view,A3,0
1888,blocking_view,A3,0
1888,nested_view,A4,0
1888,mutable_view,A4,0
1888,blocking_view,A4,0
1888,nested_view,A5,0
1888,mutable_view,A5,0
1888,blocking_view,A5,1
1888,nested_view,A6,0
1888,mutable_view,A6,0
1888,blocking_view,A6,0
1889,nested_view,A1,1
1889,mutable_view,A1,1
1889,blocking_view,A1,0
1889,nested_view,A2,1
1889,mutable_view,A2,1
1889,blocking_view,A2,0
1889,nested_view,A3,1
1889,mutable_view,A3,1
1889,blocking_view,A3,0
1889,nested_view,A4,0
1889,mutable_view,A4,1
1889,blocking_view,A4,0
1889,nested_view,A5,1
1889,mutable_view,A5,1
1889,blocking_view,A5,0
1889,nested_view,A6,0
1889,mutable_view,A6,0
1889,blocking_view,A6,0
1890,nested_view,A1,0
1890,mutable_view,A1,0
1890,blocking_view,A1,0
1890,nested_view,A2,0
1890,mutable_view,A2,0
1890,blocking_view,A2,0
1890,nested_view,A3,0
1890,mutable_view,A3,0
1890,blocking_view,A3,0
1890,nested_view,A4,0
1890,mutable_view,A4,0
1890,blocking_view,A4,0
1890,nested_view,A5,0
1890,mutable_view,A5,0
1890,blocking_view,A5,0
1890,nested_view,A6,0
1890,mutable_view,A6,0
1890,blocking_view,A6,0
1891,nested_view,A1,0
1891,mutable_view,A1,0
1891,blocking_view,A1,0
1891,nested_view,A2,0
1891,mutable_view,A2,0
1891,blocking_view,A2,0
1891,nested_view,A3,0
1891,mutable_view,A3,0
1891,blocking_view,A3,0
1891,nested_view,A4,0
1891,mutable_view,A4,0
1891,blocking_view,A4,0
1891,nested_view,A5,0
1891,mutable_view,A5,0
1891,blocking_view,A5,0
1891,nested_view,A6,0
1891,mutable_view,A6,0
1891,blocking_view,A6,0
1892,nested_view,A1,1
1892,mutable_view,A1,1
1892,blocking_view,A1,0
1892,nested_view,A2,1
1892,mutable_view,A2,1
1892,blocking_view,A2,0
1892,nested_view,A3,1
1892,mutable_view,A3,1
1892,blocking_view,A3,0
1892,nested_view,A4,1
1892,mutable_view,A4,1
1892,blocking_view,A4,0
1892,nested_view,A5,1
1892,mutable_view,A5,1
1892,blocking_view,A5,0
1892,nested_view,A6,0
1892,mutable_view,A6,1
1892,blocking_view,A6,0
1893,nested_view,A1,1
1893,mutable_view,A1,1
1893,blocking_view,A1,0
1893,nested_view,A2,1
1893,mutable_view,A2,1
1893,blocking_view,A2,0
1893,nested_view,A3,1
1893,mutable_view,A3,1
1893,blocking_view,A3,0
1893,nested_view,A4,1
1893,mutable_view,A4,1
1893,blocking_view,A4,1
1893,nested_view,A5,1
1893,mutable_view,A5,1
1893,blocking_view,A5,0
1893,nested_view,A6,1
1893,mutable_view,A6,1
1893,blocking_view,A6,1
1894,nested_view,A1,1
1894,mutable_view,A1,1
1894,blocking_view,A1,0
1894,nested_view,A2,1
1894,mutable_view,A2,1
1894,blocking_view,A2,0
1894,nested_view,A3,1
1894,mutable_view,A3,1
1894,blocking_view,A3,0
1894,nested_view,A4,1
1894,mutable_view,A4,1
1894,blocking_view,A4,1
1894,nested_view,A5,1
1894,mutable_view,A5,1
1894,blocking_view,A5,0
1894,nested_view,A6,1
1894,mutable_view,A6,1
1894,blocking_view,A6,1
1895,nested_view,A1,1
1895,mutable_view,A1,1
1895,blocking_view,A1,0
1895,nested_view,A2,1
1895,mutable_view,A2,1
1895,blocking_view,A2,0
1895,nested_view,A3,1
1895,mutable_view,A3,1
1895,blocking_view,A3,0
1895,nested_view,A4,1
1895,mutable_view,A4,1
1895,blocking_view,A4,0
1895,nested_view,A5,1
1895,mutable_view,A5,1
1895,blocking_view,A5,0
1895,nested_view,A6,0
1895,mutable_view,A6,1
1895,blocking_view,A6,1
1896,nested_view,A1,0
1896,mutable_view,A1,0
1896,blocking_view,A1,0
1896,nested_view,A2,0
1896,mutable_view,A2,0
1896,blocking_view,A2,0
1896,nested_view,A3,0
1896,mutable_view,A3,0
1896,blocking_view,A3,0
1896,nested_view,A4,0
1896,mutable_view,A4,0
1896,blocking_view,A4,0
1896,nested_view,A5,0
1896,mutable_view,A5,0
1896,blocking_view,A5,0
1896,nested_view,A6,0
1896,mutable_view,A6,0
1896,blocking_view,A6,0
